[2025-06-10 03:09:39] production.ERROR: Class "Laravel\Pail\PailServiceProvider" not found {"exception":"[object] (Error(code: 0): Class \"Laravel\\Pail\\PailServiceProvider\" not found at C:\\Users\\David\\Documents\\GitHub\\Practicas-Tecnica-LancerGroup\\Practicas en PHP\\backend\\vendor\\laravel\\framework\\src\\Illuminate\\Foundation\\Application.php:961)
[stacktrace]
#0 C:\\Users\\David\\Documents\\GitHub\\Practicas-Tecnica-LancerGroup\\Practicas en PHP\\backend\\vendor\\laravel\\framework\\src\\Illuminate\\Foundation\\Application.php(893): Illuminate\\Foundation\\Application->resolveProvider('Laravel\\\\Pail\\\\Pa...')
#1 C:\\Users\\David\\Documents\\GitHub\\Practicas-Tecnica-LancerGroup\\Practicas en PHP\\backend\\vendor\\laravel\\framework\\src\\Illuminate\\Foundation\\ProviderRepository.php(75): Illuminate\\Foundation\\Application->register('Laravel\\\\Pail\\\\Pa...')
#2 C:\\Users\\David\\Documents\\GitHub\\Practicas-Tecnica-LancerGroup\\Practicas en PHP\\backend\\vendor\\laravel\\framework\\src\\Illuminate\\Foundation\\Application.php(871): Illuminate\\Foundation\\ProviderRepository->load(Array)
#3 C:\\Users\\David\\Documents\\GitHub\\Practicas-Tecnica-LancerGroup\\Practicas en PHP\\backend\\vendor\\laravel\\framework\\src\\Illuminate\\Foundation\\Bootstrap\\RegisterProviders.php(37): Illuminate\\Foundation\\Application->registerConfiguredProviders()
#4 C:\\Users\\David\\Documents\\GitHub\\Practicas-Tecnica-LancerGroup\\Practicas en PHP\\backend\\vendor\\laravel\\framework\\src\\Illuminate\\Foundation\\Application.php(342): Illuminate\\Foundation\\Bootstrap\\RegisterProviders->bootstrap(Object(Illuminate\\Foundation\\Application))
#5 C:\\Users\\David\\Documents\\GitHub\\Practicas-Tecnica-LancerGroup\\Practicas en PHP\\backend\\vendor\\laravel\\framework\\src\\Illuminate\\Foundation\\Console\\Kernel.php(474): Illuminate\\Foundation\\Application->bootstrapWith(Array)
#6 C:\\Users\\David\\Documents\\GitHub\\Practicas-Tecnica-LancerGroup\\Practicas en PHP\\backend\\vendor\\laravel\\framework\\src\\Illuminate\\Foundation\\Console\\Kernel.php(196): Illuminate\\Foundation\\Console\\Kernel->bootstrap()
#7 C:\\Users\\David\\Documents\\GitHub\\Practicas-Tecnica-LancerGroup\\Practicas en PHP\\backend\\vendor\\laravel\\framework\\src\\Illuminate\\Foundation\\Application.php(1235): Illuminate\\Foundation\\Console\\Kernel->handle(Object(Symfony\\Component\\Console\\Input\\ArgvInput), Object(Symfony\\Component\\Console\\Output\\ConsoleOutput))
#8 C:\\Users\\David\\Documents\\GitHub\\Practicas-Tecnica-LancerGroup\\Practicas en PHP\\backend\\artisan(34): Illuminate\\Foundation\\Application->handleCommand(Object(Symfony\\Component\\Console\\Input\\ArgvInput))
#9 {main}
"} 
[2025-06-10 03:09:39] production.ERROR: Class "Laravel\Pail\PailServiceProvider" not found {"exception":"[object] (Error(code: 0): Class \"Laravel\\Pail\\PailServiceProvider\" not found at C:\\Users\\David\\Documents\\GitHub\\Practicas-Tecnica-LancerGroup\\Practicas en PHP\\backend\\vendor\\laravel\\framework\\src\\Illuminate\\Foundation\\Application.php:961)
[stacktrace]
#0 C:\\Users\\David\\Documents\\GitHub\\Practicas-Tecnica-LancerGroup\\Practicas en PHP\\backend\\vendor\\laravel\\framework\\src\\Illuminate\\Foundation\\Application.php(893): Illuminate\\Foundation\\Application->resolveProvider('Laravel\\\\Pail\\\\Pa...')
#1 C:\\Users\\David\\Documents\\GitHub\\Practicas-Tecnica-LancerGroup\\Practicas en PHP\\backend\\vendor\\laravel\\framework\\src\\Illuminate\\Foundation\\ProviderRepository.php(75): Illuminate\\Foundation\\Application->register('Laravel\\\\Pail\\\\Pa...')
#2 C:\\Users\\David\\Documents\\GitHub\\Practicas-Tecnica-LancerGroup\\Practicas en PHP\\backend\\vendor\\laravel\\framework\\src\\Illuminate\\Foundation\\Application.php(871): Illuminate\\Foundation\\ProviderRepository->load(Array)
#3 C:\\Users\\David\\Documents\\GitHub\\Practicas-Tecnica-LancerGroup\\Practicas en PHP\\backend\\vendor\\laravel\\framework\\src\\Illuminate\\Foundation\\Bootstrap\\RegisterProviders.php(37): Illuminate\\Foundation\\Application->registerConfiguredProviders()
#4 C:\\Users\\David\\Documents\\GitHub\\Practicas-Tecnica-LancerGroup\\Practicas en PHP\\backend\\vendor\\laravel\\framework\\src\\Illuminate\\Foundation\\Application.php(342): Illuminate\\Foundation\\Bootstrap\\RegisterProviders->bootstrap(Object(Illuminate\\Foundation\\Application))
#5 C:\\Users\\David\\Documents\\GitHub\\Practicas-Tecnica-LancerGroup\\Practicas en PHP\\backend\\vendor\\laravel\\framework\\src\\Illuminate\\Foundation\\Console\\Kernel.php(474): Illuminate\\Foundation\\Application->bootstrapWith(Array)
#6 C:\\Users\\David\\Documents\\GitHub\\Practicas-Tecnica-LancerGroup\\Practicas en PHP\\backend\\vendor\\laravel\\framework\\src\\Illuminate\\Foundation\\Console\\Kernel.php(196): Illuminate\\Foundation\\Console\\Kernel->bootstrap()
#7 C:\\Users\\David\\Documents\\GitHub\\Practicas-Tecnica-LancerGroup\\Practicas en PHP\\backend\\vendor\\laravel\\framework\\src\\Illuminate\\Foundation\\Application.php(1235): Illuminate\\Foundation\\Console\\Kernel->handle(Object(Symfony\\Component\\Console\\Input\\ArgvInput), Object(Symfony\\Component\\Console\\Output\\ConsoleOutput))
#8 C:\\Users\\David\\Documents\\GitHub\\Practicas-Tecnica-LancerGroup\\Practicas en PHP\\backend\\artisan(34): Illuminate\\Foundation\\Application->handleCommand(Object(Symfony\\Component\\Console\\Input\\ArgvInput))
#9 {main}
"} 
[2025-06-10 03:09:41] production.ERROR: Class "Laravel\Pail\PailServiceProvider" not found {"exception":"[object] (Error(code: 0): Class \"Laravel\\Pail\\PailServiceProvider\" not found at C:\\Users\\David\\Documents\\GitHub\\Practicas-Tecnica-LancerGroup\\Practicas en PHP\\backend\\vendor\\laravel\\framework\\src\\Illuminate\\Foundation\\Application.php:961)
[stacktrace]
#0 C:\\Users\\David\\Documents\\GitHub\\Practicas-Tecnica-LancerGroup\\Practicas en PHP\\backend\\vendor\\laravel\\framework\\src\\Illuminate\\Foundation\\Application.php(893): Illuminate\\Foundation\\Application->resolveProvider('Laravel\\\\Pail\\\\Pa...')
#1 C:\\Users\\David\\Documents\\GitHub\\Practicas-Tecnica-LancerGroup\\Practicas en PHP\\backend\\vendor\\laravel\\framework\\src\\Illuminate\\Foundation\\ProviderRepository.php(75): Illuminate\\Foundation\\Application->register('Laravel\\\\Pail\\\\Pa...')
#2 C:\\Users\\David\\Documents\\GitHub\\Practicas-Tecnica-LancerGroup\\Practicas en PHP\\backend\\vendor\\laravel\\framework\\src\\Illuminate\\Foundation\\Application.php(871): Illuminate\\Foundation\\ProviderRepository->load(Array)
#3 C:\\Users\\David\\Documents\\GitHub\\Practicas-Tecnica-LancerGroup\\Practicas en PHP\\backend\\vendor\\laravel\\framework\\src\\Illuminate\\Foundation\\Bootstrap\\RegisterProviders.php(37): Illuminate\\Foundation\\Application->registerConfiguredProviders()
#4 C:\\Users\\David\\Documents\\GitHub\\Practicas-Tecnica-LancerGroup\\Practicas en PHP\\backend\\vendor\\laravel\\framework\\src\\Illuminate\\Foundation\\Application.php(342): Illuminate\\Foundation\\Bootstrap\\RegisterProviders->bootstrap(Object(Illuminate\\Foundation\\Application))
#5 C:\\Users\\David\\Documents\\GitHub\\Practicas-Tecnica-LancerGroup\\Practicas en PHP\\backend\\vendor\\laravel\\framework\\src\\Illuminate\\Foundation\\Console\\Kernel.php(474): Illuminate\\Foundation\\Application->bootstrapWith(Array)
#6 C:\\Users\\David\\Documents\\GitHub\\Practicas-Tecnica-LancerGroup\\Practicas en PHP\\backend\\vendor\\laravel\\framework\\src\\Illuminate\\Foundation\\Console\\Kernel.php(196): Illuminate\\Foundation\\Console\\Kernel->bootstrap()
#7 C:\\Users\\David\\Documents\\GitHub\\Practicas-Tecnica-LancerGroup\\Practicas en PHP\\backend\\vendor\\laravel\\framework\\src\\Illuminate\\Foundation\\Application.php(1235): Illuminate\\Foundation\\Console\\Kernel->handle(Object(Symfony\\Component\\Console\\Input\\ArgvInput), Object(Symfony\\Component\\Console\\Output\\ConsoleOutput))
#8 C:\\Users\\David\\Documents\\GitHub\\Practicas-Tecnica-LancerGroup\\Practicas en PHP\\backend\\artisan(34): Illuminate\\Foundation\\Application->handleCommand(Object(Symfony\\Component\\Console\\Input\\ArgvInput))
#9 {main}
"} 
[2025-06-10 03:13:58] production.ERROR: Class "Laravel\Pail\PailServiceProvider" not found {"exception":"[object] (Error(code: 0): Class \"Laravel\\Pail\\PailServiceProvider\" not found at C:\\Users\\David\\Documents\\GitHub\\Practicas-Tecnica-LancerGroup\\Practicas en PHP\\backend\\vendor\\laravel\\framework\\src\\Illuminate\\Foundation\\Application.php:961)
[stacktrace]
#0 C:\\Users\\David\\Documents\\GitHub\\Practicas-Tecnica-LancerGroup\\Practicas en PHP\\backend\\vendor\\laravel\\framework\\src\\Illuminate\\Foundation\\Application.php(893): Illuminate\\Foundation\\Application->resolveProvider('Laravel\\\\Pail\\\\Pa...')
#1 C:\\Users\\David\\Documents\\GitHub\\Practicas-Tecnica-LancerGroup\\Practicas en PHP\\backend\\vendor\\laravel\\framework\\src\\Illuminate\\Foundation\\ProviderRepository.php(75): Illuminate\\Foundation\\Application->register('Laravel\\\\Pail\\\\Pa...')
#2 C:\\Users\\David\\Documents\\GitHub\\Practicas-Tecnica-LancerGroup\\Practicas en PHP\\backend\\vendor\\laravel\\framework\\src\\Illuminate\\Foundation\\Application.php(871): Illuminate\\Foundation\\ProviderRepository->load(Array)
#3 C:\\Users\\David\\Documents\\GitHub\\Practicas-Tecnica-LancerGroup\\Practicas en PHP\\backend\\vendor\\laravel\\framework\\src\\Illuminate\\Foundation\\Bootstrap\\RegisterProviders.php(37): Illuminate\\Foundation\\Application->registerConfiguredProviders()
#4 C:\\Users\\David\\Documents\\GitHub\\Practicas-Tecnica-LancerGroup\\Practicas en PHP\\backend\\vendor\\laravel\\framework\\src\\Illuminate\\Foundation\\Application.php(342): Illuminate\\Foundation\\Bootstrap\\RegisterProviders->bootstrap(Object(Illuminate\\Foundation\\Application))
#5 C:\\Users\\David\\Documents\\GitHub\\Practicas-Tecnica-LancerGroup\\Practicas en PHP\\backend\\vendor\\laravel\\framework\\src\\Illuminate\\Foundation\\Console\\Kernel.php(474): Illuminate\\Foundation\\Application->bootstrapWith(Array)
#6 C:\\Users\\David\\Documents\\GitHub\\Practicas-Tecnica-LancerGroup\\Practicas en PHP\\backend\\vendor\\laravel\\framework\\src\\Illuminate\\Foundation\\Console\\Kernel.php(196): Illuminate\\Foundation\\Console\\Kernel->bootstrap()
#7 C:\\Users\\David\\Documents\\GitHub\\Practicas-Tecnica-LancerGroup\\Practicas en PHP\\backend\\vendor\\laravel\\framework\\src\\Illuminate\\Foundation\\Application.php(1235): Illuminate\\Foundation\\Console\\Kernel->handle(Object(Symfony\\Component\\Console\\Input\\ArgvInput), Object(Symfony\\Component\\Console\\Output\\ConsoleOutput))
#8 C:\\Users\\David\\Documents\\GitHub\\Practicas-Tecnica-LancerGroup\\Practicas en PHP\\backend\\artisan(34): Illuminate\\Foundation\\Application->handleCommand(Object(Symfony\\Component\\Console\\Input\\ArgvInput))
#9 {main}
"} 
[2025-06-10 03:13:58] production.ERROR: Class "Laravel\Pail\PailServiceProvider" not found {"exception":"[object] (Error(code: 0): Class \"Laravel\\Pail\\PailServiceProvider\" not found at C:\\Users\\David\\Documents\\GitHub\\Practicas-Tecnica-LancerGroup\\Practicas en PHP\\backend\\vendor\\laravel\\framework\\src\\Illuminate\\Foundation\\Application.php:961)
[stacktrace]
#0 C:\\Users\\David\\Documents\\GitHub\\Practicas-Tecnica-LancerGroup\\Practicas en PHP\\backend\\vendor\\laravel\\framework\\src\\Illuminate\\Foundation\\Application.php(893): Illuminate\\Foundation\\Application->resolveProvider('Laravel\\\\Pail\\\\Pa...')
#1 C:\\Users\\David\\Documents\\GitHub\\Practicas-Tecnica-LancerGroup\\Practicas en PHP\\backend\\vendor\\laravel\\framework\\src\\Illuminate\\Foundation\\ProviderRepository.php(75): Illuminate\\Foundation\\Application->register('Laravel\\\\Pail\\\\Pa...')
#2 C:\\Users\\David\\Documents\\GitHub\\Practicas-Tecnica-LancerGroup\\Practicas en PHP\\backend\\vendor\\laravel\\framework\\src\\Illuminate\\Foundation\\Application.php(871): Illuminate\\Foundation\\ProviderRepository->load(Array)
#3 C:\\Users\\David\\Documents\\GitHub\\Practicas-Tecnica-LancerGroup\\Practicas en PHP\\backend\\vendor\\laravel\\framework\\src\\Illuminate\\Foundation\\Bootstrap\\RegisterProviders.php(37): Illuminate\\Foundation\\Application->registerConfiguredProviders()
#4 C:\\Users\\David\\Documents\\GitHub\\Practicas-Tecnica-LancerGroup\\Practicas en PHP\\backend\\vendor\\laravel\\framework\\src\\Illuminate\\Foundation\\Application.php(342): Illuminate\\Foundation\\Bootstrap\\RegisterProviders->bootstrap(Object(Illuminate\\Foundation\\Application))
#5 C:\\Users\\David\\Documents\\GitHub\\Practicas-Tecnica-LancerGroup\\Practicas en PHP\\backend\\vendor\\laravel\\framework\\src\\Illuminate\\Foundation\\Console\\Kernel.php(474): Illuminate\\Foundation\\Application->bootstrapWith(Array)
#6 C:\\Users\\David\\Documents\\GitHub\\Practicas-Tecnica-LancerGroup\\Practicas en PHP\\backend\\vendor\\laravel\\framework\\src\\Illuminate\\Foundation\\Console\\Kernel.php(196): Illuminate\\Foundation\\Console\\Kernel->bootstrap()
#7 C:\\Users\\David\\Documents\\GitHub\\Practicas-Tecnica-LancerGroup\\Practicas en PHP\\backend\\vendor\\laravel\\framework\\src\\Illuminate\\Foundation\\Application.php(1235): Illuminate\\Foundation\\Console\\Kernel->handle(Object(Symfony\\Component\\Console\\Input\\ArgvInput), Object(Symfony\\Component\\Console\\Output\\ConsoleOutput))
#8 C:\\Users\\David\\Documents\\GitHub\\Practicas-Tecnica-LancerGroup\\Practicas en PHP\\backend\\artisan(34): Illuminate\\Foundation\\Application->handleCommand(Object(Symfony\\Component\\Console\\Input\\ArgvInput))
#9 {main}
"} 
[2025-06-10 03:13:59] production.ERROR: Class "Laravel\Pail\PailServiceProvider" not found {"exception":"[object] (Error(code: 0): Class \"Laravel\\Pail\\PailServiceProvider\" not found at C:\\Users\\David\\Documents\\GitHub\\Practicas-Tecnica-LancerGroup\\Practicas en PHP\\backend\\vendor\\laravel\\framework\\src\\Illuminate\\Foundation\\Application.php:961)
[stacktrace]
#0 C:\\Users\\David\\Documents\\GitHub\\Practicas-Tecnica-LancerGroup\\Practicas en PHP\\backend\\vendor\\laravel\\framework\\src\\Illuminate\\Foundation\\Application.php(893): Illuminate\\Foundation\\Application->resolveProvider('Laravel\\\\Pail\\\\Pa...')
#1 C:\\Users\\David\\Documents\\GitHub\\Practicas-Tecnica-LancerGroup\\Practicas en PHP\\backend\\vendor\\laravel\\framework\\src\\Illuminate\\Foundation\\ProviderRepository.php(75): Illuminate\\Foundation\\Application->register('Laravel\\\\Pail\\\\Pa...')
#2 C:\\Users\\David\\Documents\\GitHub\\Practicas-Tecnica-LancerGroup\\Practicas en PHP\\backend\\vendor\\laravel\\framework\\src\\Illuminate\\Foundation\\Application.php(871): Illuminate\\Foundation\\ProviderRepository->load(Array)
#3 C:\\Users\\David\\Documents\\GitHub\\Practicas-Tecnica-LancerGroup\\Practicas en PHP\\backend\\vendor\\laravel\\framework\\src\\Illuminate\\Foundation\\Bootstrap\\RegisterProviders.php(37): Illuminate\\Foundation\\Application->registerConfiguredProviders()
#4 C:\\Users\\David\\Documents\\GitHub\\Practicas-Tecnica-LancerGroup\\Practicas en PHP\\backend\\vendor\\laravel\\framework\\src\\Illuminate\\Foundation\\Application.php(342): Illuminate\\Foundation\\Bootstrap\\RegisterProviders->bootstrap(Object(Illuminate\\Foundation\\Application))
#5 C:\\Users\\David\\Documents\\GitHub\\Practicas-Tecnica-LancerGroup\\Practicas en PHP\\backend\\vendor\\laravel\\framework\\src\\Illuminate\\Foundation\\Console\\Kernel.php(474): Illuminate\\Foundation\\Application->bootstrapWith(Array)
#6 C:\\Users\\David\\Documents\\GitHub\\Practicas-Tecnica-LancerGroup\\Practicas en PHP\\backend\\vendor\\laravel\\framework\\src\\Illuminate\\Foundation\\Console\\Kernel.php(196): Illuminate\\Foundation\\Console\\Kernel->bootstrap()
#7 C:\\Users\\David\\Documents\\GitHub\\Practicas-Tecnica-LancerGroup\\Practicas en PHP\\backend\\vendor\\laravel\\framework\\src\\Illuminate\\Foundation\\Application.php(1235): Illuminate\\Foundation\\Console\\Kernel->handle(Object(Symfony\\Component\\Console\\Input\\ArgvInput), Object(Symfony\\Component\\Console\\Output\\ConsoleOutput))
#8 C:\\Users\\David\\Documents\\GitHub\\Practicas-Tecnica-LancerGroup\\Practicas en PHP\\backend\\artisan(34): Illuminate\\Foundation\\Application->handleCommand(Object(Symfony\\Component\\Console\\Input\\ArgvInput))
#9 {main}
"} 
[2025-06-10 03:14:36] production.ERROR: require(C:\Users\David\Documents\GitHub\Practicas-Tecnica-LancerGroup\Practicas en PHP\backend\bootstrap/../routes/web.php): Failed to open stream: No such file or directory {"exception":"[object] (ErrorException(code: 0): require(C:\\Users\\David\\Documents\\GitHub\\Practicas-Tecnica-LancerGroup\\Practicas en PHP\\backend\\bootstrap/../routes/web.php): Failed to open stream: No such file or directory at C:\\Users\\David\\Documents\\GitHub\\Practicas-Tecnica-LancerGroup\\Practicas en PHP\\backend\\vendor\\laravel\\framework\\src\\Illuminate\\Routing\\RouteFileRegistrar.php:35)
[stacktrace]
#0 C:\\Users\\David\\Documents\\GitHub\\Practicas-Tecnica-LancerGroup\\Practicas en PHP\\backend\\vendor\\laravel\\framework\\src\\Illuminate\\Foundation\\Bootstrap\\HandleExceptions.php(256): Illuminate\\Foundation\\Bootstrap\\HandleExceptions->handleError(2, 'require(C:\\\\User...', 'C:\\\\Users\\\\David\\\\...', 35)
#1 C:\\Users\\David\\Documents\\GitHub\\Practicas-Tecnica-LancerGroup\\Practicas en PHP\\backend\\vendor\\laravel\\framework\\src\\Illuminate\\Routing\\RouteFileRegistrar.php(35): Illuminate\\Foundation\\Bootstrap\\HandleExceptions->Illuminate\\Foundation\\Bootstrap\\{closure}(2, 'require(C:\\\\User...', 'C:\\\\Users\\\\David\\\\...', 35)
#2 C:\\Users\\David\\Documents\\GitHub\\Practicas-Tecnica-LancerGroup\\Practicas en PHP\\backend\\vendor\\laravel\\framework\\src\\Illuminate\\Routing\\RouteFileRegistrar.php(35): require('C:\\\\Users\\\\David\\\\...')
#3 C:\\Users\\David\\Documents\\GitHub\\Practicas-Tecnica-LancerGroup\\Practicas en PHP\\backend\\vendor\\laravel\\framework\\src\\Illuminate\\Routing\\Router.php(513): Illuminate\\Routing\\RouteFileRegistrar->register('C:\\\\Users\\\\David\\\\...')
#4 C:\\Users\\David\\Documents\\GitHub\\Practicas-Tecnica-LancerGroup\\Practicas en PHP\\backend\\vendor\\laravel\\framework\\src\\Illuminate\\Routing\\Router.php(467): Illuminate\\Routing\\Router->loadRoutes('C:\\\\Users\\\\David\\\\...')
#5 C:\\Users\\David\\Documents\\GitHub\\Practicas-Tecnica-LancerGroup\\Practicas en PHP\\backend\\vendor\\laravel\\framework\\src\\Illuminate\\Routing\\RouteRegistrar.php(207): Illuminate\\Routing\\Router->group(Array, 'C:\\\\Users\\\\David\\\\...')
#6 C:\\Users\\David\\Documents\\GitHub\\Practicas-Tecnica-LancerGroup\\Practicas en PHP\\backend\\vendor\\laravel\\framework\\src\\Illuminate\\Foundation\\Configuration\\ApplicationBuilder.php(248): Illuminate\\Routing\\RouteRegistrar->group('C:\\\\Users\\\\David\\\\...')
#7 C:\\Users\\David\\Documents\\GitHub\\Practicas-Tecnica-LancerGroup\\Practicas en PHP\\backend\\vendor\\laravel\\framework\\src\\Illuminate\\Container\\BoundMethod.php(36): Illuminate\\Foundation\\Configuration\\ApplicationBuilder->Illuminate\\Foundation\\Configuration\\{closure}()
#8 C:\\Users\\David\\Documents\\GitHub\\Practicas-Tecnica-LancerGroup\\Practicas en PHP\\backend\\vendor\\laravel\\framework\\src\\Illuminate\\Container\\Util.php(43): Illuminate\\Container\\BoundMethod::Illuminate\\Container\\{closure}()
#9 C:\\Users\\David\\Documents\\GitHub\\Practicas-Tecnica-LancerGroup\\Practicas en PHP\\backend\\vendor\\laravel\\framework\\src\\Illuminate\\Container\\BoundMethod.php(83): Illuminate\\Container\\Util::unwrapIfClosure(Object(Closure))
#10 C:\\Users\\David\\Documents\\GitHub\\Practicas-Tecnica-LancerGroup\\Practicas en PHP\\backend\\vendor\\laravel\\framework\\src\\Illuminate\\Container\\BoundMethod.php(35): Illuminate\\Container\\BoundMethod::callBoundMethod(Object(Illuminate\\Foundation\\Application), Object(Closure), Object(Closure))
#11 C:\\Users\\David\\Documents\\GitHub\\Practicas-Tecnica-LancerGroup\\Practicas en PHP\\backend\\vendor\\laravel\\framework\\src\\Illuminate\\Container\\Container.php(696): Illuminate\\Container\\BoundMethod::call(Object(Illuminate\\Foundation\\Application), Object(Closure), Array, NULL)
#12 C:\\Users\\David\\Documents\\GitHub\\Practicas-Tecnica-LancerGroup\\Practicas en PHP\\backend\\vendor\\laravel\\framework\\src\\Illuminate\\Foundation\\Support\\Providers\\RouteServiceProvider.php(162): Illuminate\\Container\\Container->call(Object(Closure))
#13 C:\\Users\\David\\Documents\\GitHub\\Practicas-Tecnica-LancerGroup\\Practicas en PHP\\backend\\vendor\\laravel\\framework\\src\\Illuminate\\Foundation\\Support\\Providers\\RouteServiceProvider.php(59): Illuminate\\Foundation\\Support\\Providers\\RouteServiceProvider->loadRoutes()
#14 C:\\Users\\David\\Documents\\GitHub\\Practicas-Tecnica-LancerGroup\\Practicas en PHP\\backend\\vendor\\laravel\\framework\\src\\Illuminate\\Container\\BoundMethod.php(36): Illuminate\\Foundation\\Support\\Providers\\RouteServiceProvider->Illuminate\\Foundation\\Support\\Providers\\{closure}()
#15 C:\\Users\\David\\Documents\\GitHub\\Practicas-Tecnica-LancerGroup\\Practicas en PHP\\backend\\vendor\\laravel\\framework\\src\\Illuminate\\Container\\Util.php(43): Illuminate\\Container\\BoundMethod::Illuminate\\Container\\{closure}()
#16 C:\\Users\\David\\Documents\\GitHub\\Practicas-Tecnica-LancerGroup\\Practicas en PHP\\backend\\vendor\\laravel\\framework\\src\\Illuminate\\Container\\BoundMethod.php(83): Illuminate\\Container\\Util::unwrapIfClosure(Object(Closure))
#17 C:\\Users\\David\\Documents\\GitHub\\Practicas-Tecnica-LancerGroup\\Practicas en PHP\\backend\\vendor\\laravel\\framework\\src\\Illuminate\\Container\\BoundMethod.php(35): Illuminate\\Container\\BoundMethod::callBoundMethod(Object(Illuminate\\Foundation\\Application), Object(Closure), Object(Closure))
#18 C:\\Users\\David\\Documents\\GitHub\\Practicas-Tecnica-LancerGroup\\Practicas en PHP\\backend\\vendor\\laravel\\framework\\src\\Illuminate\\Container\\Container.php(696): Illuminate\\Container\\BoundMethod::call(Object(Illuminate\\Foundation\\Application), Object(Closure), Array, NULL)
#19 C:\\Users\\David\\Documents\\GitHub\\Practicas-Tecnica-LancerGroup\\Practicas en PHP\\backend\\vendor\\laravel\\framework\\src\\Illuminate\\Support\\ServiceProvider.php(144): Illuminate\\Container\\Container->call(Object(Closure))
#20 C:\\Users\\David\\Documents\\GitHub\\Practicas-Tecnica-LancerGroup\\Practicas en PHP\\backend\\vendor\\laravel\\framework\\src\\Illuminate\\Foundation\\Application.php(1154): Illuminate\\Support\\ServiceProvider->callBootedCallbacks()
#21 C:\\Users\\David\\Documents\\GitHub\\Practicas-Tecnica-LancerGroup\\Practicas en PHP\\backend\\vendor\\laravel\\framework\\src\\Illuminate\\Foundation\\Application.php(1132): Illuminate\\Foundation\\Application->bootProvider(Object(Illuminate\\Foundation\\Support\\Providers\\RouteServiceProvider))
#22 [internal function]: Illuminate\\Foundation\\Application->Illuminate\\Foundation\\{closure}(Object(Illuminate\\Foundation\\Support\\Providers\\RouteServiceProvider), 'Illuminate\\\\Foun...')
#23 C:\\Users\\David\\Documents\\GitHub\\Practicas-Tecnica-LancerGroup\\Practicas en PHP\\backend\\vendor\\laravel\\framework\\src\\Illuminate\\Foundation\\Application.php(1131): array_walk(Array, Object(Closure))
#24 C:\\Users\\David\\Documents\\GitHub\\Practicas-Tecnica-LancerGroup\\Practicas en PHP\\backend\\vendor\\laravel\\framework\\src\\Illuminate\\Foundation\\Bootstrap\\BootProviders.php(17): Illuminate\\Foundation\\Application->boot()
#25 C:\\Users\\David\\Documents\\GitHub\\Practicas-Tecnica-LancerGroup\\Practicas en PHP\\backend\\vendor\\laravel\\framework\\src\\Illuminate\\Foundation\\Application.php(342): Illuminate\\Foundation\\Bootstrap\\BootProviders->bootstrap(Object(Illuminate\\Foundation\\Application))
#26 C:\\Users\\David\\Documents\\GitHub\\Practicas-Tecnica-LancerGroup\\Practicas en PHP\\backend\\vendor\\laravel\\framework\\src\\Illuminate\\Foundation\\Console\\Kernel.php(474): Illuminate\\Foundation\\Application->bootstrapWith(Array)
#27 C:\\Users\\David\\Documents\\GitHub\\Practicas-Tecnica-LancerGroup\\Practicas en PHP\\backend\\vendor\\laravel\\framework\\src\\Illuminate\\Foundation\\Console\\Kernel.php(196): Illuminate\\Foundation\\Console\\Kernel->bootstrap()
#28 C:\\Users\\David\\Documents\\GitHub\\Practicas-Tecnica-LancerGroup\\Practicas en PHP\\backend\\vendor\\laravel\\framework\\src\\Illuminate\\Foundation\\Application.php(1235): Illuminate\\Foundation\\Console\\Kernel->handle(Object(Symfony\\Component\\Console\\Input\\ArgvInput), Object(Symfony\\Component\\Console\\Output\\ConsoleOutput))
#29 C:\\Users\\David\\Documents\\GitHub\\Practicas-Tecnica-LancerGroup\\Practicas en PHP\\backend\\artisan(34): Illuminate\\Foundation\\Application->handleCommand(Object(Symfony\\Component\\Console\\Input\\ArgvInput))
#30 {main}
"} 
[2025-06-10 03:14:37] production.ERROR: require(C:\Users\David\Documents\GitHub\Practicas-Tecnica-LancerGroup\Practicas en PHP\backend\bootstrap/../routes/web.php): Failed to open stream: No such file or directory {"exception":"[object] (ErrorException(code: 0): require(C:\\Users\\David\\Documents\\GitHub\\Practicas-Tecnica-LancerGroup\\Practicas en PHP\\backend\\bootstrap/../routes/web.php): Failed to open stream: No such file or directory at C:\\Users\\David\\Documents\\GitHub\\Practicas-Tecnica-LancerGroup\\Practicas en PHP\\backend\\vendor\\laravel\\framework\\src\\Illuminate\\Routing\\RouteFileRegistrar.php:35)
[stacktrace]
#0 C:\\Users\\David\\Documents\\GitHub\\Practicas-Tecnica-LancerGroup\\Practicas en PHP\\backend\\vendor\\laravel\\framework\\src\\Illuminate\\Foundation\\Bootstrap\\HandleExceptions.php(256): Illuminate\\Foundation\\Bootstrap\\HandleExceptions->handleError(2, 'require(C:\\\\User...', 'C:\\\\Users\\\\David\\\\...', 35)
#1 C:\\Users\\David\\Documents\\GitHub\\Practicas-Tecnica-LancerGroup\\Practicas en PHP\\backend\\vendor\\laravel\\framework\\src\\Illuminate\\Routing\\RouteFileRegistrar.php(35): Illuminate\\Foundation\\Bootstrap\\HandleExceptions->Illuminate\\Foundation\\Bootstrap\\{closure}(2, 'require(C:\\\\User...', 'C:\\\\Users\\\\David\\\\...', 35)
#2 C:\\Users\\David\\Documents\\GitHub\\Practicas-Tecnica-LancerGroup\\Practicas en PHP\\backend\\vendor\\laravel\\framework\\src\\Illuminate\\Routing\\RouteFileRegistrar.php(35): require('C:\\\\Users\\\\David\\\\...')
#3 C:\\Users\\David\\Documents\\GitHub\\Practicas-Tecnica-LancerGroup\\Practicas en PHP\\backend\\vendor\\laravel\\framework\\src\\Illuminate\\Routing\\Router.php(513): Illuminate\\Routing\\RouteFileRegistrar->register('C:\\\\Users\\\\David\\\\...')
#4 C:\\Users\\David\\Documents\\GitHub\\Practicas-Tecnica-LancerGroup\\Practicas en PHP\\backend\\vendor\\laravel\\framework\\src\\Illuminate\\Routing\\Router.php(467): Illuminate\\Routing\\Router->loadRoutes('C:\\\\Users\\\\David\\\\...')
#5 C:\\Users\\David\\Documents\\GitHub\\Practicas-Tecnica-LancerGroup\\Practicas en PHP\\backend\\vendor\\laravel\\framework\\src\\Illuminate\\Routing\\RouteRegistrar.php(207): Illuminate\\Routing\\Router->group(Array, 'C:\\\\Users\\\\David\\\\...')
#6 C:\\Users\\David\\Documents\\GitHub\\Practicas-Tecnica-LancerGroup\\Practicas en PHP\\backend\\vendor\\laravel\\framework\\src\\Illuminate\\Foundation\\Configuration\\ApplicationBuilder.php(248): Illuminate\\Routing\\RouteRegistrar->group('C:\\\\Users\\\\David\\\\...')
#7 C:\\Users\\David\\Documents\\GitHub\\Practicas-Tecnica-LancerGroup\\Practicas en PHP\\backend\\vendor\\laravel\\framework\\src\\Illuminate\\Container\\BoundMethod.php(36): Illuminate\\Foundation\\Configuration\\ApplicationBuilder->Illuminate\\Foundation\\Configuration\\{closure}()
#8 C:\\Users\\David\\Documents\\GitHub\\Practicas-Tecnica-LancerGroup\\Practicas en PHP\\backend\\vendor\\laravel\\framework\\src\\Illuminate\\Container\\Util.php(43): Illuminate\\Container\\BoundMethod::Illuminate\\Container\\{closure}()
#9 C:\\Users\\David\\Documents\\GitHub\\Practicas-Tecnica-LancerGroup\\Practicas en PHP\\backend\\vendor\\laravel\\framework\\src\\Illuminate\\Container\\BoundMethod.php(83): Illuminate\\Container\\Util::unwrapIfClosure(Object(Closure))
#10 C:\\Users\\David\\Documents\\GitHub\\Practicas-Tecnica-LancerGroup\\Practicas en PHP\\backend\\vendor\\laravel\\framework\\src\\Illuminate\\Container\\BoundMethod.php(35): Illuminate\\Container\\BoundMethod::callBoundMethod(Object(Illuminate\\Foundation\\Application), Object(Closure), Object(Closure))
#11 C:\\Users\\David\\Documents\\GitHub\\Practicas-Tecnica-LancerGroup\\Practicas en PHP\\backend\\vendor\\laravel\\framework\\src\\Illuminate\\Container\\Container.php(696): Illuminate\\Container\\BoundMethod::call(Object(Illuminate\\Foundation\\Application), Object(Closure), Array, NULL)
#12 C:\\Users\\David\\Documents\\GitHub\\Practicas-Tecnica-LancerGroup\\Practicas en PHP\\backend\\vendor\\laravel\\framework\\src\\Illuminate\\Foundation\\Support\\Providers\\RouteServiceProvider.php(162): Illuminate\\Container\\Container->call(Object(Closure))
#13 C:\\Users\\David\\Documents\\GitHub\\Practicas-Tecnica-LancerGroup\\Practicas en PHP\\backend\\vendor\\laravel\\framework\\src\\Illuminate\\Foundation\\Support\\Providers\\RouteServiceProvider.php(59): Illuminate\\Foundation\\Support\\Providers\\RouteServiceProvider->loadRoutes()
#14 C:\\Users\\David\\Documents\\GitHub\\Practicas-Tecnica-LancerGroup\\Practicas en PHP\\backend\\vendor\\laravel\\framework\\src\\Illuminate\\Container\\BoundMethod.php(36): Illuminate\\Foundation\\Support\\Providers\\RouteServiceProvider->Illuminate\\Foundation\\Support\\Providers\\{closure}()
#15 C:\\Users\\David\\Documents\\GitHub\\Practicas-Tecnica-LancerGroup\\Practicas en PHP\\backend\\vendor\\laravel\\framework\\src\\Illuminate\\Container\\Util.php(43): Illuminate\\Container\\BoundMethod::Illuminate\\Container\\{closure}()
#16 C:\\Users\\David\\Documents\\GitHub\\Practicas-Tecnica-LancerGroup\\Practicas en PHP\\backend\\vendor\\laravel\\framework\\src\\Illuminate\\Container\\BoundMethod.php(83): Illuminate\\Container\\Util::unwrapIfClosure(Object(Closure))
#17 C:\\Users\\David\\Documents\\GitHub\\Practicas-Tecnica-LancerGroup\\Practicas en PHP\\backend\\vendor\\laravel\\framework\\src\\Illuminate\\Container\\BoundMethod.php(35): Illuminate\\Container\\BoundMethod::callBoundMethod(Object(Illuminate\\Foundation\\Application), Object(Closure), Object(Closure))
#18 C:\\Users\\David\\Documents\\GitHub\\Practicas-Tecnica-LancerGroup\\Practicas en PHP\\backend\\vendor\\laravel\\framework\\src\\Illuminate\\Container\\Container.php(696): Illuminate\\Container\\BoundMethod::call(Object(Illuminate\\Foundation\\Application), Object(Closure), Array, NULL)
#19 C:\\Users\\David\\Documents\\GitHub\\Practicas-Tecnica-LancerGroup\\Practicas en PHP\\backend\\vendor\\laravel\\framework\\src\\Illuminate\\Support\\ServiceProvider.php(144): Illuminate\\Container\\Container->call(Object(Closure))
#20 C:\\Users\\David\\Documents\\GitHub\\Practicas-Tecnica-LancerGroup\\Practicas en PHP\\backend\\vendor\\laravel\\framework\\src\\Illuminate\\Foundation\\Application.php(1154): Illuminate\\Support\\ServiceProvider->callBootedCallbacks()
#21 C:\\Users\\David\\Documents\\GitHub\\Practicas-Tecnica-LancerGroup\\Practicas en PHP\\backend\\vendor\\laravel\\framework\\src\\Illuminate\\Foundation\\Application.php(1132): Illuminate\\Foundation\\Application->bootProvider(Object(Illuminate\\Foundation\\Support\\Providers\\RouteServiceProvider))
#22 [internal function]: Illuminate\\Foundation\\Application->Illuminate\\Foundation\\{closure}(Object(Illuminate\\Foundation\\Support\\Providers\\RouteServiceProvider), 'Illuminate\\\\Foun...')
#23 C:\\Users\\David\\Documents\\GitHub\\Practicas-Tecnica-LancerGroup\\Practicas en PHP\\backend\\vendor\\laravel\\framework\\src\\Illuminate\\Foundation\\Application.php(1131): array_walk(Array, Object(Closure))
#24 C:\\Users\\David\\Documents\\GitHub\\Practicas-Tecnica-LancerGroup\\Practicas en PHP\\backend\\vendor\\laravel\\framework\\src\\Illuminate\\Foundation\\Bootstrap\\BootProviders.php(17): Illuminate\\Foundation\\Application->boot()
#25 C:\\Users\\David\\Documents\\GitHub\\Practicas-Tecnica-LancerGroup\\Practicas en PHP\\backend\\vendor\\laravel\\framework\\src\\Illuminate\\Foundation\\Application.php(342): Illuminate\\Foundation\\Bootstrap\\BootProviders->bootstrap(Object(Illuminate\\Foundation\\Application))
#26 C:\\Users\\David\\Documents\\GitHub\\Practicas-Tecnica-LancerGroup\\Practicas en PHP\\backend\\vendor\\laravel\\framework\\src\\Illuminate\\Foundation\\Console\\Kernel.php(474): Illuminate\\Foundation\\Application->bootstrapWith(Array)
#27 C:\\Users\\David\\Documents\\GitHub\\Practicas-Tecnica-LancerGroup\\Practicas en PHP\\backend\\vendor\\laravel\\framework\\src\\Illuminate\\Foundation\\Console\\Kernel.php(196): Illuminate\\Foundation\\Console\\Kernel->bootstrap()
#28 C:\\Users\\David\\Documents\\GitHub\\Practicas-Tecnica-LancerGroup\\Practicas en PHP\\backend\\vendor\\laravel\\framework\\src\\Illuminate\\Foundation\\Application.php(1235): Illuminate\\Foundation\\Console\\Kernel->handle(Object(Symfony\\Component\\Console\\Input\\ArgvInput), Object(Symfony\\Component\\Console\\Output\\ConsoleOutput))
#29 C:\\Users\\David\\Documents\\GitHub\\Practicas-Tecnica-LancerGroup\\Practicas en PHP\\backend\\artisan(34): Illuminate\\Foundation\\Application->handleCommand(Object(Symfony\\Component\\Console\\Input\\ArgvInput))
#30 {main}
"} 
[2025-06-10 03:14:40] production.ERROR: require(C:\Users\David\Documents\GitHub\Practicas-Tecnica-LancerGroup\Practicas en PHP\backend\bootstrap/../routes/web.php): Failed to open stream: No such file or directory {"exception":"[object] (ErrorException(code: 0): require(C:\\Users\\David\\Documents\\GitHub\\Practicas-Tecnica-LancerGroup\\Practicas en PHP\\backend\\bootstrap/../routes/web.php): Failed to open stream: No such file or directory at C:\\Users\\David\\Documents\\GitHub\\Practicas-Tecnica-LancerGroup\\Practicas en PHP\\backend\\vendor\\laravel\\framework\\src\\Illuminate\\Routing\\RouteFileRegistrar.php:35)
[stacktrace]
#0 C:\\Users\\David\\Documents\\GitHub\\Practicas-Tecnica-LancerGroup\\Practicas en PHP\\backend\\vendor\\laravel\\framework\\src\\Illuminate\\Foundation\\Bootstrap\\HandleExceptions.php(256): Illuminate\\Foundation\\Bootstrap\\HandleExceptions->handleError(2, 'require(C:\\\\User...', 'C:\\\\Users\\\\David\\\\...', 35)
#1 C:\\Users\\David\\Documents\\GitHub\\Practicas-Tecnica-LancerGroup\\Practicas en PHP\\backend\\vendor\\laravel\\framework\\src\\Illuminate\\Routing\\RouteFileRegistrar.php(35): Illuminate\\Foundation\\Bootstrap\\HandleExceptions->Illuminate\\Foundation\\Bootstrap\\{closure}(2, 'require(C:\\\\User...', 'C:\\\\Users\\\\David\\\\...', 35)
#2 C:\\Users\\David\\Documents\\GitHub\\Practicas-Tecnica-LancerGroup\\Practicas en PHP\\backend\\vendor\\laravel\\framework\\src\\Illuminate\\Routing\\RouteFileRegistrar.php(35): require('C:\\\\Users\\\\David\\\\...')
#3 C:\\Users\\David\\Documents\\GitHub\\Practicas-Tecnica-LancerGroup\\Practicas en PHP\\backend\\vendor\\laravel\\framework\\src\\Illuminate\\Routing\\Router.php(513): Illuminate\\Routing\\RouteFileRegistrar->register('C:\\\\Users\\\\David\\\\...')
#4 C:\\Users\\David\\Documents\\GitHub\\Practicas-Tecnica-LancerGroup\\Practicas en PHP\\backend\\vendor\\laravel\\framework\\src\\Illuminate\\Routing\\Router.php(467): Illuminate\\Routing\\Router->loadRoutes('C:\\\\Users\\\\David\\\\...')
#5 C:\\Users\\David\\Documents\\GitHub\\Practicas-Tecnica-LancerGroup\\Practicas en PHP\\backend\\vendor\\laravel\\framework\\src\\Illuminate\\Routing\\RouteRegistrar.php(207): Illuminate\\Routing\\Router->group(Array, 'C:\\\\Users\\\\David\\\\...')
#6 C:\\Users\\David\\Documents\\GitHub\\Practicas-Tecnica-LancerGroup\\Practicas en PHP\\backend\\vendor\\laravel\\framework\\src\\Illuminate\\Foundation\\Configuration\\ApplicationBuilder.php(248): Illuminate\\Routing\\RouteRegistrar->group('C:\\\\Users\\\\David\\\\...')
#7 C:\\Users\\David\\Documents\\GitHub\\Practicas-Tecnica-LancerGroup\\Practicas en PHP\\backend\\vendor\\laravel\\framework\\src\\Illuminate\\Container\\BoundMethod.php(36): Illuminate\\Foundation\\Configuration\\ApplicationBuilder->Illuminate\\Foundation\\Configuration\\{closure}()
#8 C:\\Users\\David\\Documents\\GitHub\\Practicas-Tecnica-LancerGroup\\Practicas en PHP\\backend\\vendor\\laravel\\framework\\src\\Illuminate\\Container\\Util.php(43): Illuminate\\Container\\BoundMethod::Illuminate\\Container\\{closure}()
#9 C:\\Users\\David\\Documents\\GitHub\\Practicas-Tecnica-LancerGroup\\Practicas en PHP\\backend\\vendor\\laravel\\framework\\src\\Illuminate\\Container\\BoundMethod.php(83): Illuminate\\Container\\Util::unwrapIfClosure(Object(Closure))
#10 C:\\Users\\David\\Documents\\GitHub\\Practicas-Tecnica-LancerGroup\\Practicas en PHP\\backend\\vendor\\laravel\\framework\\src\\Illuminate\\Container\\BoundMethod.php(35): Illuminate\\Container\\BoundMethod::callBoundMethod(Object(Illuminate\\Foundation\\Application), Object(Closure), Object(Closure))
#11 C:\\Users\\David\\Documents\\GitHub\\Practicas-Tecnica-LancerGroup\\Practicas en PHP\\backend\\vendor\\laravel\\framework\\src\\Illuminate\\Container\\Container.php(696): Illuminate\\Container\\BoundMethod::call(Object(Illuminate\\Foundation\\Application), Object(Closure), Array, NULL)
#12 C:\\Users\\David\\Documents\\GitHub\\Practicas-Tecnica-LancerGroup\\Practicas en PHP\\backend\\vendor\\laravel\\framework\\src\\Illuminate\\Foundation\\Support\\Providers\\RouteServiceProvider.php(162): Illuminate\\Container\\Container->call(Object(Closure))
#13 C:\\Users\\David\\Documents\\GitHub\\Practicas-Tecnica-LancerGroup\\Practicas en PHP\\backend\\vendor\\laravel\\framework\\src\\Illuminate\\Foundation\\Support\\Providers\\RouteServiceProvider.php(59): Illuminate\\Foundation\\Support\\Providers\\RouteServiceProvider->loadRoutes()
#14 C:\\Users\\David\\Documents\\GitHub\\Practicas-Tecnica-LancerGroup\\Practicas en PHP\\backend\\vendor\\laravel\\framework\\src\\Illuminate\\Container\\BoundMethod.php(36): Illuminate\\Foundation\\Support\\Providers\\RouteServiceProvider->Illuminate\\Foundation\\Support\\Providers\\{closure}()
#15 C:\\Users\\David\\Documents\\GitHub\\Practicas-Tecnica-LancerGroup\\Practicas en PHP\\backend\\vendor\\laravel\\framework\\src\\Illuminate\\Container\\Util.php(43): Illuminate\\Container\\BoundMethod::Illuminate\\Container\\{closure}()
#16 C:\\Users\\David\\Documents\\GitHub\\Practicas-Tecnica-LancerGroup\\Practicas en PHP\\backend\\vendor\\laravel\\framework\\src\\Illuminate\\Container\\BoundMethod.php(83): Illuminate\\Container\\Util::unwrapIfClosure(Object(Closure))
#17 C:\\Users\\David\\Documents\\GitHub\\Practicas-Tecnica-LancerGroup\\Practicas en PHP\\backend\\vendor\\laravel\\framework\\src\\Illuminate\\Container\\BoundMethod.php(35): Illuminate\\Container\\BoundMethod::callBoundMethod(Object(Illuminate\\Foundation\\Application), Object(Closure), Object(Closure))
#18 C:\\Users\\David\\Documents\\GitHub\\Practicas-Tecnica-LancerGroup\\Practicas en PHP\\backend\\vendor\\laravel\\framework\\src\\Illuminate\\Container\\Container.php(696): Illuminate\\Container\\BoundMethod::call(Object(Illuminate\\Foundation\\Application), Object(Closure), Array, NULL)
#19 C:\\Users\\David\\Documents\\GitHub\\Practicas-Tecnica-LancerGroup\\Practicas en PHP\\backend\\vendor\\laravel\\framework\\src\\Illuminate\\Support\\ServiceProvider.php(144): Illuminate\\Container\\Container->call(Object(Closure))
#20 C:\\Users\\David\\Documents\\GitHub\\Practicas-Tecnica-LancerGroup\\Practicas en PHP\\backend\\vendor\\laravel\\framework\\src\\Illuminate\\Foundation\\Application.php(1154): Illuminate\\Support\\ServiceProvider->callBootedCallbacks()
#21 C:\\Users\\David\\Documents\\GitHub\\Practicas-Tecnica-LancerGroup\\Practicas en PHP\\backend\\vendor\\laravel\\framework\\src\\Illuminate\\Foundation\\Application.php(1132): Illuminate\\Foundation\\Application->bootProvider(Object(Illuminate\\Foundation\\Support\\Providers\\RouteServiceProvider))
#22 [internal function]: Illuminate\\Foundation\\Application->Illuminate\\Foundation\\{closure}(Object(Illuminate\\Foundation\\Support\\Providers\\RouteServiceProvider), 'Illuminate\\\\Foun...')
#23 C:\\Users\\David\\Documents\\GitHub\\Practicas-Tecnica-LancerGroup\\Practicas en PHP\\backend\\vendor\\laravel\\framework\\src\\Illuminate\\Foundation\\Application.php(1131): array_walk(Array, Object(Closure))
#24 C:\\Users\\David\\Documents\\GitHub\\Practicas-Tecnica-LancerGroup\\Practicas en PHP\\backend\\vendor\\laravel\\framework\\src\\Illuminate\\Foundation\\Bootstrap\\BootProviders.php(17): Illuminate\\Foundation\\Application->boot()
#25 C:\\Users\\David\\Documents\\GitHub\\Practicas-Tecnica-LancerGroup\\Practicas en PHP\\backend\\vendor\\laravel\\framework\\src\\Illuminate\\Foundation\\Application.php(342): Illuminate\\Foundation\\Bootstrap\\BootProviders->bootstrap(Object(Illuminate\\Foundation\\Application))
#26 C:\\Users\\David\\Documents\\GitHub\\Practicas-Tecnica-LancerGroup\\Practicas en PHP\\backend\\vendor\\laravel\\framework\\src\\Illuminate\\Foundation\\Console\\Kernel.php(474): Illuminate\\Foundation\\Application->bootstrapWith(Array)
#27 C:\\Users\\David\\Documents\\GitHub\\Practicas-Tecnica-LancerGroup\\Practicas en PHP\\backend\\vendor\\laravel\\framework\\src\\Illuminate\\Foundation\\Console\\Kernel.php(196): Illuminate\\Foundation\\Console\\Kernel->bootstrap()
#28 C:\\Users\\David\\Documents\\GitHub\\Practicas-Tecnica-LancerGroup\\Practicas en PHP\\backend\\vendor\\laravel\\framework\\src\\Illuminate\\Foundation\\Application.php(1235): Illuminate\\Foundation\\Console\\Kernel->handle(Object(Symfony\\Component\\Console\\Input\\ArgvInput), Object(Symfony\\Component\\Console\\Output\\ConsoleOutput))
#29 C:\\Users\\David\\Documents\\GitHub\\Practicas-Tecnica-LancerGroup\\Practicas en PHP\\backend\\artisan(34): Illuminate\\Foundation\\Application->handleCommand(Object(Symfony\\Component\\Console\\Input\\ArgvInput))
#30 {main}
"} 
[2025-06-10 03:24:14] production.ERROR: file_get_contents(C:\Users\David\Documents\GitHub\Practicas-Tecnica-LancerGroup\Practicas en PHP\backend\.env): Failed to open stream: No such file or directory {"exception":"[object] (ErrorException(code: 0): file_get_contents(C:\\Users\\David\\Documents\\GitHub\\Practicas-Tecnica-LancerGroup\\Practicas en PHP\\backend\\.env): Failed to open stream: No such file or directory at C:\\Users\\David\\Documents\\GitHub\\Practicas-Tecnica-LancerGroup\\Practicas en PHP\\backend\\vendor\\laravel\\framework\\src\\Illuminate\\Foundation\\Console\\KeyGenerateCommand.php:100)
[stacktrace]
#0 C:\\Users\\David\\Documents\\GitHub\\Practicas-Tecnica-LancerGroup\\Practicas en PHP\\backend\\vendor\\laravel\\framework\\src\\Illuminate\\Foundation\\Bootstrap\\HandleExceptions.php(256): Illuminate\\Foundation\\Bootstrap\\HandleExceptions->handleError(2, 'file_get_conten...', 'C:\\\\Users\\\\David\\\\...', 100)
#1 [internal function]: Illuminate\\Foundation\\Bootstrap\\HandleExceptions->Illuminate\\Foundation\\Bootstrap\\{closure}(2, 'file_get_conten...', 'C:\\\\Users\\\\David\\\\...', 100)
#2 C:\\Users\\David\\Documents\\GitHub\\Practicas-Tecnica-LancerGroup\\Practicas en PHP\\backend\\vendor\\laravel\\framework\\src\\Illuminate\\Foundation\\Console\\KeyGenerateCommand.php(100): file_get_contents('C:\\\\Users\\\\David\\\\...')
#3 C:\\Users\\David\\Documents\\GitHub\\Practicas-Tecnica-LancerGroup\\Practicas en PHP\\backend\\vendor\\laravel\\framework\\src\\Illuminate\\Foundation\\Console\\KeyGenerateCommand.php(82): Illuminate\\Foundation\\Console\\KeyGenerateCommand->writeNewEnvironmentFileWith('base64:OroH2hAj...')
#4 C:\\Users\\David\\Documents\\GitHub\\Practicas-Tecnica-LancerGroup\\Practicas en PHP\\backend\\vendor\\laravel\\framework\\src\\Illuminate\\Foundation\\Console\\KeyGenerateCommand.php(47): Illuminate\\Foundation\\Console\\KeyGenerateCommand->setKeyInEnvironmentFile('base64:OroH2hAj...')
#5 C:\\Users\\David\\Documents\\GitHub\\Practicas-Tecnica-LancerGroup\\Practicas en PHP\\backend\\vendor\\laravel\\framework\\src\\Illuminate\\Container\\BoundMethod.php(36): Illuminate\\Foundation\\Console\\KeyGenerateCommand->handle()
#6 C:\\Users\\David\\Documents\\GitHub\\Practicas-Tecnica-LancerGroup\\Practicas en PHP\\backend\\vendor\\laravel\\framework\\src\\Illuminate\\Container\\Util.php(43): Illuminate\\Container\\BoundMethod::Illuminate\\Container\\{closure}()
#7 C:\\Users\\David\\Documents\\GitHub\\Practicas-Tecnica-LancerGroup\\Practicas en PHP\\backend\\vendor\\laravel\\framework\\src\\Illuminate\\Container\\BoundMethod.php(95): Illuminate\\Container\\Util::unwrapIfClosure(Object(Closure))
#8 C:\\Users\\David\\Documents\\GitHub\\Practicas-Tecnica-LancerGroup\\Practicas en PHP\\backend\\vendor\\laravel\\framework\\src\\Illuminate\\Container\\BoundMethod.php(35): Illuminate\\Container\\BoundMethod::callBoundMethod(Object(Illuminate\\Foundation\\Application), Array, Object(Closure))
#9 C:\\Users\\David\\Documents\\GitHub\\Practicas-Tecnica-LancerGroup\\Practicas en PHP\\backend\\vendor\\laravel\\framework\\src\\Illuminate\\Container\\Container.php(696): Illuminate\\Container\\BoundMethod::call(Object(Illuminate\\Foundation\\Application), Array, Array, NULL)
#10 C:\\Users\\David\\Documents\\GitHub\\Practicas-Tecnica-LancerGroup\\Practicas en PHP\\backend\\vendor\\laravel\\framework\\src\\Illuminate\\Console\\Command.php(213): Illuminate\\Container\\Container->call(Array)
#11 C:\\Users\\David\\Documents\\GitHub\\Practicas-Tecnica-LancerGroup\\Practicas en PHP\\backend\\vendor\\symfony\\console\\Command\\Command.php(318): Illuminate\\Console\\Command->execute(Object(Symfony\\Component\\Console\\Input\\ArgvInput), Object(Illuminate\\Console\\OutputStyle))
#12 C:\\Users\\David\\Documents\\GitHub\\Practicas-Tecnica-LancerGroup\\Practicas en PHP\\backend\\vendor\\laravel\\framework\\src\\Illuminate\\Console\\Command.php(182): Symfony\\Component\\Console\\Command\\Command->run(Object(Symfony\\Component\\Console\\Input\\ArgvInput), Object(Illuminate\\Console\\OutputStyle))
#13 C:\\Users\\David\\Documents\\GitHub\\Practicas-Tecnica-LancerGroup\\Practicas en PHP\\backend\\vendor\\symfony\\console\\Application.php(1092): Illuminate\\Console\\Command->run(Object(Symfony\\Component\\Console\\Input\\ArgvInput), Object(Symfony\\Component\\Console\\Output\\ConsoleOutput))
#14 C:\\Users\\David\\Documents\\GitHub\\Practicas-Tecnica-LancerGroup\\Practicas en PHP\\backend\\vendor\\symfony\\console\\Application.php(341): Symfony\\Component\\Console\\Application->doRunCommand(Object(Illuminate\\Foundation\\Console\\KeyGenerateCommand), Object(Symfony\\Component\\Console\\Input\\ArgvInput), Object(Symfony\\Component\\Console\\Output\\ConsoleOutput))
#15 C:\\Users\\David\\Documents\\GitHub\\Practicas-Tecnica-LancerGroup\\Practicas en PHP\\backend\\vendor\\symfony\\console\\Application.php(192): Symfony\\Component\\Console\\Application->doRun(Object(Symfony\\Component\\Console\\Input\\ArgvInput), Object(Symfony\\Component\\Console\\Output\\ConsoleOutput))
#16 C:\\Users\\David\\Documents\\GitHub\\Practicas-Tecnica-LancerGroup\\Practicas en PHP\\backend\\vendor\\laravel\\framework\\src\\Illuminate\\Foundation\\Console\\Kernel.php(198): Symfony\\Component\\Console\\Application->run(Object(Symfony\\Component\\Console\\Input\\ArgvInput), Object(Symfony\\Component\\Console\\Output\\ConsoleOutput))
#17 C:\\Users\\David\\Documents\\GitHub\\Practicas-Tecnica-LancerGroup\\Practicas en PHP\\backend\\vendor\\laravel\\framework\\src\\Illuminate\\Foundation\\Application.php(1235): Illuminate\\Foundation\\Console\\Kernel->handle(Object(Symfony\\Component\\Console\\Input\\ArgvInput), Object(Symfony\\Component\\Console\\Output\\ConsoleOutput))
#18 C:\\Users\\David\\Documents\\GitHub\\Practicas-Tecnica-LancerGroup\\Practicas en PHP\\backend\\artisan(34): Illuminate\\Foundation\\Application->handleCommand(Object(Symfony\\Component\\Console\\Input\\ArgvInput))
#19 {main}
"} 
[2025-06-10 03:25:27] local.ERROR: could not find driver (Connection: mysql, SQL: select exists (select 1 from information_schema.tables where table_schema = 'practicas_db' and table_name = 'migrations' and table_type in ('BASE TABLE', 'SYSTEM VERSIONED')) as `exists`) {"exception":"[object] (Illuminate\\Database\\QueryException(code: 0): could not find driver (Connection: mysql, SQL: select exists (select 1 from information_schema.tables where table_schema = 'practicas_db' and table_name = 'migrations' and table_type in ('BASE TABLE', 'SYSTEM VERSIONED')) as `exists`) at C:\\Users\\David\\Documents\\GitHub\\Practicas-Tecnica-LancerGroup\\Practicas en PHP\\backend\\vendor\\laravel\\framework\\src\\Illuminate\\Database\\Connection.php:825)
[stacktrace]
#0 C:\\Users\\David\\Documents\\GitHub\\Practicas-Tecnica-LancerGroup\\Practicas en PHP\\backend\\vendor\\laravel\\framework\\src\\Illuminate\\Database\\Connection.php(779): Illuminate\\Database\\Connection->runQueryCallback('select exists (...', Array, Object(Closure))
#1 C:\\Users\\David\\Documents\\GitHub\\Practicas-Tecnica-LancerGroup\\Practicas en PHP\\backend\\vendor\\laravel\\framework\\src\\Illuminate\\Database\\Connection.php(398): Illuminate\\Database\\Connection->run('select exists (...', Array, Object(Closure))
#2 C:\\Users\\David\\Documents\\GitHub\\Practicas-Tecnica-LancerGroup\\Practicas en PHP\\backend\\vendor\\laravel\\framework\\src\\Illuminate\\Database\\Connection.php(344): Illuminate\\Database\\Connection->select('select exists (...', Array, true)
#3 C:\\Users\\David\\Documents\\GitHub\\Practicas-Tecnica-LancerGroup\\Practicas en PHP\\backend\\vendor\\laravel\\framework\\src\\Illuminate\\Database\\Connection.php(361): Illuminate\\Database\\Connection->selectOne('select exists (...', Array, true)
#4 C:\\Users\\David\\Documents\\GitHub\\Practicas-Tecnica-LancerGroup\\Practicas en PHP\\backend\\vendor\\laravel\\framework\\src\\Illuminate\\Database\\Schema\\MySqlBuilder.php(45): Illuminate\\Database\\Connection->scalar('select exists (...')
#5 C:\\Users\\David\\Documents\\GitHub\\Practicas-Tecnica-LancerGroup\\Practicas en PHP\\backend\\vendor\\laravel\\framework\\src\\Illuminate\\Database\\Migrations\\DatabaseMigrationRepository.php(184): Illuminate\\Database\\Schema\\MySqlBuilder->hasTable('migrations')
#6 C:\\Users\\David\\Documents\\GitHub\\Practicas-Tecnica-LancerGroup\\Practicas en PHP\\backend\\vendor\\laravel\\framework\\src\\Illuminate\\Database\\Migrations\\Migrator.php(742): Illuminate\\Database\\Migrations\\DatabaseMigrationRepository->repositoryExists()
#7 C:\\Users\\David\\Documents\\GitHub\\Practicas-Tecnica-LancerGroup\\Practicas en PHP\\backend\\vendor\\laravel\\framework\\src\\Illuminate\\Database\\Console\\Migrations\\MigrateCommand.php(165): Illuminate\\Database\\Migrations\\Migrator->repositoryExists()
#8 C:\\Users\\David\\Documents\\GitHub\\Practicas-Tecnica-LancerGroup\\Practicas en PHP\\backend\\vendor\\laravel\\framework\\src\\Illuminate\\Support\\helpers.php(338): Illuminate\\Database\\Console\\Migrations\\MigrateCommand->Illuminate\\Database\\Console\\Migrations\\{closure}(1)
#9 C:\\Users\\David\\Documents\\GitHub\\Practicas-Tecnica-LancerGroup\\Practicas en PHP\\backend\\vendor\\laravel\\framework\\src\\Illuminate\\Database\\Console\\Migrations\\MigrateCommand.php(165): retry(1, Object(Closure), 0, Object(Closure))
#10 C:\\Users\\David\\Documents\\GitHub\\Practicas-Tecnica-LancerGroup\\Practicas en PHP\\backend\\vendor\\laravel\\framework\\src\\Illuminate\\Database\\Console\\Migrations\\MigrateCommand.php(141): Illuminate\\Database\\Console\\Migrations\\MigrateCommand->repositoryExists()
#11 C:\\Users\\David\\Documents\\GitHub\\Practicas-Tecnica-LancerGroup\\Practicas en PHP\\backend\\vendor\\laravel\\framework\\src\\Illuminate\\Database\\Console\\Migrations\\MigrateCommand.php(111): Illuminate\\Database\\Console\\Migrations\\MigrateCommand->prepareDatabase()
#12 C:\\Users\\David\\Documents\\GitHub\\Practicas-Tecnica-LancerGroup\\Practicas en PHP\\backend\\vendor\\laravel\\framework\\src\\Illuminate\\Database\\Migrations\\Migrator.php(658): Illuminate\\Database\\Console\\Migrations\\MigrateCommand->Illuminate\\Database\\Console\\Migrations\\{closure}()
#13 C:\\Users\\David\\Documents\\GitHub\\Practicas-Tecnica-LancerGroup\\Practicas en PHP\\backend\\vendor\\laravel\\framework\\src\\Illuminate\\Database\\Console\\Migrations\\MigrateCommand.php(110): Illuminate\\Database\\Migrations\\Migrator->usingConnection(NULL, Object(Closure))
#14 C:\\Users\\David\\Documents\\GitHub\\Practicas-Tecnica-LancerGroup\\Practicas en PHP\\backend\\vendor\\laravel\\framework\\src\\Illuminate\\Database\\Console\\Migrations\\MigrateCommand.php(89): Illuminate\\Database\\Console\\Migrations\\MigrateCommand->runMigrations()
#15 C:\\Users\\David\\Documents\\GitHub\\Practicas-Tecnica-LancerGroup\\Practicas en PHP\\backend\\vendor\\laravel\\framework\\src\\Illuminate\\Container\\BoundMethod.php(36): Illuminate\\Database\\Console\\Migrations\\MigrateCommand->handle()
#16 C:\\Users\\David\\Documents\\GitHub\\Practicas-Tecnica-LancerGroup\\Practicas en PHP\\backend\\vendor\\laravel\\framework\\src\\Illuminate\\Container\\Util.php(43): Illuminate\\Container\\BoundMethod::Illuminate\\Container\\{closure}()
#17 C:\\Users\\David\\Documents\\GitHub\\Practicas-Tecnica-LancerGroup\\Practicas en PHP\\backend\\vendor\\laravel\\framework\\src\\Illuminate\\Container\\BoundMethod.php(95): Illuminate\\Container\\Util::unwrapIfClosure(Object(Closure))
#18 C:\\Users\\David\\Documents\\GitHub\\Practicas-Tecnica-LancerGroup\\Practicas en PHP\\backend\\vendor\\laravel\\framework\\src\\Illuminate\\Container\\BoundMethod.php(35): Illuminate\\Container\\BoundMethod::callBoundMethod(Object(Illuminate\\Foundation\\Application), Array, Object(Closure))
#19 C:\\Users\\David\\Documents\\GitHub\\Practicas-Tecnica-LancerGroup\\Practicas en PHP\\backend\\vendor\\laravel\\framework\\src\\Illuminate\\Container\\Container.php(696): Illuminate\\Container\\BoundMethod::call(Object(Illuminate\\Foundation\\Application), Array, Array, NULL)
#20 C:\\Users\\David\\Documents\\GitHub\\Practicas-Tecnica-LancerGroup\\Practicas en PHP\\backend\\vendor\\laravel\\framework\\src\\Illuminate\\Console\\Command.php(213): Illuminate\\Container\\Container->call(Array)
#21 C:\\Users\\David\\Documents\\GitHub\\Practicas-Tecnica-LancerGroup\\Practicas en PHP\\backend\\vendor\\symfony\\console\\Command\\Command.php(318): Illuminate\\Console\\Command->execute(Object(Symfony\\Component\\Console\\Input\\ArgvInput), Object(Illuminate\\Console\\OutputStyle))
#22 C:\\Users\\David\\Documents\\GitHub\\Practicas-Tecnica-LancerGroup\\Practicas en PHP\\backend\\vendor\\laravel\\framework\\src\\Illuminate\\Console\\Command.php(182): Symfony\\Component\\Console\\Command\\Command->run(Object(Symfony\\Component\\Console\\Input\\ArgvInput), Object(Illuminate\\Console\\OutputStyle))
#23 C:\\Users\\David\\Documents\\GitHub\\Practicas-Tecnica-LancerGroup\\Practicas en PHP\\backend\\vendor\\symfony\\console\\Application.php(1092): Illuminate\\Console\\Command->run(Object(Symfony\\Component\\Console\\Input\\ArgvInput), Object(Symfony\\Component\\Console\\Output\\ConsoleOutput))
#24 C:\\Users\\David\\Documents\\GitHub\\Practicas-Tecnica-LancerGroup\\Practicas en PHP\\backend\\vendor\\symfony\\console\\Application.php(341): Symfony\\Component\\Console\\Application->doRunCommand(Object(Illuminate\\Database\\Console\\Migrations\\MigrateCommand), Object(Symfony\\Component\\Console\\Input\\ArgvInput), Object(Symfony\\Component\\Console\\Output\\ConsoleOutput))
#25 C:\\Users\\David\\Documents\\GitHub\\Practicas-Tecnica-LancerGroup\\Practicas en PHP\\backend\\vendor\\symfony\\console\\Application.php(192): Symfony\\Component\\Console\\Application->doRun(Object(Symfony\\Component\\Console\\Input\\ArgvInput), Object(Symfony\\Component\\Console\\Output\\ConsoleOutput))
#26 C:\\Users\\David\\Documents\\GitHub\\Practicas-Tecnica-LancerGroup\\Practicas en PHP\\backend\\vendor\\laravel\\framework\\src\\Illuminate\\Foundation\\Console\\Kernel.php(198): Symfony\\Component\\Console\\Application->run(Object(Symfony\\Component\\Console\\Input\\ArgvInput), Object(Symfony\\Component\\Console\\Output\\ConsoleOutput))
#27 C:\\Users\\David\\Documents\\GitHub\\Practicas-Tecnica-LancerGroup\\Practicas en PHP\\backend\\vendor\\laravel\\framework\\src\\Illuminate\\Foundation\\Application.php(1235): Illuminate\\Foundation\\Console\\Kernel->handle(Object(Symfony\\Component\\Console\\Input\\ArgvInput), Object(Symfony\\Component\\Console\\Output\\ConsoleOutput))
#28 C:\\Users\\David\\Documents\\GitHub\\Practicas-Tecnica-LancerGroup\\Practicas en PHP\\backend\\artisan(34): Illuminate\\Foundation\\Application->handleCommand(Object(Symfony\\Component\\Console\\Input\\ArgvInput))
#29 {main}

[previous exception] [object] (PDOException(code: 0): could not find driver at C:\\Users\\David\\Documents\\GitHub\\Practicas-Tecnica-LancerGroup\\Practicas en PHP\\backend\\vendor\\laravel\\framework\\src\\Illuminate\\Database\\Connectors\\Connector.php:66)
[stacktrace]
#0 C:\\Users\\David\\Documents\\GitHub\\Practicas-Tecnica-LancerGroup\\Practicas en PHP\\backend\\vendor\\laravel\\framework\\src\\Illuminate\\Database\\Connectors\\Connector.php(66): PDO->__construct('mysql:host=127....', 'root', Object(SensitiveParameterValue), Array)
#1 C:\\Users\\David\\Documents\\GitHub\\Practicas-Tecnica-LancerGroup\\Practicas en PHP\\backend\\vendor\\laravel\\framework\\src\\Illuminate\\Database\\Connectors\\Connector.php(44): Illuminate\\Database\\Connectors\\Connector->createPdoConnection('mysql:host=127....', 'root', Object(SensitiveParameterValue), Array)
#2 C:\\Users\\David\\Documents\\GitHub\\Practicas-Tecnica-LancerGroup\\Practicas en PHP\\backend\\vendor\\laravel\\framework\\src\\Illuminate\\Database\\Connectors\\MySqlConnector.php(24): Illuminate\\Database\\Connectors\\Connector->createConnection('mysql:host=127....', Array, Array)
#3 C:\\Users\\David\\Documents\\GitHub\\Practicas-Tecnica-LancerGroup\\Practicas en PHP\\backend\\vendor\\laravel\\framework\\src\\Illuminate\\Database\\Connectors\\ConnectionFactory.php(185): Illuminate\\Database\\Connectors\\MySqlConnector->connect(Array)
#4 [internal function]: Illuminate\\Database\\Connectors\\ConnectionFactory->Illuminate\\Database\\Connectors\\{closure}()
#5 C:\\Users\\David\\Documents\\GitHub\\Practicas-Tecnica-LancerGroup\\Practicas en PHP\\backend\\vendor\\laravel\\framework\\src\\Illuminate\\Database\\Connection.php(1231): call_user_func(Object(Closure))
#6 C:\\Users\\David\\Documents\\GitHub\\Practicas-Tecnica-LancerGroup\\Practicas en PHP\\backend\\vendor\\laravel\\framework\\src\\Illuminate\\Database\\Connection.php(1267): Illuminate\\Database\\Connection->getPdo()
#7 C:\\Users\\David\\Documents\\GitHub\\Practicas-Tecnica-LancerGroup\\Practicas en PHP\\backend\\vendor\\laravel\\framework\\src\\Illuminate\\Database\\Connection.php(512): Illuminate\\Database\\Connection->getReadPdo()
#8 C:\\Users\\David\\Documents\\GitHub\\Practicas-Tecnica-LancerGroup\\Practicas en PHP\\backend\\vendor\\laravel\\framework\\src\\Illuminate\\Database\\Connection.php(407): Illuminate\\Database\\Connection->getPdoForSelect(true)
#9 C:\\Users\\David\\Documents\\GitHub\\Practicas-Tecnica-LancerGroup\\Practicas en PHP\\backend\\vendor\\laravel\\framework\\src\\Illuminate\\Database\\Connection.php(812): Illuminate\\Database\\Connection->Illuminate\\Database\\{closure}('select exists (...', Array)
#10 C:\\Users\\David\\Documents\\GitHub\\Practicas-Tecnica-LancerGroup\\Practicas en PHP\\backend\\vendor\\laravel\\framework\\src\\Illuminate\\Database\\Connection.php(779): Illuminate\\Database\\Connection->runQueryCallback('select exists (...', Array, Object(Closure))
#11 C:\\Users\\David\\Documents\\GitHub\\Practicas-Tecnica-LancerGroup\\Practicas en PHP\\backend\\vendor\\laravel\\framework\\src\\Illuminate\\Database\\Connection.php(398): Illuminate\\Database\\Connection->run('select exists (...', Array, Object(Closure))
#12 C:\\Users\\David\\Documents\\GitHub\\Practicas-Tecnica-LancerGroup\\Practicas en PHP\\backend\\vendor\\laravel\\framework\\src\\Illuminate\\Database\\Connection.php(344): Illuminate\\Database\\Connection->select('select exists (...', Array, true)
#13 C:\\Users\\David\\Documents\\GitHub\\Practicas-Tecnica-LancerGroup\\Practicas en PHP\\backend\\vendor\\laravel\\framework\\src\\Illuminate\\Database\\Connection.php(361): Illuminate\\Database\\Connection->selectOne('select exists (...', Array, true)
#14 C:\\Users\\David\\Documents\\GitHub\\Practicas-Tecnica-LancerGroup\\Practicas en PHP\\backend\\vendor\\laravel\\framework\\src\\Illuminate\\Database\\Schema\\MySqlBuilder.php(45): Illuminate\\Database\\Connection->scalar('select exists (...')
#15 C:\\Users\\David\\Documents\\GitHub\\Practicas-Tecnica-LancerGroup\\Practicas en PHP\\backend\\vendor\\laravel\\framework\\src\\Illuminate\\Database\\Migrations\\DatabaseMigrationRepository.php(184): Illuminate\\Database\\Schema\\MySqlBuilder->hasTable('migrations')
#16 C:\\Users\\David\\Documents\\GitHub\\Practicas-Tecnica-LancerGroup\\Practicas en PHP\\backend\\vendor\\laravel\\framework\\src\\Illuminate\\Database\\Migrations\\Migrator.php(742): Illuminate\\Database\\Migrations\\DatabaseMigrationRepository->repositoryExists()
#17 C:\\Users\\David\\Documents\\GitHub\\Practicas-Tecnica-LancerGroup\\Practicas en PHP\\backend\\vendor\\laravel\\framework\\src\\Illuminate\\Database\\Console\\Migrations\\MigrateCommand.php(165): Illuminate\\Database\\Migrations\\Migrator->repositoryExists()
#18 C:\\Users\\David\\Documents\\GitHub\\Practicas-Tecnica-LancerGroup\\Practicas en PHP\\backend\\vendor\\laravel\\framework\\src\\Illuminate\\Support\\helpers.php(338): Illuminate\\Database\\Console\\Migrations\\MigrateCommand->Illuminate\\Database\\Console\\Migrations\\{closure}(1)
#19 C:\\Users\\David\\Documents\\GitHub\\Practicas-Tecnica-LancerGroup\\Practicas en PHP\\backend\\vendor\\laravel\\framework\\src\\Illuminate\\Database\\Console\\Migrations\\MigrateCommand.php(165): retry(1, Object(Closure), 0, Object(Closure))
#20 C:\\Users\\David\\Documents\\GitHub\\Practicas-Tecnica-LancerGroup\\Practicas en PHP\\backend\\vendor\\laravel\\framework\\src\\Illuminate\\Database\\Console\\Migrations\\MigrateCommand.php(141): Illuminate\\Database\\Console\\Migrations\\MigrateCommand->repositoryExists()
#21 C:\\Users\\David\\Documents\\GitHub\\Practicas-Tecnica-LancerGroup\\Practicas en PHP\\backend\\vendor\\laravel\\framework\\src\\Illuminate\\Database\\Console\\Migrations\\MigrateCommand.php(111): Illuminate\\Database\\Console\\Migrations\\MigrateCommand->prepareDatabase()
#22 C:\\Users\\David\\Documents\\GitHub\\Practicas-Tecnica-LancerGroup\\Practicas en PHP\\backend\\vendor\\laravel\\framework\\src\\Illuminate\\Database\\Migrations\\Migrator.php(658): Illuminate\\Database\\Console\\Migrations\\MigrateCommand->Illuminate\\Database\\Console\\Migrations\\{closure}()
#23 C:\\Users\\David\\Documents\\GitHub\\Practicas-Tecnica-LancerGroup\\Practicas en PHP\\backend\\vendor\\laravel\\framework\\src\\Illuminate\\Database\\Console\\Migrations\\MigrateCommand.php(110): Illuminate\\Database\\Migrations\\Migrator->usingConnection(NULL, Object(Closure))
#24 C:\\Users\\David\\Documents\\GitHub\\Practicas-Tecnica-LancerGroup\\Practicas en PHP\\backend\\vendor\\laravel\\framework\\src\\Illuminate\\Database\\Console\\Migrations\\MigrateCommand.php(89): Illuminate\\Database\\Console\\Migrations\\MigrateCommand->runMigrations()
#25 C:\\Users\\David\\Documents\\GitHub\\Practicas-Tecnica-LancerGroup\\Practicas en PHP\\backend\\vendor\\laravel\\framework\\src\\Illuminate\\Container\\BoundMethod.php(36): Illuminate\\Database\\Console\\Migrations\\MigrateCommand->handle()
#26 C:\\Users\\David\\Documents\\GitHub\\Practicas-Tecnica-LancerGroup\\Practicas en PHP\\backend\\vendor\\laravel\\framework\\src\\Illuminate\\Container\\Util.php(43): Illuminate\\Container\\BoundMethod::Illuminate\\Container\\{closure}()
#27 C:\\Users\\David\\Documents\\GitHub\\Practicas-Tecnica-LancerGroup\\Practicas en PHP\\backend\\vendor\\laravel\\framework\\src\\Illuminate\\Container\\BoundMethod.php(95): Illuminate\\Container\\Util::unwrapIfClosure(Object(Closure))
#28 C:\\Users\\David\\Documents\\GitHub\\Practicas-Tecnica-LancerGroup\\Practicas en PHP\\backend\\vendor\\laravel\\framework\\src\\Illuminate\\Container\\BoundMethod.php(35): Illuminate\\Container\\BoundMethod::callBoundMethod(Object(Illuminate\\Foundation\\Application), Array, Object(Closure))
#29 C:\\Users\\David\\Documents\\GitHub\\Practicas-Tecnica-LancerGroup\\Practicas en PHP\\backend\\vendor\\laravel\\framework\\src\\Illuminate\\Container\\Container.php(696): Illuminate\\Container\\BoundMethod::call(Object(Illuminate\\Foundation\\Application), Array, Array, NULL)
#30 C:\\Users\\David\\Documents\\GitHub\\Practicas-Tecnica-LancerGroup\\Practicas en PHP\\backend\\vendor\\laravel\\framework\\src\\Illuminate\\Console\\Command.php(213): Illuminate\\Container\\Container->call(Array)
#31 C:\\Users\\David\\Documents\\GitHub\\Practicas-Tecnica-LancerGroup\\Practicas en PHP\\backend\\vendor\\symfony\\console\\Command\\Command.php(318): Illuminate\\Console\\Command->execute(Object(Symfony\\Component\\Console\\Input\\ArgvInput), Object(Illuminate\\Console\\OutputStyle))
#32 C:\\Users\\David\\Documents\\GitHub\\Practicas-Tecnica-LancerGroup\\Practicas en PHP\\backend\\vendor\\laravel\\framework\\src\\Illuminate\\Console\\Command.php(182): Symfony\\Component\\Console\\Command\\Command->run(Object(Symfony\\Component\\Console\\Input\\ArgvInput), Object(Illuminate\\Console\\OutputStyle))
#33 C:\\Users\\David\\Documents\\GitHub\\Practicas-Tecnica-LancerGroup\\Practicas en PHP\\backend\\vendor\\symfony\\console\\Application.php(1092): Illuminate\\Console\\Command->run(Object(Symfony\\Component\\Console\\Input\\ArgvInput), Object(Symfony\\Component\\Console\\Output\\ConsoleOutput))
#34 C:\\Users\\David\\Documents\\GitHub\\Practicas-Tecnica-LancerGroup\\Practicas en PHP\\backend\\vendor\\symfony\\console\\Application.php(341): Symfony\\Component\\Console\\Application->doRunCommand(Object(Illuminate\\Database\\Console\\Migrations\\MigrateCommand), Object(Symfony\\Component\\Console\\Input\\ArgvInput), Object(Symfony\\Component\\Console\\Output\\ConsoleOutput))
#35 C:\\Users\\David\\Documents\\GitHub\\Practicas-Tecnica-LancerGroup\\Practicas en PHP\\backend\\vendor\\symfony\\console\\Application.php(192): Symfony\\Component\\Console\\Application->doRun(Object(Symfony\\Component\\Console\\Input\\ArgvInput), Object(Symfony\\Component\\Console\\Output\\ConsoleOutput))
#36 C:\\Users\\David\\Documents\\GitHub\\Practicas-Tecnica-LancerGroup\\Practicas en PHP\\backend\\vendor\\laravel\\framework\\src\\Illuminate\\Foundation\\Console\\Kernel.php(198): Symfony\\Component\\Console\\Application->run(Object(Symfony\\Component\\Console\\Input\\ArgvInput), Object(Symfony\\Component\\Console\\Output\\ConsoleOutput))
#37 C:\\Users\\David\\Documents\\GitHub\\Practicas-Tecnica-LancerGroup\\Practicas en PHP\\backend\\vendor\\laravel\\framework\\src\\Illuminate\\Foundation\\Application.php(1235): Illuminate\\Foundation\\Console\\Kernel->handle(Object(Symfony\\Component\\Console\\Input\\ArgvInput), Object(Symfony\\Component\\Console\\Output\\ConsoleOutput))
#38 C:\\Users\\David\\Documents\\GitHub\\Practicas-Tecnica-LancerGroup\\Practicas en PHP\\backend\\artisan(34): Illuminate\\Foundation\\Application->handleCommand(Object(Symfony\\Component\\Console\\Input\\ArgvInput))
#39 {main}
"} 
[2025-06-10 03:26:37] local.ERROR: The provided cwd "C:\Users\David\Documents\GitHub\Practicas-Tecnica-LancerGroup\Practicas en PHP\backend\public" does not exist. {"exception":"[object] (Symfony\\Component\\Process\\Exception\\RuntimeException(code: 0): The provided cwd \"C:\\Users\\David\\Documents\\GitHub\\Practicas-Tecnica-LancerGroup\\Practicas en PHP\\backend\\public\" does not exist. at C:\\Users\\David\\Documents\\GitHub\\Practicas-Tecnica-LancerGroup\\Practicas en PHP\\backend\\vendor\\symfony\\process\\Process.php:341)
[stacktrace]
#0 C:\\Users\\David\\Documents\\GitHub\\Practicas-Tecnica-LancerGroup\\Practicas en PHP\\backend\\vendor\\laravel\\framework\\src\\Illuminate\\Foundation\\Console\\ServeCommand.php(190): Symfony\\Component\\Process\\Process->start(Object(Closure))
#1 C:\\Users\\David\\Documents\\GitHub\\Practicas-Tecnica-LancerGroup\\Practicas en PHP\\backend\\vendor\\laravel\\framework\\src\\Illuminate\\Foundation\\Console\\ServeCommand.php(129): Illuminate\\Foundation\\Console\\ServeCommand->startProcess(true)
#2 C:\\Users\\David\\Documents\\GitHub\\Practicas-Tecnica-LancerGroup\\Practicas en PHP\\backend\\vendor\\laravel\\framework\\src\\Illuminate\\Container\\BoundMethod.php(36): Illuminate\\Foundation\\Console\\ServeCommand->handle()
#3 C:\\Users\\David\\Documents\\GitHub\\Practicas-Tecnica-LancerGroup\\Practicas en PHP\\backend\\vendor\\laravel\\framework\\src\\Illuminate\\Container\\Util.php(43): Illuminate\\Container\\BoundMethod::Illuminate\\Container\\{closure}()
#4 C:\\Users\\David\\Documents\\GitHub\\Practicas-Tecnica-LancerGroup\\Practicas en PHP\\backend\\vendor\\laravel\\framework\\src\\Illuminate\\Container\\BoundMethod.php(95): Illuminate\\Container\\Util::unwrapIfClosure(Object(Closure))
#5 C:\\Users\\David\\Documents\\GitHub\\Practicas-Tecnica-LancerGroup\\Practicas en PHP\\backend\\vendor\\laravel\\framework\\src\\Illuminate\\Container\\BoundMethod.php(35): Illuminate\\Container\\BoundMethod::callBoundMethod(Object(Illuminate\\Foundation\\Application), Array, Object(Closure))
#6 C:\\Users\\David\\Documents\\GitHub\\Practicas-Tecnica-LancerGroup\\Practicas en PHP\\backend\\vendor\\laravel\\framework\\src\\Illuminate\\Container\\Container.php(696): Illuminate\\Container\\BoundMethod::call(Object(Illuminate\\Foundation\\Application), Array, Array, NULL)
#7 C:\\Users\\David\\Documents\\GitHub\\Practicas-Tecnica-LancerGroup\\Practicas en PHP\\backend\\vendor\\laravel\\framework\\src\\Illuminate\\Console\\Command.php(213): Illuminate\\Container\\Container->call(Array)
#8 C:\\Users\\David\\Documents\\GitHub\\Practicas-Tecnica-LancerGroup\\Practicas en PHP\\backend\\vendor\\symfony\\console\\Command\\Command.php(318): Illuminate\\Console\\Command->execute(Object(Symfony\\Component\\Console\\Input\\ArgvInput), Object(Illuminate\\Console\\OutputStyle))
#9 C:\\Users\\David\\Documents\\GitHub\\Practicas-Tecnica-LancerGroup\\Practicas en PHP\\backend\\vendor\\laravel\\framework\\src\\Illuminate\\Console\\Command.php(182): Symfony\\Component\\Console\\Command\\Command->run(Object(Symfony\\Component\\Console\\Input\\ArgvInput), Object(Illuminate\\Console\\OutputStyle))
#10 C:\\Users\\David\\Documents\\GitHub\\Practicas-Tecnica-LancerGroup\\Practicas en PHP\\backend\\vendor\\symfony\\console\\Application.php(1092): Illuminate\\Console\\Command->run(Object(Symfony\\Component\\Console\\Input\\ArgvInput), Object(Symfony\\Component\\Console\\Output\\ConsoleOutput))
#11 C:\\Users\\David\\Documents\\GitHub\\Practicas-Tecnica-LancerGroup\\Practicas en PHP\\backend\\vendor\\symfony\\console\\Application.php(341): Symfony\\Component\\Console\\Application->doRunCommand(Object(Illuminate\\Foundation\\Console\\ServeCommand), Object(Symfony\\Component\\Console\\Input\\ArgvInput), Object(Symfony\\Component\\Console\\Output\\ConsoleOutput))
#12 C:\\Users\\David\\Documents\\GitHub\\Practicas-Tecnica-LancerGroup\\Practicas en PHP\\backend\\vendor\\symfony\\console\\Application.php(192): Symfony\\Component\\Console\\Application->doRun(Object(Symfony\\Component\\Console\\Input\\ArgvInput), Object(Symfony\\Component\\Console\\Output\\ConsoleOutput))
#13 C:\\Users\\David\\Documents\\GitHub\\Practicas-Tecnica-LancerGroup\\Practicas en PHP\\backend\\vendor\\laravel\\framework\\src\\Illuminate\\Foundation\\Console\\Kernel.php(198): Symfony\\Component\\Console\\Application->run(Object(Symfony\\Component\\Console\\Input\\ArgvInput), Object(Symfony\\Component\\Console\\Output\\ConsoleOutput))
#14 C:\\Users\\David\\Documents\\GitHub\\Practicas-Tecnica-LancerGroup\\Practicas en PHP\\backend\\vendor\\laravel\\framework\\src\\Illuminate\\Foundation\\Application.php(1235): Illuminate\\Foundation\\Console\\Kernel->handle(Object(Symfony\\Component\\Console\\Input\\ArgvInput), Object(Symfony\\Component\\Console\\Output\\ConsoleOutput))
#15 C:\\Users\\David\\Documents\\GitHub\\Practicas-Tecnica-LancerGroup\\Practicas en PHP\\backend\\artisan(34): Illuminate\\Foundation\\Application->handleCommand(Object(Symfony\\Component\\Console\\Input\\ArgvInput))
#16 {main}
"} 
[2025-06-10 03:28:04] local.ERROR: file_put_contents(C:\Users\David\Documents\GitHub\Practicas-Tecnica-LancerGroup\Practicas en PHP\backend\storage\framework/sessions/jGlHTn4sxbgiYx8RQHUuVAJkFFFc8brxM9OYSupW): Failed to open stream: No such file or directory {"exception":"[object] (ErrorException(code: 0): file_put_contents(C:\\Users\\David\\Documents\\GitHub\\Practicas-Tecnica-LancerGroup\\Practicas en PHP\\backend\\storage\\framework/sessions/jGlHTn4sxbgiYx8RQHUuVAJkFFFc8brxM9OYSupW): Failed to open stream: No such file or directory at C:\\Users\\David\\Documents\\GitHub\\Practicas-Tecnica-LancerGroup\\Practicas en PHP\\backend\\vendor\\laravel\\framework\\src\\Illuminate\\Filesystem\\Filesystem.php:204)
[stacktrace]
#0 C:\\Users\\David\\Documents\\GitHub\\Practicas-Tecnica-LancerGroup\\Practicas en PHP\\backend\\vendor\\laravel\\framework\\src\\Illuminate\\Foundation\\Bootstrap\\HandleExceptions.php(256): Illuminate\\Foundation\\Bootstrap\\HandleExceptions->handleError(2, 'file_put_conten...', 'C:\\\\Users\\\\David\\\\...', 204)
#1 [internal function]: Illuminate\\Foundation\\Bootstrap\\HandleExceptions->Illuminate\\Foundation\\Bootstrap\\{closure}(2, 'file_put_conten...', 'C:\\\\Users\\\\David\\\\...', 204)
#2 C:\\Users\\David\\Documents\\GitHub\\Practicas-Tecnica-LancerGroup\\Practicas en PHP\\backend\\vendor\\laravel\\framework\\src\\Illuminate\\Filesystem\\Filesystem.php(204): file_put_contents('C:\\\\Users\\\\David\\\\...', 'a:3:{s:6:\"_toke...', 2)
#3 C:\\Users\\David\\Documents\\GitHub\\Practicas-Tecnica-LancerGroup\\Practicas en PHP\\backend\\vendor\\laravel\\framework\\src\\Illuminate\\Session\\FileSessionHandler.php(90): Illuminate\\Filesystem\\Filesystem->put('C:\\\\Users\\\\David\\\\...', 'a:3:{s:6:\"_toke...', true)
#4 C:\\Users\\David\\Documents\\GitHub\\Practicas-Tecnica-LancerGroup\\Practicas en PHP\\backend\\vendor\\laravel\\framework\\src\\Illuminate\\Session\\Store.php(176): Illuminate\\Session\\FileSessionHandler->write('jGlHTn4sxbgiYx8...', 'a:3:{s:6:\"_toke...')
#5 C:\\Users\\David\\Documents\\GitHub\\Practicas-Tecnica-LancerGroup\\Practicas en PHP\\backend\\vendor\\laravel\\framework\\src\\Illuminate\\Session\\Middleware\\StartSession.php(245): Illuminate\\Session\\Store->save()
#6 C:\\Users\\David\\Documents\\GitHub\\Practicas-Tecnica-LancerGroup\\Practicas en PHP\\backend\\vendor\\laravel\\framework\\src\\Illuminate\\Session\\Middleware\\StartSession.php(130): Illuminate\\Session\\Middleware\\StartSession->saveSession(Object(Illuminate\\Http\\Request))
#7 C:\\Users\\David\\Documents\\GitHub\\Practicas-Tecnica-LancerGroup\\Practicas en PHP\\backend\\vendor\\laravel\\framework\\src\\Illuminate\\Session\\Middleware\\StartSession.php(64): Illuminate\\Session\\Middleware\\StartSession->handleStatefulRequest(Object(Illuminate\\Http\\Request), Object(Illuminate\\Session\\Store), Object(Closure))
#8 C:\\Users\\David\\Documents\\GitHub\\Practicas-Tecnica-LancerGroup\\Practicas en PHP\\backend\\vendor\\laravel\\framework\\src\\Illuminate\\Pipeline\\Pipeline.php(209): Illuminate\\Session\\Middleware\\StartSession->handle(Object(Illuminate\\Http\\Request), Object(Closure))
#9 C:\\Users\\David\\Documents\\GitHub\\Practicas-Tecnica-LancerGroup\\Practicas en PHP\\backend\\vendor\\laravel\\framework\\src\\Illuminate\\Cookie\\Middleware\\AddQueuedCookiesToResponse.php(37): Illuminate\\Pipeline\\Pipeline->Illuminate\\Pipeline\\{closure}(Object(Illuminate\\Http\\Request))
#10 C:\\Users\\David\\Documents\\GitHub\\Practicas-Tecnica-LancerGroup\\Practicas en PHP\\backend\\vendor\\laravel\\framework\\src\\Illuminate\\Pipeline\\Pipeline.php(209): Illuminate\\Cookie\\Middleware\\AddQueuedCookiesToResponse->handle(Object(Illuminate\\Http\\Request), Object(Closure))
#11 C:\\Users\\David\\Documents\\GitHub\\Practicas-Tecnica-LancerGroup\\Practicas en PHP\\backend\\vendor\\laravel\\framework\\src\\Illuminate\\Cookie\\Middleware\\EncryptCookies.php(75): Illuminate\\Pipeline\\Pipeline->Illuminate\\Pipeline\\{closure}(Object(Illuminate\\Http\\Request))
#12 C:\\Users\\David\\Documents\\GitHub\\Practicas-Tecnica-LancerGroup\\Practicas en PHP\\backend\\vendor\\laravel\\framework\\src\\Illuminate\\Pipeline\\Pipeline.php(209): Illuminate\\Cookie\\Middleware\\EncryptCookies->handle(Object(Illuminate\\Http\\Request), Object(Closure))
#13 C:\\Users\\David\\Documents\\GitHub\\Practicas-Tecnica-LancerGroup\\Practicas en PHP\\backend\\vendor\\laravel\\framework\\src\\Illuminate\\Pipeline\\Pipeline.php(127): Illuminate\\Pipeline\\Pipeline->Illuminate\\Pipeline\\{closure}(Object(Illuminate\\Http\\Request))
#14 C:\\Users\\David\\Documents\\GitHub\\Practicas-Tecnica-LancerGroup\\Practicas en PHP\\backend\\vendor\\laravel\\framework\\src\\Illuminate\\Routing\\Router.php(807): Illuminate\\Pipeline\\Pipeline->then(Object(Closure))
#15 C:\\Users\\David\\Documents\\GitHub\\Practicas-Tecnica-LancerGroup\\Practicas en PHP\\backend\\vendor\\laravel\\framework\\src\\Illuminate\\Routing\\Router.php(786): Illuminate\\Routing\\Router->runRouteWithinStack(Object(Illuminate\\Routing\\Route), Object(Illuminate\\Http\\Request))
#16 C:\\Users\\David\\Documents\\GitHub\\Practicas-Tecnica-LancerGroup\\Practicas en PHP\\backend\\vendor\\laravel\\framework\\src\\Illuminate\\Routing\\Router.php(750): Illuminate\\Routing\\Router->runRoute(Object(Illuminate\\Http\\Request), Object(Illuminate\\Routing\\Route))
#17 C:\\Users\\David\\Documents\\GitHub\\Practicas-Tecnica-LancerGroup\\Practicas en PHP\\backend\\vendor\\laravel\\framework\\src\\Illuminate\\Routing\\Router.php(739): Illuminate\\Routing\\Router->dispatchToRoute(Object(Illuminate\\Http\\Request))
#18 C:\\Users\\David\\Documents\\GitHub\\Practicas-Tecnica-LancerGroup\\Practicas en PHP\\backend\\vendor\\laravel\\framework\\src\\Illuminate\\Foundation\\Http\\Kernel.php(201): Illuminate\\Routing\\Router->dispatch(Object(Illuminate\\Http\\Request))
#19 C:\\Users\\David\\Documents\\GitHub\\Practicas-Tecnica-LancerGroup\\Practicas en PHP\\backend\\vendor\\laravel\\framework\\src\\Illuminate\\Pipeline\\Pipeline.php(170): Illuminate\\Foundation\\Http\\Kernel->Illuminate\\Foundation\\Http\\{closure}(Object(Illuminate\\Http\\Request))
#20 C:\\Users\\David\\Documents\\GitHub\\Practicas-Tecnica-LancerGroup\\Practicas en PHP\\backend\\vendor\\laravel\\framework\\src\\Illuminate\\Foundation\\Http\\Middleware\\TransformsRequest.php(21): Illuminate\\Pipeline\\Pipeline->Illuminate\\Pipeline\\{closure}(Object(Illuminate\\Http\\Request))
#21 C:\\Users\\David\\Documents\\GitHub\\Practicas-Tecnica-LancerGroup\\Practicas en PHP\\backend\\vendor\\laravel\\framework\\src\\Illuminate\\Foundation\\Http\\Middleware\\ConvertEmptyStringsToNull.php(31): Illuminate\\Foundation\\Http\\Middleware\\TransformsRequest->handle(Object(Illuminate\\Http\\Request), Object(Closure))
#22 C:\\Users\\David\\Documents\\GitHub\\Practicas-Tecnica-LancerGroup\\Practicas en PHP\\backend\\vendor\\laravel\\framework\\src\\Illuminate\\Pipeline\\Pipeline.php(209): Illuminate\\Foundation\\Http\\Middleware\\ConvertEmptyStringsToNull->handle(Object(Illuminate\\Http\\Request), Object(Closure))
#23 C:\\Users\\David\\Documents\\GitHub\\Practicas-Tecnica-LancerGroup\\Practicas en PHP\\backend\\vendor\\laravel\\framework\\src\\Illuminate\\Foundation\\Http\\Middleware\\TransformsRequest.php(21): Illuminate\\Pipeline\\Pipeline->Illuminate\\Pipeline\\{closure}(Object(Illuminate\\Http\\Request))
#24 C:\\Users\\David\\Documents\\GitHub\\Practicas-Tecnica-LancerGroup\\Practicas en PHP\\backend\\vendor\\laravel\\framework\\src\\Illuminate\\Foundation\\Http\\Middleware\\TrimStrings.php(51): Illuminate\\Foundation\\Http\\Middleware\\TransformsRequest->handle(Object(Illuminate\\Http\\Request), Object(Closure))
#25 C:\\Users\\David\\Documents\\GitHub\\Practicas-Tecnica-LancerGroup\\Practicas en PHP\\backend\\vendor\\laravel\\framework\\src\\Illuminate\\Pipeline\\Pipeline.php(209): Illuminate\\Foundation\\Http\\Middleware\\TrimStrings->handle(Object(Illuminate\\Http\\Request), Object(Closure))
#26 C:\\Users\\David\\Documents\\GitHub\\Practicas-Tecnica-LancerGroup\\Practicas en PHP\\backend\\vendor\\laravel\\framework\\src\\Illuminate\\Http\\Middleware\\ValidatePostSize.php(27): Illuminate\\Pipeline\\Pipeline->Illuminate\\Pipeline\\{closure}(Object(Illuminate\\Http\\Request))
#27 C:\\Users\\David\\Documents\\GitHub\\Practicas-Tecnica-LancerGroup\\Practicas en PHP\\backend\\vendor\\laravel\\framework\\src\\Illuminate\\Pipeline\\Pipeline.php(209): Illuminate\\Http\\Middleware\\ValidatePostSize->handle(Object(Illuminate\\Http\\Request), Object(Closure))
#28 C:\\Users\\David\\Documents\\GitHub\\Practicas-Tecnica-LancerGroup\\Practicas en PHP\\backend\\vendor\\laravel\\framework\\src\\Illuminate\\Foundation\\Http\\Middleware\\PreventRequestsDuringMaintenance.php(110): Illuminate\\Pipeline\\Pipeline->Illuminate\\Pipeline\\{closure}(Object(Illuminate\\Http\\Request))
#29 C:\\Users\\David\\Documents\\GitHub\\Practicas-Tecnica-LancerGroup\\Practicas en PHP\\backend\\vendor\\laravel\\framework\\src\\Illuminate\\Pipeline\\Pipeline.php(209): Illuminate\\Foundation\\Http\\Middleware\\PreventRequestsDuringMaintenance->handle(Object(Illuminate\\Http\\Request), Object(Closure))
#30 C:\\Users\\David\\Documents\\GitHub\\Practicas-Tecnica-LancerGroup\\Practicas en PHP\\backend\\vendor\\laravel\\framework\\src\\Illuminate\\Http\\Middleware\\HandleCors.php(49): Illuminate\\Pipeline\\Pipeline->Illuminate\\Pipeline\\{closure}(Object(Illuminate\\Http\\Request))
#31 C:\\Users\\David\\Documents\\GitHub\\Practicas-Tecnica-LancerGroup\\Practicas en PHP\\backend\\vendor\\laravel\\framework\\src\\Illuminate\\Pipeline\\Pipeline.php(209): Illuminate\\Http\\Middleware\\HandleCors->handle(Object(Illuminate\\Http\\Request), Object(Closure))
#32 C:\\Users\\David\\Documents\\GitHub\\Practicas-Tecnica-LancerGroup\\Practicas en PHP\\backend\\vendor\\laravel\\framework\\src\\Illuminate\\Http\\Middleware\\TrustProxies.php(58): Illuminate\\Pipeline\\Pipeline->Illuminate\\Pipeline\\{closure}(Object(Illuminate\\Http\\Request))
#33 C:\\Users\\David\\Documents\\GitHub\\Practicas-Tecnica-LancerGroup\\Practicas en PHP\\backend\\vendor\\laravel\\framework\\src\\Illuminate\\Pipeline\\Pipeline.php(209): Illuminate\\Http\\Middleware\\TrustProxies->handle(Object(Illuminate\\Http\\Request), Object(Closure))
#34 C:\\Users\\David\\Documents\\GitHub\\Practicas-Tecnica-LancerGroup\\Practicas en PHP\\backend\\vendor\\laravel\\framework\\src\\Illuminate\\Foundation\\Http\\Middleware\\InvokeDeferredCallbacks.php(22): Illuminate\\Pipeline\\Pipeline->Illuminate\\Pipeline\\{closure}(Object(Illuminate\\Http\\Request))
#35 C:\\Users\\David\\Documents\\GitHub\\Practicas-Tecnica-LancerGroup\\Practicas en PHP\\backend\\vendor\\laravel\\framework\\src\\Illuminate\\Pipeline\\Pipeline.php(209): Illuminate\\Foundation\\Http\\Middleware\\InvokeDeferredCallbacks->handle(Object(Illuminate\\Http\\Request), Object(Closure))
#36 C:\\Users\\David\\Documents\\GitHub\\Practicas-Tecnica-LancerGroup\\Practicas en PHP\\backend\\vendor\\laravel\\framework\\src\\Illuminate\\Pipeline\\Pipeline.php(127): Illuminate\\Pipeline\\Pipeline->Illuminate\\Pipeline\\{closure}(Object(Illuminate\\Http\\Request))
#37 C:\\Users\\David\\Documents\\GitHub\\Practicas-Tecnica-LancerGroup\\Practicas en PHP\\backend\\vendor\\laravel\\framework\\src\\Illuminate\\Foundation\\Http\\Kernel.php(176): Illuminate\\Pipeline\\Pipeline->then(Object(Closure))
#38 C:\\Users\\David\\Documents\\GitHub\\Practicas-Tecnica-LancerGroup\\Practicas en PHP\\backend\\vendor\\laravel\\framework\\src\\Illuminate\\Foundation\\Http\\Kernel.php(145): Illuminate\\Foundation\\Http\\Kernel->sendRequestThroughRouter(Object(Illuminate\\Http\\Request))
#39 C:\\Users\\David\\Documents\\GitHub\\Practicas-Tecnica-LancerGroup\\Practicas en PHP\\backend\\vendor\\laravel\\framework\\src\\Illuminate\\Foundation\\Application.php(1220): Illuminate\\Foundation\\Http\\Kernel->handle(Object(Illuminate\\Http\\Request))
#40 C:\\Users\\David\\Documents\\GitHub\\Practicas-Tecnica-LancerGroup\\Practicas en PHP\\backend\\public\\index.php(20): Illuminate\\Foundation\\Application->handleRequest(Object(Illuminate\\Http\\Request))
#41 C:\\Users\\David\\Documents\\GitHub\\Practicas-Tecnica-LancerGroup\\Practicas en PHP\\backend\\vendor\\laravel\\framework\\src\\Illuminate\\Foundation\\resources\\server.php(23): require_once('C:\\\\Users\\\\David\\\\...')
#42 {main}
"} 
[2025-06-10 04:14:49] local.ERROR: Class "App\Http\Controllers\Controller" not found {"exception":"[object] (Error(code: 0): Class \"App\\Http\\Controllers\\Controller\" not found at C:\\Users\\David\\Documents\\GitHub\\Practicas-Tecnica-LancerGroup\\Practicas en PHP\\backend\\app\\Http\\Controllers\\Api\\AuthorController.php:11)
[stacktrace]
#0 C:\\Users\\David\\Documents\\GitHub\\Practicas-Tecnica-LancerGroup\\Practicas en PHP\\backend\\vendor\\composer\\ClassLoader.php(576): include()
#1 C:\\Users\\David\\Documents\\GitHub\\Practicas-Tecnica-LancerGroup\\Practicas en PHP\\backend\\vendor\\composer\\ClassLoader.php(427): Composer\\Autoload\\{closure}('C:\\\\Users\\\\David\\\\...')
#2 [internal function]: Composer\\Autoload\\ClassLoader->loadClass('App\\\\Http\\\\Contro...')
#3 C:\\Users\\David\\Documents\\GitHub\\Practicas-Tecnica-LancerGroup\\Practicas en PHP\\backend\\vendor\\laravel\\framework\\src\\Illuminate\\Routing\\Route.php(1117): is_a('App\\\\Http\\\\Contro...', 'Illuminate\\\\Rout...', true)
#4 C:\\Users\\David\\Documents\\GitHub\\Practicas-Tecnica-LancerGroup\\Practicas en PHP\\backend\\vendor\\laravel\\framework\\src\\Illuminate\\Routing\\Route.php(1054): Illuminate\\Routing\\Route->controllerMiddleware()
#5 C:\\Users\\David\\Documents\\GitHub\\Practicas-Tecnica-LancerGroup\\Practicas en PHP\\backend\\vendor\\laravel\\framework\\src\\Illuminate\\Routing\\Router.php(820): Illuminate\\Routing\\Route->gatherMiddleware()
#6 C:\\Users\\David\\Documents\\GitHub\\Practicas-Tecnica-LancerGroup\\Practicas en PHP\\backend\\vendor\\laravel\\framework\\src\\Illuminate\\Routing\\Router.php(802): Illuminate\\Routing\\Router->gatherRouteMiddleware(Object(Illuminate\\Routing\\Route))
#7 C:\\Users\\David\\Documents\\GitHub\\Practicas-Tecnica-LancerGroup\\Practicas en PHP\\backend\\vendor\\laravel\\framework\\src\\Illuminate\\Routing\\Router.php(786): Illuminate\\Routing\\Router->runRouteWithinStack(Object(Illuminate\\Routing\\Route), Object(Illuminate\\Http\\Request))
#8 C:\\Users\\David\\Documents\\GitHub\\Practicas-Tecnica-LancerGroup\\Practicas en PHP\\backend\\vendor\\laravel\\framework\\src\\Illuminate\\Routing\\Router.php(750): Illuminate\\Routing\\Router->runRoute(Object(Illuminate\\Http\\Request), Object(Illuminate\\Routing\\Route))
#9 C:\\Users\\David\\Documents\\GitHub\\Practicas-Tecnica-LancerGroup\\Practicas en PHP\\backend\\vendor\\laravel\\framework\\src\\Illuminate\\Routing\\Router.php(739): Illuminate\\Routing\\Router->dispatchToRoute(Object(Illuminate\\Http\\Request))
#10 C:\\Users\\David\\Documents\\GitHub\\Practicas-Tecnica-LancerGroup\\Practicas en PHP\\backend\\vendor\\laravel\\framework\\src\\Illuminate\\Foundation\\Http\\Kernel.php(201): Illuminate\\Routing\\Router->dispatch(Object(Illuminate\\Http\\Request))
#11 C:\\Users\\David\\Documents\\GitHub\\Practicas-Tecnica-LancerGroup\\Practicas en PHP\\backend\\vendor\\laravel\\framework\\src\\Illuminate\\Pipeline\\Pipeline.php(170): Illuminate\\Foundation\\Http\\Kernel->Illuminate\\Foundation\\Http\\{closure}(Object(Illuminate\\Http\\Request))
#12 C:\\Users\\David\\Documents\\GitHub\\Practicas-Tecnica-LancerGroup\\Practicas en PHP\\backend\\vendor\\laravel\\framework\\src\\Illuminate\\Foundation\\Http\\Middleware\\TransformsRequest.php(21): Illuminate\\Pipeline\\Pipeline->Illuminate\\Pipeline\\{closure}(Object(Illuminate\\Http\\Request))
#13 C:\\Users\\David\\Documents\\GitHub\\Practicas-Tecnica-LancerGroup\\Practicas en PHP\\backend\\vendor\\laravel\\framework\\src\\Illuminate\\Foundation\\Http\\Middleware\\ConvertEmptyStringsToNull.php(31): Illuminate\\Foundation\\Http\\Middleware\\TransformsRequest->handle(Object(Illuminate\\Http\\Request), Object(Closure))
#14 C:\\Users\\David\\Documents\\GitHub\\Practicas-Tecnica-LancerGroup\\Practicas en PHP\\backend\\vendor\\laravel\\framework\\src\\Illuminate\\Pipeline\\Pipeline.php(209): Illuminate\\Foundation\\Http\\Middleware\\ConvertEmptyStringsToNull->handle(Object(Illuminate\\Http\\Request), Object(Closure))
#15 C:\\Users\\David\\Documents\\GitHub\\Practicas-Tecnica-LancerGroup\\Practicas en PHP\\backend\\vendor\\laravel\\framework\\src\\Illuminate\\Foundation\\Http\\Middleware\\TransformsRequest.php(21): Illuminate\\Pipeline\\Pipeline->Illuminate\\Pipeline\\{closure}(Object(Illuminate\\Http\\Request))
#16 C:\\Users\\David\\Documents\\GitHub\\Practicas-Tecnica-LancerGroup\\Practicas en PHP\\backend\\vendor\\laravel\\framework\\src\\Illuminate\\Foundation\\Http\\Middleware\\TrimStrings.php(51): Illuminate\\Foundation\\Http\\Middleware\\TransformsRequest->handle(Object(Illuminate\\Http\\Request), Object(Closure))
#17 C:\\Users\\David\\Documents\\GitHub\\Practicas-Tecnica-LancerGroup\\Practicas en PHP\\backend\\vendor\\laravel\\framework\\src\\Illuminate\\Pipeline\\Pipeline.php(209): Illuminate\\Foundation\\Http\\Middleware\\TrimStrings->handle(Object(Illuminate\\Http\\Request), Object(Closure))
#18 C:\\Users\\David\\Documents\\GitHub\\Practicas-Tecnica-LancerGroup\\Practicas en PHP\\backend\\vendor\\laravel\\framework\\src\\Illuminate\\Http\\Middleware\\ValidatePostSize.php(27): Illuminate\\Pipeline\\Pipeline->Illuminate\\Pipeline\\{closure}(Object(Illuminate\\Http\\Request))
#19 C:\\Users\\David\\Documents\\GitHub\\Practicas-Tecnica-LancerGroup\\Practicas en PHP\\backend\\vendor\\laravel\\framework\\src\\Illuminate\\Pipeline\\Pipeline.php(209): Illuminate\\Http\\Middleware\\ValidatePostSize->handle(Object(Illuminate\\Http\\Request), Object(Closure))
#20 C:\\Users\\David\\Documents\\GitHub\\Practicas-Tecnica-LancerGroup\\Practicas en PHP\\backend\\vendor\\laravel\\framework\\src\\Illuminate\\Foundation\\Http\\Middleware\\PreventRequestsDuringMaintenance.php(110): Illuminate\\Pipeline\\Pipeline->Illuminate\\Pipeline\\{closure}(Object(Illuminate\\Http\\Request))
#21 C:\\Users\\David\\Documents\\GitHub\\Practicas-Tecnica-LancerGroup\\Practicas en PHP\\backend\\vendor\\laravel\\framework\\src\\Illuminate\\Pipeline\\Pipeline.php(209): Illuminate\\Foundation\\Http\\Middleware\\PreventRequestsDuringMaintenance->handle(Object(Illuminate\\Http\\Request), Object(Closure))
#22 C:\\Users\\David\\Documents\\GitHub\\Practicas-Tecnica-LancerGroup\\Practicas en PHP\\backend\\vendor\\laravel\\framework\\src\\Illuminate\\Http\\Middleware\\HandleCors.php(62): Illuminate\\Pipeline\\Pipeline->Illuminate\\Pipeline\\{closure}(Object(Illuminate\\Http\\Request))
#23 C:\\Users\\David\\Documents\\GitHub\\Practicas-Tecnica-LancerGroup\\Practicas en PHP\\backend\\vendor\\laravel\\framework\\src\\Illuminate\\Pipeline\\Pipeline.php(209): Illuminate\\Http\\Middleware\\HandleCors->handle(Object(Illuminate\\Http\\Request), Object(Closure))
#24 C:\\Users\\David\\Documents\\GitHub\\Practicas-Tecnica-LancerGroup\\Practicas en PHP\\backend\\vendor\\laravel\\framework\\src\\Illuminate\\Http\\Middleware\\TrustProxies.php(58): Illuminate\\Pipeline\\Pipeline->Illuminate\\Pipeline\\{closure}(Object(Illuminate\\Http\\Request))
#25 C:\\Users\\David\\Documents\\GitHub\\Practicas-Tecnica-LancerGroup\\Practicas en PHP\\backend\\vendor\\laravel\\framework\\src\\Illuminate\\Pipeline\\Pipeline.php(209): Illuminate\\Http\\Middleware\\TrustProxies->handle(Object(Illuminate\\Http\\Request), Object(Closure))
#26 C:\\Users\\David\\Documents\\GitHub\\Practicas-Tecnica-LancerGroup\\Practicas en PHP\\backend\\vendor\\laravel\\framework\\src\\Illuminate\\Foundation\\Http\\Middleware\\InvokeDeferredCallbacks.php(22): Illuminate\\Pipeline\\Pipeline->Illuminate\\Pipeline\\{closure}(Object(Illuminate\\Http\\Request))
#27 C:\\Users\\David\\Documents\\GitHub\\Practicas-Tecnica-LancerGroup\\Practicas en PHP\\backend\\vendor\\laravel\\framework\\src\\Illuminate\\Pipeline\\Pipeline.php(209): Illuminate\\Foundation\\Http\\Middleware\\InvokeDeferredCallbacks->handle(Object(Illuminate\\Http\\Request), Object(Closure))
#28 C:\\Users\\David\\Documents\\GitHub\\Practicas-Tecnica-LancerGroup\\Practicas en PHP\\backend\\vendor\\laravel\\framework\\src\\Illuminate\\Pipeline\\Pipeline.php(127): Illuminate\\Pipeline\\Pipeline->Illuminate\\Pipeline\\{closure}(Object(Illuminate\\Http\\Request))
#29 C:\\Users\\David\\Documents\\GitHub\\Practicas-Tecnica-LancerGroup\\Practicas en PHP\\backend\\vendor\\laravel\\framework\\src\\Illuminate\\Foundation\\Http\\Kernel.php(176): Illuminate\\Pipeline\\Pipeline->then(Object(Closure))
#30 C:\\Users\\David\\Documents\\GitHub\\Practicas-Tecnica-LancerGroup\\Practicas en PHP\\backend\\vendor\\laravel\\framework\\src\\Illuminate\\Foundation\\Http\\Kernel.php(145): Illuminate\\Foundation\\Http\\Kernel->sendRequestThroughRouter(Object(Illuminate\\Http\\Request))
#31 C:\\Users\\David\\Documents\\GitHub\\Practicas-Tecnica-LancerGroup\\Practicas en PHP\\backend\\vendor\\laravel\\framework\\src\\Illuminate\\Foundation\\Application.php(1220): Illuminate\\Foundation\\Http\\Kernel->handle(Object(Illuminate\\Http\\Request))
#32 C:\\Users\\David\\Documents\\GitHub\\Practicas-Tecnica-LancerGroup\\Practicas en PHP\\backend\\public\\index.php(20): Illuminate\\Foundation\\Application->handleRequest(Object(Illuminate\\Http\\Request))
#33 C:\\Users\\David\\Documents\\GitHub\\Practicas-Tecnica-LancerGroup\\Practicas en PHP\\backend\\vendor\\laravel\\framework\\src\\Illuminate\\Foundation\\resources\\server.php(23): require_once('C:\\\\Users\\\\David\\\\...')
#34 {main}
"} 
[2025-06-10 04:15:54] local.ERROR: Class "App\Http\Controllers\Controller" not found {"exception":"[object] (Error(code: 0): Class \"App\\Http\\Controllers\\Controller\" not found at C:\\Users\\David\\Documents\\GitHub\\Practicas-Tecnica-LancerGroup\\Practicas en PHP\\backend\\app\\Http\\Controllers\\Api\\AuthorController.php:11)
[stacktrace]
#0 C:\\Users\\David\\Documents\\GitHub\\Practicas-Tecnica-LancerGroup\\Practicas en PHP\\backend\\vendor\\composer\\ClassLoader.php(576): include()
#1 C:\\Users\\David\\Documents\\GitHub\\Practicas-Tecnica-LancerGroup\\Practicas en PHP\\backend\\vendor\\composer\\ClassLoader.php(427): Composer\\Autoload\\{closure}('C:\\\\Users\\\\David\\\\...')
#2 [internal function]: Composer\\Autoload\\ClassLoader->loadClass('App\\\\Http\\\\Contro...')
#3 C:\\Users\\David\\Documents\\GitHub\\Practicas-Tecnica-LancerGroup\\Practicas en PHP\\backend\\vendor\\laravel\\framework\\src\\Illuminate\\Routing\\Route.php(1117): is_a('App\\\\Http\\\\Contro...', 'Illuminate\\\\Rout...', true)
#4 C:\\Users\\David\\Documents\\GitHub\\Practicas-Tecnica-LancerGroup\\Practicas en PHP\\backend\\vendor\\laravel\\framework\\src\\Illuminate\\Routing\\Route.php(1054): Illuminate\\Routing\\Route->controllerMiddleware()
#5 C:\\Users\\David\\Documents\\GitHub\\Practicas-Tecnica-LancerGroup\\Practicas en PHP\\backend\\vendor\\laravel\\framework\\src\\Illuminate\\Routing\\Router.php(820): Illuminate\\Routing\\Route->gatherMiddleware()
#6 C:\\Users\\David\\Documents\\GitHub\\Practicas-Tecnica-LancerGroup\\Practicas en PHP\\backend\\vendor\\laravel\\framework\\src\\Illuminate\\Routing\\Router.php(802): Illuminate\\Routing\\Router->gatherRouteMiddleware(Object(Illuminate\\Routing\\Route))
#7 C:\\Users\\David\\Documents\\GitHub\\Practicas-Tecnica-LancerGroup\\Practicas en PHP\\backend\\vendor\\laravel\\framework\\src\\Illuminate\\Routing\\Router.php(786): Illuminate\\Routing\\Router->runRouteWithinStack(Object(Illuminate\\Routing\\Route), Object(Illuminate\\Http\\Request))
#8 C:\\Users\\David\\Documents\\GitHub\\Practicas-Tecnica-LancerGroup\\Practicas en PHP\\backend\\vendor\\laravel\\framework\\src\\Illuminate\\Routing\\Router.php(750): Illuminate\\Routing\\Router->runRoute(Object(Illuminate\\Http\\Request), Object(Illuminate\\Routing\\Route))
#9 C:\\Users\\David\\Documents\\GitHub\\Practicas-Tecnica-LancerGroup\\Practicas en PHP\\backend\\vendor\\laravel\\framework\\src\\Illuminate\\Routing\\Router.php(739): Illuminate\\Routing\\Router->dispatchToRoute(Object(Illuminate\\Http\\Request))
#10 C:\\Users\\David\\Documents\\GitHub\\Practicas-Tecnica-LancerGroup\\Practicas en PHP\\backend\\vendor\\laravel\\framework\\src\\Illuminate\\Foundation\\Http\\Kernel.php(201): Illuminate\\Routing\\Router->dispatch(Object(Illuminate\\Http\\Request))
#11 C:\\Users\\David\\Documents\\GitHub\\Practicas-Tecnica-LancerGroup\\Practicas en PHP\\backend\\vendor\\laravel\\framework\\src\\Illuminate\\Pipeline\\Pipeline.php(170): Illuminate\\Foundation\\Http\\Kernel->Illuminate\\Foundation\\Http\\{closure}(Object(Illuminate\\Http\\Request))
#12 C:\\Users\\David\\Documents\\GitHub\\Practicas-Tecnica-LancerGroup\\Practicas en PHP\\backend\\vendor\\laravel\\framework\\src\\Illuminate\\Foundation\\Http\\Middleware\\TransformsRequest.php(21): Illuminate\\Pipeline\\Pipeline->Illuminate\\Pipeline\\{closure}(Object(Illuminate\\Http\\Request))
#13 C:\\Users\\David\\Documents\\GitHub\\Practicas-Tecnica-LancerGroup\\Practicas en PHP\\backend\\vendor\\laravel\\framework\\src\\Illuminate\\Foundation\\Http\\Middleware\\ConvertEmptyStringsToNull.php(31): Illuminate\\Foundation\\Http\\Middleware\\TransformsRequest->handle(Object(Illuminate\\Http\\Request), Object(Closure))
#14 C:\\Users\\David\\Documents\\GitHub\\Practicas-Tecnica-LancerGroup\\Practicas en PHP\\backend\\vendor\\laravel\\framework\\src\\Illuminate\\Pipeline\\Pipeline.php(209): Illuminate\\Foundation\\Http\\Middleware\\ConvertEmptyStringsToNull->handle(Object(Illuminate\\Http\\Request), Object(Closure))
#15 C:\\Users\\David\\Documents\\GitHub\\Practicas-Tecnica-LancerGroup\\Practicas en PHP\\backend\\vendor\\laravel\\framework\\src\\Illuminate\\Foundation\\Http\\Middleware\\TransformsRequest.php(21): Illuminate\\Pipeline\\Pipeline->Illuminate\\Pipeline\\{closure}(Object(Illuminate\\Http\\Request))
#16 C:\\Users\\David\\Documents\\GitHub\\Practicas-Tecnica-LancerGroup\\Practicas en PHP\\backend\\vendor\\laravel\\framework\\src\\Illuminate\\Foundation\\Http\\Middleware\\TrimStrings.php(51): Illuminate\\Foundation\\Http\\Middleware\\TransformsRequest->handle(Object(Illuminate\\Http\\Request), Object(Closure))
#17 C:\\Users\\David\\Documents\\GitHub\\Practicas-Tecnica-LancerGroup\\Practicas en PHP\\backend\\vendor\\laravel\\framework\\src\\Illuminate\\Pipeline\\Pipeline.php(209): Illuminate\\Foundation\\Http\\Middleware\\TrimStrings->handle(Object(Illuminate\\Http\\Request), Object(Closure))
#18 C:\\Users\\David\\Documents\\GitHub\\Practicas-Tecnica-LancerGroup\\Practicas en PHP\\backend\\vendor\\laravel\\framework\\src\\Illuminate\\Http\\Middleware\\ValidatePostSize.php(27): Illuminate\\Pipeline\\Pipeline->Illuminate\\Pipeline\\{closure}(Object(Illuminate\\Http\\Request))
#19 C:\\Users\\David\\Documents\\GitHub\\Practicas-Tecnica-LancerGroup\\Practicas en PHP\\backend\\vendor\\laravel\\framework\\src\\Illuminate\\Pipeline\\Pipeline.php(209): Illuminate\\Http\\Middleware\\ValidatePostSize->handle(Object(Illuminate\\Http\\Request), Object(Closure))
#20 C:\\Users\\David\\Documents\\GitHub\\Practicas-Tecnica-LancerGroup\\Practicas en PHP\\backend\\vendor\\laravel\\framework\\src\\Illuminate\\Foundation\\Http\\Middleware\\PreventRequestsDuringMaintenance.php(110): Illuminate\\Pipeline\\Pipeline->Illuminate\\Pipeline\\{closure}(Object(Illuminate\\Http\\Request))
#21 C:\\Users\\David\\Documents\\GitHub\\Practicas-Tecnica-LancerGroup\\Practicas en PHP\\backend\\vendor\\laravel\\framework\\src\\Illuminate\\Pipeline\\Pipeline.php(209): Illuminate\\Foundation\\Http\\Middleware\\PreventRequestsDuringMaintenance->handle(Object(Illuminate\\Http\\Request), Object(Closure))
#22 C:\\Users\\David\\Documents\\GitHub\\Practicas-Tecnica-LancerGroup\\Practicas en PHP\\backend\\vendor\\laravel\\framework\\src\\Illuminate\\Http\\Middleware\\HandleCors.php(62): Illuminate\\Pipeline\\Pipeline->Illuminate\\Pipeline\\{closure}(Object(Illuminate\\Http\\Request))
#23 C:\\Users\\David\\Documents\\GitHub\\Practicas-Tecnica-LancerGroup\\Practicas en PHP\\backend\\vendor\\laravel\\framework\\src\\Illuminate\\Pipeline\\Pipeline.php(209): Illuminate\\Http\\Middleware\\HandleCors->handle(Object(Illuminate\\Http\\Request), Object(Closure))
#24 C:\\Users\\David\\Documents\\GitHub\\Practicas-Tecnica-LancerGroup\\Practicas en PHP\\backend\\vendor\\laravel\\framework\\src\\Illuminate\\Http\\Middleware\\TrustProxies.php(58): Illuminate\\Pipeline\\Pipeline->Illuminate\\Pipeline\\{closure}(Object(Illuminate\\Http\\Request))
#25 C:\\Users\\David\\Documents\\GitHub\\Practicas-Tecnica-LancerGroup\\Practicas en PHP\\backend\\vendor\\laravel\\framework\\src\\Illuminate\\Pipeline\\Pipeline.php(209): Illuminate\\Http\\Middleware\\TrustProxies->handle(Object(Illuminate\\Http\\Request), Object(Closure))
#26 C:\\Users\\David\\Documents\\GitHub\\Practicas-Tecnica-LancerGroup\\Practicas en PHP\\backend\\vendor\\laravel\\framework\\src\\Illuminate\\Foundation\\Http\\Middleware\\InvokeDeferredCallbacks.php(22): Illuminate\\Pipeline\\Pipeline->Illuminate\\Pipeline\\{closure}(Object(Illuminate\\Http\\Request))
#27 C:\\Users\\David\\Documents\\GitHub\\Practicas-Tecnica-LancerGroup\\Practicas en PHP\\backend\\vendor\\laravel\\framework\\src\\Illuminate\\Pipeline\\Pipeline.php(209): Illuminate\\Foundation\\Http\\Middleware\\InvokeDeferredCallbacks->handle(Object(Illuminate\\Http\\Request), Object(Closure))
#28 C:\\Users\\David\\Documents\\GitHub\\Practicas-Tecnica-LancerGroup\\Practicas en PHP\\backend\\vendor\\laravel\\framework\\src\\Illuminate\\Pipeline\\Pipeline.php(127): Illuminate\\Pipeline\\Pipeline->Illuminate\\Pipeline\\{closure}(Object(Illuminate\\Http\\Request))
#29 C:\\Users\\David\\Documents\\GitHub\\Practicas-Tecnica-LancerGroup\\Practicas en PHP\\backend\\vendor\\laravel\\framework\\src\\Illuminate\\Foundation\\Http\\Kernel.php(176): Illuminate\\Pipeline\\Pipeline->then(Object(Closure))
#30 C:\\Users\\David\\Documents\\GitHub\\Practicas-Tecnica-LancerGroup\\Practicas en PHP\\backend\\vendor\\laravel\\framework\\src\\Illuminate\\Foundation\\Http\\Kernel.php(145): Illuminate\\Foundation\\Http\\Kernel->sendRequestThroughRouter(Object(Illuminate\\Http\\Request))
#31 C:\\Users\\David\\Documents\\GitHub\\Practicas-Tecnica-LancerGroup\\Practicas en PHP\\backend\\vendor\\laravel\\framework\\src\\Illuminate\\Foundation\\Application.php(1220): Illuminate\\Foundation\\Http\\Kernel->handle(Object(Illuminate\\Http\\Request))
#32 C:\\Users\\David\\Documents\\GitHub\\Practicas-Tecnica-LancerGroup\\Practicas en PHP\\backend\\public\\index.php(20): Illuminate\\Foundation\\Application->handleRequest(Object(Illuminate\\Http\\Request))
#33 C:\\Users\\David\\Documents\\GitHub\\Practicas-Tecnica-LancerGroup\\Practicas en PHP\\backend\\vendor\\laravel\\framework\\src\\Illuminate\\Foundation\\resources\\server.php(23): require_once('C:\\\\Users\\\\David\\\\...')
#34 {main}
"} 
[2025-06-10 04:18:51] local.ERROR: SQLSTATE[42S02]: Base table or view not found: 1146 Table 'practicas_db.cache' doesn't exist (Connection: mysql, SQL: delete from `cache`) {"exception":"[object] (Illuminate\\Database\\QueryException(code: 42S02): SQLSTATE[42S02]: Base table or view not found: 1146 Table 'practicas_db.cache' doesn't exist (Connection: mysql, SQL: delete from `cache`) at C:\\Users\\David\\Documents\\GitHub\\Practicas-Tecnica-LancerGroup\\Practicas en PHP\\backend\\vendor\\laravel\\framework\\src\\Illuminate\\Database\\Connection.php:825)
[stacktrace]
#0 C:\\Users\\David\\Documents\\GitHub\\Practicas-Tecnica-LancerGroup\\Practicas en PHP\\backend\\vendor\\laravel\\framework\\src\\Illuminate\\Database\\Connection.php(779): Illuminate\\Database\\Connection->runQueryCallback('delete from `ca...', Array, Object(Closure))
#1 C:\\Users\\David\\Documents\\GitHub\\Practicas-Tecnica-LancerGroup\\Practicas en PHP\\backend\\vendor\\laravel\\framework\\src\\Illuminate\\Database\\Connection.php(584): Illuminate\\Database\\Connection->run('delete from `ca...', Array, Object(Closure))
#2 C:\\Users\\David\\Documents\\GitHub\\Practicas-Tecnica-LancerGroup\\Practicas en PHP\\backend\\vendor\\laravel\\framework\\src\\Illuminate\\Database\\Connection.php(548): Illuminate\\Database\\Connection->affectingStatement('delete from `ca...', Array)
#3 C:\\Users\\David\\Documents\\GitHub\\Practicas-Tecnica-LancerGroup\\Practicas en PHP\\backend\\vendor\\laravel\\framework\\src\\Illuminate\\Database\\Query\\Builder.php(4024): Illuminate\\Database\\Connection->delete('delete from `ca...', Array)
#4 C:\\Users\\David\\Documents\\GitHub\\Practicas-Tecnica-LancerGroup\\Practicas en PHP\\backend\\vendor\\laravel\\framework\\src\\Illuminate\\Cache\\DatabaseStore.php(422): Illuminate\\Database\\Query\\Builder->delete()
#5 C:\\Users\\David\\Documents\\GitHub\\Practicas-Tecnica-LancerGroup\\Practicas en PHP\\backend\\vendor\\laravel\\framework\\src\\Illuminate\\Cache\\Repository.php(792): Illuminate\\Cache\\DatabaseStore->flush()
#6 C:\\Users\\David\\Documents\\GitHub\\Practicas-Tecnica-LancerGroup\\Practicas en PHP\\backend\\vendor\\laravel\\framework\\src\\Illuminate\\Cache\\Console\\ClearCommand.php(69): Illuminate\\Cache\\Repository->__call('flush', Array)
#7 C:\\Users\\David\\Documents\\GitHub\\Practicas-Tecnica-LancerGroup\\Practicas en PHP\\backend\\vendor\\laravel\\framework\\src\\Illuminate\\Container\\BoundMethod.php(36): Illuminate\\Cache\\Console\\ClearCommand->handle()
#8 C:\\Users\\David\\Documents\\GitHub\\Practicas-Tecnica-LancerGroup\\Practicas en PHP\\backend\\vendor\\laravel\\framework\\src\\Illuminate\\Container\\Util.php(43): Illuminate\\Container\\BoundMethod::Illuminate\\Container\\{closure}()
#9 C:\\Users\\David\\Documents\\GitHub\\Practicas-Tecnica-LancerGroup\\Practicas en PHP\\backend\\vendor\\laravel\\framework\\src\\Illuminate\\Container\\BoundMethod.php(95): Illuminate\\Container\\Util::unwrapIfClosure(Object(Closure))
#10 C:\\Users\\David\\Documents\\GitHub\\Practicas-Tecnica-LancerGroup\\Practicas en PHP\\backend\\vendor\\laravel\\framework\\src\\Illuminate\\Container\\BoundMethod.php(35): Illuminate\\Container\\BoundMethod::callBoundMethod(Object(Illuminate\\Foundation\\Application), Array, Object(Closure))
#11 C:\\Users\\David\\Documents\\GitHub\\Practicas-Tecnica-LancerGroup\\Practicas en PHP\\backend\\vendor\\laravel\\framework\\src\\Illuminate\\Container\\Container.php(696): Illuminate\\Container\\BoundMethod::call(Object(Illuminate\\Foundation\\Application), Array, Array, NULL)
#12 C:\\Users\\David\\Documents\\GitHub\\Practicas-Tecnica-LancerGroup\\Practicas en PHP\\backend\\vendor\\laravel\\framework\\src\\Illuminate\\Console\\Command.php(213): Illuminate\\Container\\Container->call(Array)
#13 C:\\Users\\David\\Documents\\GitHub\\Practicas-Tecnica-LancerGroup\\Practicas en PHP\\backend\\vendor\\symfony\\console\\Command\\Command.php(318): Illuminate\\Console\\Command->execute(Object(Symfony\\Component\\Console\\Input\\ArrayInput), Object(Illuminate\\Console\\OutputStyle))
#14 C:\\Users\\David\\Documents\\GitHub\\Practicas-Tecnica-LancerGroup\\Practicas en PHP\\backend\\vendor\\laravel\\framework\\src\\Illuminate\\Console\\Command.php(182): Symfony\\Component\\Console\\Command\\Command->run(Object(Symfony\\Component\\Console\\Input\\ArrayInput), Object(Illuminate\\Console\\OutputStyle))
#15 C:\\Users\\David\\Documents\\GitHub\\Practicas-Tecnica-LancerGroup\\Practicas en PHP\\backend\\vendor\\laravel\\framework\\src\\Illuminate\\Console\\Concerns\\CallsCommands.php(68): Illuminate\\Console\\Command->run(Object(Symfony\\Component\\Console\\Input\\ArrayInput), Object(Symfony\\Component\\Console\\Output\\NullOutput))
#16 C:\\Users\\David\\Documents\\GitHub\\Practicas-Tecnica-LancerGroup\\Practicas en PHP\\backend\\vendor\\laravel\\framework\\src\\Illuminate\\Console\\Concerns\\CallsCommands.php(41): Illuminate\\Console\\Command->runCommand('cache:clear', Array, Object(Symfony\\Component\\Console\\Output\\NullOutput))
#17 C:\\Users\\David\\Documents\\GitHub\\Practicas-Tecnica-LancerGroup\\Practicas en PHP\\backend\\vendor\\laravel\\framework\\src\\Illuminate\\Console\\Concerns\\CallsCommands.php(53): Illuminate\\Console\\Command->callSilent('cache:clear', Array)
#18 C:\\Users\\David\\Documents\\GitHub\\Practicas-Tecnica-LancerGroup\\Practicas en PHP\\backend\\vendor\\laravel\\framework\\src\\Illuminate\\Foundation\\Console\\OptimizeClearCommand.php(48): Illuminate\\Console\\Command->callSilently('cache:clear')
#19 C:\\Users\\David\\Documents\\GitHub\\Practicas-Tecnica-LancerGroup\\Practicas en PHP\\backend\\vendor\\laravel\\framework\\src\\Illuminate\\Console\\View\\Components\\Task.php(40): Illuminate\\Foundation\\Console\\OptimizeClearCommand->Illuminate\\Foundation\\Console\\{closure}()
#20 C:\\Users\\David\\Documents\\GitHub\\Practicas-Tecnica-LancerGroup\\Practicas en PHP\\backend\\vendor\\laravel\\framework\\src\\Illuminate\\Console\\View\\Components\\Factory.php(60): Illuminate\\Console\\View\\Components\\Task->render('cache', Object(Closure))
#21 C:\\Users\\David\\Documents\\GitHub\\Practicas-Tecnica-LancerGroup\\Practicas en PHP\\backend\\vendor\\laravel\\framework\\src\\Illuminate\\Foundation\\Console\\OptimizeClearCommand.php(48): Illuminate\\Console\\View\\Components\\Factory->__call('task', Array)
#22 C:\\Users\\David\\Documents\\GitHub\\Practicas-Tecnica-LancerGroup\\Practicas en PHP\\backend\\vendor\\laravel\\framework\\src\\Illuminate\\Container\\BoundMethod.php(36): Illuminate\\Foundation\\Console\\OptimizeClearCommand->handle()
#23 C:\\Users\\David\\Documents\\GitHub\\Practicas-Tecnica-LancerGroup\\Practicas en PHP\\backend\\vendor\\laravel\\framework\\src\\Illuminate\\Container\\Util.php(43): Illuminate\\Container\\BoundMethod::Illuminate\\Container\\{closure}()
#24 C:\\Users\\David\\Documents\\GitHub\\Practicas-Tecnica-LancerGroup\\Practicas en PHP\\backend\\vendor\\laravel\\framework\\src\\Illuminate\\Container\\BoundMethod.php(95): Illuminate\\Container\\Util::unwrapIfClosure(Object(Closure))
#25 C:\\Users\\David\\Documents\\GitHub\\Practicas-Tecnica-LancerGroup\\Practicas en PHP\\backend\\vendor\\laravel\\framework\\src\\Illuminate\\Container\\BoundMethod.php(35): Illuminate\\Container\\BoundMethod::callBoundMethod(Object(Illuminate\\Foundation\\Application), Array, Object(Closure))
#26 C:\\Users\\David\\Documents\\GitHub\\Practicas-Tecnica-LancerGroup\\Practicas en PHP\\backend\\vendor\\laravel\\framework\\src\\Illuminate\\Container\\Container.php(696): Illuminate\\Container\\BoundMethod::call(Object(Illuminate\\Foundation\\Application), Array, Array, NULL)
#27 C:\\Users\\David\\Documents\\GitHub\\Practicas-Tecnica-LancerGroup\\Practicas en PHP\\backend\\vendor\\laravel\\framework\\src\\Illuminate\\Console\\Command.php(213): Illuminate\\Container\\Container->call(Array)
#28 C:\\Users\\David\\Documents\\GitHub\\Practicas-Tecnica-LancerGroup\\Practicas en PHP\\backend\\vendor\\symfony\\console\\Command\\Command.php(318): Illuminate\\Console\\Command->execute(Object(Symfony\\Component\\Console\\Input\\ArgvInput), Object(Illuminate\\Console\\OutputStyle))
#29 C:\\Users\\David\\Documents\\GitHub\\Practicas-Tecnica-LancerGroup\\Practicas en PHP\\backend\\vendor\\laravel\\framework\\src\\Illuminate\\Console\\Command.php(182): Symfony\\Component\\Console\\Command\\Command->run(Object(Symfony\\Component\\Console\\Input\\ArgvInput), Object(Illuminate\\Console\\OutputStyle))
#30 C:\\Users\\David\\Documents\\GitHub\\Practicas-Tecnica-LancerGroup\\Practicas en PHP\\backend\\vendor\\symfony\\console\\Application.php(1092): Illuminate\\Console\\Command->run(Object(Symfony\\Component\\Console\\Input\\ArgvInput), Object(Symfony\\Component\\Console\\Output\\ConsoleOutput))
#31 C:\\Users\\David\\Documents\\GitHub\\Practicas-Tecnica-LancerGroup\\Practicas en PHP\\backend\\vendor\\symfony\\console\\Application.php(341): Symfony\\Component\\Console\\Application->doRunCommand(Object(Illuminate\\Foundation\\Console\\OptimizeClearCommand), Object(Symfony\\Component\\Console\\Input\\ArgvInput), Object(Symfony\\Component\\Console\\Output\\ConsoleOutput))
#32 C:\\Users\\David\\Documents\\GitHub\\Practicas-Tecnica-LancerGroup\\Practicas en PHP\\backend\\vendor\\symfony\\console\\Application.php(192): Symfony\\Component\\Console\\Application->doRun(Object(Symfony\\Component\\Console\\Input\\ArgvInput), Object(Symfony\\Component\\Console\\Output\\ConsoleOutput))
#33 C:\\Users\\David\\Documents\\GitHub\\Practicas-Tecnica-LancerGroup\\Practicas en PHP\\backend\\vendor\\laravel\\framework\\src\\Illuminate\\Foundation\\Console\\Kernel.php(198): Symfony\\Component\\Console\\Application->run(Object(Symfony\\Component\\Console\\Input\\ArgvInput), Object(Symfony\\Component\\Console\\Output\\ConsoleOutput))
#34 C:\\Users\\David\\Documents\\GitHub\\Practicas-Tecnica-LancerGroup\\Practicas en PHP\\backend\\vendor\\laravel\\framework\\src\\Illuminate\\Foundation\\Application.php(1235): Illuminate\\Foundation\\Console\\Kernel->handle(Object(Symfony\\Component\\Console\\Input\\ArgvInput), Object(Symfony\\Component\\Console\\Output\\ConsoleOutput))
#35 C:\\Users\\David\\Documents\\GitHub\\Practicas-Tecnica-LancerGroup\\Practicas en PHP\\backend\\artisan(34): Illuminate\\Foundation\\Application->handleCommand(Object(Symfony\\Component\\Console\\Input\\ArgvInput))
#36 {main}

[previous exception] [object] (PDOException(code: 42S02): SQLSTATE[42S02]: Base table or view not found: 1146 Table 'practicas_db.cache' doesn't exist at C:\\Users\\David\\Documents\\GitHub\\Practicas-Tecnica-LancerGroup\\Practicas en PHP\\backend\\vendor\\laravel\\framework\\src\\Illuminate\\Database\\Connection.php:592)
[stacktrace]
#0 C:\\Users\\David\\Documents\\GitHub\\Practicas-Tecnica-LancerGroup\\Practicas en PHP\\backend\\vendor\\laravel\\framework\\src\\Illuminate\\Database\\Connection.php(592): PDO->prepare('delete from `ca...')
#1 C:\\Users\\David\\Documents\\GitHub\\Practicas-Tecnica-LancerGroup\\Practicas en PHP\\backend\\vendor\\laravel\\framework\\src\\Illuminate\\Database\\Connection.php(812): Illuminate\\Database\\Connection->Illuminate\\Database\\{closure}('delete from `ca...', Array)
#2 C:\\Users\\David\\Documents\\GitHub\\Practicas-Tecnica-LancerGroup\\Practicas en PHP\\backend\\vendor\\laravel\\framework\\src\\Illuminate\\Database\\Connection.php(779): Illuminate\\Database\\Connection->runQueryCallback('delete from `ca...', Array, Object(Closure))
#3 C:\\Users\\David\\Documents\\GitHub\\Practicas-Tecnica-LancerGroup\\Practicas en PHP\\backend\\vendor\\laravel\\framework\\src\\Illuminate\\Database\\Connection.php(584): Illuminate\\Database\\Connection->run('delete from `ca...', Array, Object(Closure))
#4 C:\\Users\\David\\Documents\\GitHub\\Practicas-Tecnica-LancerGroup\\Practicas en PHP\\backend\\vendor\\laravel\\framework\\src\\Illuminate\\Database\\Connection.php(548): Illuminate\\Database\\Connection->affectingStatement('delete from `ca...', Array)
#5 C:\\Users\\David\\Documents\\GitHub\\Practicas-Tecnica-LancerGroup\\Practicas en PHP\\backend\\vendor\\laravel\\framework\\src\\Illuminate\\Database\\Query\\Builder.php(4024): Illuminate\\Database\\Connection->delete('delete from `ca...', Array)
#6 C:\\Users\\David\\Documents\\GitHub\\Practicas-Tecnica-LancerGroup\\Practicas en PHP\\backend\\vendor\\laravel\\framework\\src\\Illuminate\\Cache\\DatabaseStore.php(422): Illuminate\\Database\\Query\\Builder->delete()
#7 C:\\Users\\David\\Documents\\GitHub\\Practicas-Tecnica-LancerGroup\\Practicas en PHP\\backend\\vendor\\laravel\\framework\\src\\Illuminate\\Cache\\Repository.php(792): Illuminate\\Cache\\DatabaseStore->flush()
#8 C:\\Users\\David\\Documents\\GitHub\\Practicas-Tecnica-LancerGroup\\Practicas en PHP\\backend\\vendor\\laravel\\framework\\src\\Illuminate\\Cache\\Console\\ClearCommand.php(69): Illuminate\\Cache\\Repository->__call('flush', Array)
#9 C:\\Users\\David\\Documents\\GitHub\\Practicas-Tecnica-LancerGroup\\Practicas en PHP\\backend\\vendor\\laravel\\framework\\src\\Illuminate\\Container\\BoundMethod.php(36): Illuminate\\Cache\\Console\\ClearCommand->handle()
#10 C:\\Users\\David\\Documents\\GitHub\\Practicas-Tecnica-LancerGroup\\Practicas en PHP\\backend\\vendor\\laravel\\framework\\src\\Illuminate\\Container\\Util.php(43): Illuminate\\Container\\BoundMethod::Illuminate\\Container\\{closure}()
#11 C:\\Users\\David\\Documents\\GitHub\\Practicas-Tecnica-LancerGroup\\Practicas en PHP\\backend\\vendor\\laravel\\framework\\src\\Illuminate\\Container\\BoundMethod.php(95): Illuminate\\Container\\Util::unwrapIfClosure(Object(Closure))
#12 C:\\Users\\David\\Documents\\GitHub\\Practicas-Tecnica-LancerGroup\\Practicas en PHP\\backend\\vendor\\laravel\\framework\\src\\Illuminate\\Container\\BoundMethod.php(35): Illuminate\\Container\\BoundMethod::callBoundMethod(Object(Illuminate\\Foundation\\Application), Array, Object(Closure))
#13 C:\\Users\\David\\Documents\\GitHub\\Practicas-Tecnica-LancerGroup\\Practicas en PHP\\backend\\vendor\\laravel\\framework\\src\\Illuminate\\Container\\Container.php(696): Illuminate\\Container\\BoundMethod::call(Object(Illuminate\\Foundation\\Application), Array, Array, NULL)
#14 C:\\Users\\David\\Documents\\GitHub\\Practicas-Tecnica-LancerGroup\\Practicas en PHP\\backend\\vendor\\laravel\\framework\\src\\Illuminate\\Console\\Command.php(213): Illuminate\\Container\\Container->call(Array)
#15 C:\\Users\\David\\Documents\\GitHub\\Practicas-Tecnica-LancerGroup\\Practicas en PHP\\backend\\vendor\\symfony\\console\\Command\\Command.php(318): Illuminate\\Console\\Command->execute(Object(Symfony\\Component\\Console\\Input\\ArrayInput), Object(Illuminate\\Console\\OutputStyle))
#16 C:\\Users\\David\\Documents\\GitHub\\Practicas-Tecnica-LancerGroup\\Practicas en PHP\\backend\\vendor\\laravel\\framework\\src\\Illuminate\\Console\\Command.php(182): Symfony\\Component\\Console\\Command\\Command->run(Object(Symfony\\Component\\Console\\Input\\ArrayInput), Object(Illuminate\\Console\\OutputStyle))
#17 C:\\Users\\David\\Documents\\GitHub\\Practicas-Tecnica-LancerGroup\\Practicas en PHP\\backend\\vendor\\laravel\\framework\\src\\Illuminate\\Console\\Concerns\\CallsCommands.php(68): Illuminate\\Console\\Command->run(Object(Symfony\\Component\\Console\\Input\\ArrayInput), Object(Symfony\\Component\\Console\\Output\\NullOutput))
#18 C:\\Users\\David\\Documents\\GitHub\\Practicas-Tecnica-LancerGroup\\Practicas en PHP\\backend\\vendor\\laravel\\framework\\src\\Illuminate\\Console\\Concerns\\CallsCommands.php(41): Illuminate\\Console\\Command->runCommand('cache:clear', Array, Object(Symfony\\Component\\Console\\Output\\NullOutput))
#19 C:\\Users\\David\\Documents\\GitHub\\Practicas-Tecnica-LancerGroup\\Practicas en PHP\\backend\\vendor\\laravel\\framework\\src\\Illuminate\\Console\\Concerns\\CallsCommands.php(53): Illuminate\\Console\\Command->callSilent('cache:clear', Array)
#20 C:\\Users\\David\\Documents\\GitHub\\Practicas-Tecnica-LancerGroup\\Practicas en PHP\\backend\\vendor\\laravel\\framework\\src\\Illuminate\\Foundation\\Console\\OptimizeClearCommand.php(48): Illuminate\\Console\\Command->callSilently('cache:clear')
#21 C:\\Users\\David\\Documents\\GitHub\\Practicas-Tecnica-LancerGroup\\Practicas en PHP\\backend\\vendor\\laravel\\framework\\src\\Illuminate\\Console\\View\\Components\\Task.php(40): Illuminate\\Foundation\\Console\\OptimizeClearCommand->Illuminate\\Foundation\\Console\\{closure}()
#22 C:\\Users\\David\\Documents\\GitHub\\Practicas-Tecnica-LancerGroup\\Practicas en PHP\\backend\\vendor\\laravel\\framework\\src\\Illuminate\\Console\\View\\Components\\Factory.php(60): Illuminate\\Console\\View\\Components\\Task->render('cache', Object(Closure))
#23 C:\\Users\\David\\Documents\\GitHub\\Practicas-Tecnica-LancerGroup\\Practicas en PHP\\backend\\vendor\\laravel\\framework\\src\\Illuminate\\Foundation\\Console\\OptimizeClearCommand.php(48): Illuminate\\Console\\View\\Components\\Factory->__call('task', Array)
#24 C:\\Users\\David\\Documents\\GitHub\\Practicas-Tecnica-LancerGroup\\Practicas en PHP\\backend\\vendor\\laravel\\framework\\src\\Illuminate\\Container\\BoundMethod.php(36): Illuminate\\Foundation\\Console\\OptimizeClearCommand->handle()
#25 C:\\Users\\David\\Documents\\GitHub\\Practicas-Tecnica-LancerGroup\\Practicas en PHP\\backend\\vendor\\laravel\\framework\\src\\Illuminate\\Container\\Util.php(43): Illuminate\\Container\\BoundMethod::Illuminate\\Container\\{closure}()
#26 C:\\Users\\David\\Documents\\GitHub\\Practicas-Tecnica-LancerGroup\\Practicas en PHP\\backend\\vendor\\laravel\\framework\\src\\Illuminate\\Container\\BoundMethod.php(95): Illuminate\\Container\\Util::unwrapIfClosure(Object(Closure))
#27 C:\\Users\\David\\Documents\\GitHub\\Practicas-Tecnica-LancerGroup\\Practicas en PHP\\backend\\vendor\\laravel\\framework\\src\\Illuminate\\Container\\BoundMethod.php(35): Illuminate\\Container\\BoundMethod::callBoundMethod(Object(Illuminate\\Foundation\\Application), Array, Object(Closure))
#28 C:\\Users\\David\\Documents\\GitHub\\Practicas-Tecnica-LancerGroup\\Practicas en PHP\\backend\\vendor\\laravel\\framework\\src\\Illuminate\\Container\\Container.php(696): Illuminate\\Container\\BoundMethod::call(Object(Illuminate\\Foundation\\Application), Array, Array, NULL)
#29 C:\\Users\\David\\Documents\\GitHub\\Practicas-Tecnica-LancerGroup\\Practicas en PHP\\backend\\vendor\\laravel\\framework\\src\\Illuminate\\Console\\Command.php(213): Illuminate\\Container\\Container->call(Array)
#30 C:\\Users\\David\\Documents\\GitHub\\Practicas-Tecnica-LancerGroup\\Practicas en PHP\\backend\\vendor\\symfony\\console\\Command\\Command.php(318): Illuminate\\Console\\Command->execute(Object(Symfony\\Component\\Console\\Input\\ArgvInput), Object(Illuminate\\Console\\OutputStyle))
#31 C:\\Users\\David\\Documents\\GitHub\\Practicas-Tecnica-LancerGroup\\Practicas en PHP\\backend\\vendor\\laravel\\framework\\src\\Illuminate\\Console\\Command.php(182): Symfony\\Component\\Console\\Command\\Command->run(Object(Symfony\\Component\\Console\\Input\\ArgvInput), Object(Illuminate\\Console\\OutputStyle))
#32 C:\\Users\\David\\Documents\\GitHub\\Practicas-Tecnica-LancerGroup\\Practicas en PHP\\backend\\vendor\\symfony\\console\\Application.php(1092): Illuminate\\Console\\Command->run(Object(Symfony\\Component\\Console\\Input\\ArgvInput), Object(Symfony\\Component\\Console\\Output\\ConsoleOutput))
#33 C:\\Users\\David\\Documents\\GitHub\\Practicas-Tecnica-LancerGroup\\Practicas en PHP\\backend\\vendor\\symfony\\console\\Application.php(341): Symfony\\Component\\Console\\Application->doRunCommand(Object(Illuminate\\Foundation\\Console\\OptimizeClearCommand), Object(Symfony\\Component\\Console\\Input\\ArgvInput), Object(Symfony\\Component\\Console\\Output\\ConsoleOutput))
#34 C:\\Users\\David\\Documents\\GitHub\\Practicas-Tecnica-LancerGroup\\Practicas en PHP\\backend\\vendor\\symfony\\console\\Application.php(192): Symfony\\Component\\Console\\Application->doRun(Object(Symfony\\Component\\Console\\Input\\ArgvInput), Object(Symfony\\Component\\Console\\Output\\ConsoleOutput))
#35 C:\\Users\\David\\Documents\\GitHub\\Practicas-Tecnica-LancerGroup\\Practicas en PHP\\backend\\vendor\\laravel\\framework\\src\\Illuminate\\Foundation\\Console\\Kernel.php(198): Symfony\\Component\\Console\\Application->run(Object(Symfony\\Component\\Console\\Input\\ArgvInput), Object(Symfony\\Component\\Console\\Output\\ConsoleOutput))
#36 C:\\Users\\David\\Documents\\GitHub\\Practicas-Tecnica-LancerGroup\\Practicas en PHP\\backend\\vendor\\laravel\\framework\\src\\Illuminate\\Foundation\\Application.php(1235): Illuminate\\Foundation\\Console\\Kernel->handle(Object(Symfony\\Component\\Console\\Input\\ArgvInput), Object(Symfony\\Component\\Console\\Output\\ConsoleOutput))
#37 C:\\Users\\David\\Documents\\GitHub\\Practicas-Tecnica-LancerGroup\\Practicas en PHP\\backend\\artisan(34): Illuminate\\Foundation\\Application->handleCommand(Object(Symfony\\Component\\Console\\Input\\ArgvInput))
#38 {main}
"} 
[2025-06-10 17:37:12] local.ERROR: SQLSTATE[HY000] [2002] No se puede establecer una conexión ya que el equipo de destino denegó expresamente dicha conexión (Connection: mysql, SQL: select exists (select 1 from information_schema.tables where table_schema = 'practicas_db' and table_name = 'migrations' and table_type in ('BASE TABLE', 'SYSTEM VERSIONED')) as `exists`) {"exception":"[object] (Illuminate\\Database\\QueryException(code: 2002): SQLSTATE[HY000] [2002] No se puede establecer una conexión ya que el equipo de destino denegó expresamente dicha conexión (Connection: mysql, SQL: select exists (select 1 from information_schema.tables where table_schema = 'practicas_db' and table_name = 'migrations' and table_type in ('BASE TABLE', 'SYSTEM VERSIONED')) as `exists`) at C:\\Users\\David\\Documents\\GitHub\\Practicas-Tecnica-LancerGroup\\Practicas en PHP\\backend\\vendor\\laravel\\framework\\src\\Illuminate\\Database\\Connection.php:825)
[stacktrace]
#0 C:\\Users\\David\\Documents\\GitHub\\Practicas-Tecnica-LancerGroup\\Practicas en PHP\\backend\\vendor\\laravel\\framework\\src\\Illuminate\\Database\\Connection.php(779): Illuminate\\Database\\Connection->runQueryCallback('select exists (...', Array, Object(Closure))
#1 C:\\Users\\David\\Documents\\GitHub\\Practicas-Tecnica-LancerGroup\\Practicas en PHP\\backend\\vendor\\laravel\\framework\\src\\Illuminate\\Database\\Connection.php(398): Illuminate\\Database\\Connection->run('select exists (...', Array, Object(Closure))
#2 C:\\Users\\David\\Documents\\GitHub\\Practicas-Tecnica-LancerGroup\\Practicas en PHP\\backend\\vendor\\laravel\\framework\\src\\Illuminate\\Database\\Connection.php(344): Illuminate\\Database\\Connection->select('select exists (...', Array, true)
#3 C:\\Users\\David\\Documents\\GitHub\\Practicas-Tecnica-LancerGroup\\Practicas en PHP\\backend\\vendor\\laravel\\framework\\src\\Illuminate\\Database\\Connection.php(361): Illuminate\\Database\\Connection->selectOne('select exists (...', Array, true)
#4 C:\\Users\\David\\Documents\\GitHub\\Practicas-Tecnica-LancerGroup\\Practicas en PHP\\backend\\vendor\\laravel\\framework\\src\\Illuminate\\Database\\Schema\\MySqlBuilder.php(45): Illuminate\\Database\\Connection->scalar('select exists (...')
#5 C:\\Users\\David\\Documents\\GitHub\\Practicas-Tecnica-LancerGroup\\Practicas en PHP\\backend\\vendor\\laravel\\framework\\src\\Illuminate\\Database\\Migrations\\DatabaseMigrationRepository.php(184): Illuminate\\Database\\Schema\\MySqlBuilder->hasTable('migrations')
#6 C:\\Users\\David\\Documents\\GitHub\\Practicas-Tecnica-LancerGroup\\Practicas en PHP\\backend\\vendor\\laravel\\framework\\src\\Illuminate\\Database\\Migrations\\Migrator.php(742): Illuminate\\Database\\Migrations\\DatabaseMigrationRepository->repositoryExists()
#7 C:\\Users\\David\\Documents\\GitHub\\Practicas-Tecnica-LancerGroup\\Practicas en PHP\\backend\\vendor\\laravel\\framework\\src\\Illuminate\\Database\\Console\\Migrations\\MigrateCommand.php(165): Illuminate\\Database\\Migrations\\Migrator->repositoryExists()
#8 C:\\Users\\David\\Documents\\GitHub\\Practicas-Tecnica-LancerGroup\\Practicas en PHP\\backend\\vendor\\laravel\\framework\\src\\Illuminate\\Support\\helpers.php(338): Illuminate\\Database\\Console\\Migrations\\MigrateCommand->Illuminate\\Database\\Console\\Migrations\\{closure}(1)
#9 C:\\Users\\David\\Documents\\GitHub\\Practicas-Tecnica-LancerGroup\\Practicas en PHP\\backend\\vendor\\laravel\\framework\\src\\Illuminate\\Database\\Console\\Migrations\\MigrateCommand.php(165): retry(1, Object(Closure), 0, Object(Closure))
#10 C:\\Users\\David\\Documents\\GitHub\\Practicas-Tecnica-LancerGroup\\Practicas en PHP\\backend\\vendor\\laravel\\framework\\src\\Illuminate\\Database\\Console\\Migrations\\MigrateCommand.php(141): Illuminate\\Database\\Console\\Migrations\\MigrateCommand->repositoryExists()
#11 C:\\Users\\David\\Documents\\GitHub\\Practicas-Tecnica-LancerGroup\\Practicas en PHP\\backend\\vendor\\laravel\\framework\\src\\Illuminate\\Database\\Console\\Migrations\\MigrateCommand.php(111): Illuminate\\Database\\Console\\Migrations\\MigrateCommand->prepareDatabase()
#12 C:\\Users\\David\\Documents\\GitHub\\Practicas-Tecnica-LancerGroup\\Practicas en PHP\\backend\\vendor\\laravel\\framework\\src\\Illuminate\\Database\\Migrations\\Migrator.php(658): Illuminate\\Database\\Console\\Migrations\\MigrateCommand->Illuminate\\Database\\Console\\Migrations\\{closure}()
#13 C:\\Users\\David\\Documents\\GitHub\\Practicas-Tecnica-LancerGroup\\Practicas en PHP\\backend\\vendor\\laravel\\framework\\src\\Illuminate\\Database\\Console\\Migrations\\MigrateCommand.php(110): Illuminate\\Database\\Migrations\\Migrator->usingConnection(NULL, Object(Closure))
#14 C:\\Users\\David\\Documents\\GitHub\\Practicas-Tecnica-LancerGroup\\Practicas en PHP\\backend\\vendor\\laravel\\framework\\src\\Illuminate\\Database\\Console\\Migrations\\MigrateCommand.php(89): Illuminate\\Database\\Console\\Migrations\\MigrateCommand->runMigrations()
#15 C:\\Users\\David\\Documents\\GitHub\\Practicas-Tecnica-LancerGroup\\Practicas en PHP\\backend\\vendor\\laravel\\framework\\src\\Illuminate\\Container\\BoundMethod.php(36): Illuminate\\Database\\Console\\Migrations\\MigrateCommand->handle()
#16 C:\\Users\\David\\Documents\\GitHub\\Practicas-Tecnica-LancerGroup\\Practicas en PHP\\backend\\vendor\\laravel\\framework\\src\\Illuminate\\Container\\Util.php(43): Illuminate\\Container\\BoundMethod::Illuminate\\Container\\{closure}()
#17 C:\\Users\\David\\Documents\\GitHub\\Practicas-Tecnica-LancerGroup\\Practicas en PHP\\backend\\vendor\\laravel\\framework\\src\\Illuminate\\Container\\BoundMethod.php(95): Illuminate\\Container\\Util::unwrapIfClosure(Object(Closure))
#18 C:\\Users\\David\\Documents\\GitHub\\Practicas-Tecnica-LancerGroup\\Practicas en PHP\\backend\\vendor\\laravel\\framework\\src\\Illuminate\\Container\\BoundMethod.php(35): Illuminate\\Container\\BoundMethod::callBoundMethod(Object(Illuminate\\Foundation\\Application), Array, Object(Closure))
#19 C:\\Users\\David\\Documents\\GitHub\\Practicas-Tecnica-LancerGroup\\Practicas en PHP\\backend\\vendor\\laravel\\framework\\src\\Illuminate\\Container\\Container.php(696): Illuminate\\Container\\BoundMethod::call(Object(Illuminate\\Foundation\\Application), Array, Array, NULL)
#20 C:\\Users\\David\\Documents\\GitHub\\Practicas-Tecnica-LancerGroup\\Practicas en PHP\\backend\\vendor\\laravel\\framework\\src\\Illuminate\\Console\\Command.php(213): Illuminate\\Container\\Container->call(Array)
#21 C:\\Users\\David\\Documents\\GitHub\\Practicas-Tecnica-LancerGroup\\Practicas en PHP\\backend\\vendor\\symfony\\console\\Command\\Command.php(318): Illuminate\\Console\\Command->execute(Object(Symfony\\Component\\Console\\Input\\ArgvInput), Object(Illuminate\\Console\\OutputStyle))
#22 C:\\Users\\David\\Documents\\GitHub\\Practicas-Tecnica-LancerGroup\\Practicas en PHP\\backend\\vendor\\laravel\\framework\\src\\Illuminate\\Console\\Command.php(182): Symfony\\Component\\Console\\Command\\Command->run(Object(Symfony\\Component\\Console\\Input\\ArgvInput), Object(Illuminate\\Console\\OutputStyle))
#23 C:\\Users\\David\\Documents\\GitHub\\Practicas-Tecnica-LancerGroup\\Practicas en PHP\\backend\\vendor\\symfony\\console\\Application.php(1092): Illuminate\\Console\\Command->run(Object(Symfony\\Component\\Console\\Input\\ArgvInput), Object(Symfony\\Component\\Console\\Output\\ConsoleOutput))
#24 C:\\Users\\David\\Documents\\GitHub\\Practicas-Tecnica-LancerGroup\\Practicas en PHP\\backend\\vendor\\symfony\\console\\Application.php(341): Symfony\\Component\\Console\\Application->doRunCommand(Object(Illuminate\\Database\\Console\\Migrations\\MigrateCommand), Object(Symfony\\Component\\Console\\Input\\ArgvInput), Object(Symfony\\Component\\Console\\Output\\ConsoleOutput))
#25 C:\\Users\\David\\Documents\\GitHub\\Practicas-Tecnica-LancerGroup\\Practicas en PHP\\backend\\vendor\\symfony\\console\\Application.php(192): Symfony\\Component\\Console\\Application->doRun(Object(Symfony\\Component\\Console\\Input\\ArgvInput), Object(Symfony\\Component\\Console\\Output\\ConsoleOutput))
#26 C:\\Users\\David\\Documents\\GitHub\\Practicas-Tecnica-LancerGroup\\Practicas en PHP\\backend\\vendor\\laravel\\framework\\src\\Illuminate\\Foundation\\Console\\Kernel.php(198): Symfony\\Component\\Console\\Application->run(Object(Symfony\\Component\\Console\\Input\\ArgvInput), Object(Symfony\\Component\\Console\\Output\\ConsoleOutput))
#27 C:\\Users\\David\\Documents\\GitHub\\Practicas-Tecnica-LancerGroup\\Practicas en PHP\\backend\\vendor\\laravel\\framework\\src\\Illuminate\\Foundation\\Application.php(1235): Illuminate\\Foundation\\Console\\Kernel->handle(Object(Symfony\\Component\\Console\\Input\\ArgvInput), Object(Symfony\\Component\\Console\\Output\\ConsoleOutput))
#28 C:\\Users\\David\\Documents\\GitHub\\Practicas-Tecnica-LancerGroup\\Practicas en PHP\\backend\\artisan(34): Illuminate\\Foundation\\Application->handleCommand(Object(Symfony\\Component\\Console\\Input\\ArgvInput))
#29 {main}

[previous exception] [object] (PDOException(code: 2002): SQLSTATE[HY000] [2002] No se puede establecer una conexión ya que el equipo de destino denegó expresamente dicha conexión at C:\\Users\\David\\Documents\\GitHub\\Practicas-Tecnica-LancerGroup\\Practicas en PHP\\backend\\vendor\\laravel\\framework\\src\\Illuminate\\Database\\Connectors\\Connector.php:66)
[stacktrace]
#0 C:\\Users\\David\\Documents\\GitHub\\Practicas-Tecnica-LancerGroup\\Practicas en PHP\\backend\\vendor\\laravel\\framework\\src\\Illuminate\\Database\\Connectors\\Connector.php(66): PDO->__construct('mysql:host=127....', 'root', Object(SensitiveParameterValue), Array)
#1 C:\\Users\\David\\Documents\\GitHub\\Practicas-Tecnica-LancerGroup\\Practicas en PHP\\backend\\vendor\\laravel\\framework\\src\\Illuminate\\Database\\Connectors\\Connector.php(44): Illuminate\\Database\\Connectors\\Connector->createPdoConnection('mysql:host=127....', 'root', Object(SensitiveParameterValue), Array)
#2 C:\\Users\\David\\Documents\\GitHub\\Practicas-Tecnica-LancerGroup\\Practicas en PHP\\backend\\vendor\\laravel\\framework\\src\\Illuminate\\Database\\Connectors\\MySqlConnector.php(24): Illuminate\\Database\\Connectors\\Connector->createConnection('mysql:host=127....', Array, Array)
#3 C:\\Users\\David\\Documents\\GitHub\\Practicas-Tecnica-LancerGroup\\Practicas en PHP\\backend\\vendor\\laravel\\framework\\src\\Illuminate\\Database\\Connectors\\ConnectionFactory.php(185): Illuminate\\Database\\Connectors\\MySqlConnector->connect(Array)
#4 [internal function]: Illuminate\\Database\\Connectors\\ConnectionFactory->Illuminate\\Database\\Connectors\\{closure}()
#5 C:\\Users\\David\\Documents\\GitHub\\Practicas-Tecnica-LancerGroup\\Practicas en PHP\\backend\\vendor\\laravel\\framework\\src\\Illuminate\\Database\\Connection.php(1231): call_user_func(Object(Closure))
#6 C:\\Users\\David\\Documents\\GitHub\\Practicas-Tecnica-LancerGroup\\Practicas en PHP\\backend\\vendor\\laravel\\framework\\src\\Illuminate\\Database\\Connection.php(1267): Illuminate\\Database\\Connection->getPdo()
#7 C:\\Users\\David\\Documents\\GitHub\\Practicas-Tecnica-LancerGroup\\Practicas en PHP\\backend\\vendor\\laravel\\framework\\src\\Illuminate\\Database\\Connection.php(512): Illuminate\\Database\\Connection->getReadPdo()
#8 C:\\Users\\David\\Documents\\GitHub\\Practicas-Tecnica-LancerGroup\\Practicas en PHP\\backend\\vendor\\laravel\\framework\\src\\Illuminate\\Database\\Connection.php(407): Illuminate\\Database\\Connection->getPdoForSelect(true)
#9 C:\\Users\\David\\Documents\\GitHub\\Practicas-Tecnica-LancerGroup\\Practicas en PHP\\backend\\vendor\\laravel\\framework\\src\\Illuminate\\Database\\Connection.php(812): Illuminate\\Database\\Connection->Illuminate\\Database\\{closure}('select exists (...', Array)
#10 C:\\Users\\David\\Documents\\GitHub\\Practicas-Tecnica-LancerGroup\\Practicas en PHP\\backend\\vendor\\laravel\\framework\\src\\Illuminate\\Database\\Connection.php(779): Illuminate\\Database\\Connection->runQueryCallback('select exists (...', Array, Object(Closure))
#11 C:\\Users\\David\\Documents\\GitHub\\Practicas-Tecnica-LancerGroup\\Practicas en PHP\\backend\\vendor\\laravel\\framework\\src\\Illuminate\\Database\\Connection.php(398): Illuminate\\Database\\Connection->run('select exists (...', Array, Object(Closure))
#12 C:\\Users\\David\\Documents\\GitHub\\Practicas-Tecnica-LancerGroup\\Practicas en PHP\\backend\\vendor\\laravel\\framework\\src\\Illuminate\\Database\\Connection.php(344): Illuminate\\Database\\Connection->select('select exists (...', Array, true)
#13 C:\\Users\\David\\Documents\\GitHub\\Practicas-Tecnica-LancerGroup\\Practicas en PHP\\backend\\vendor\\laravel\\framework\\src\\Illuminate\\Database\\Connection.php(361): Illuminate\\Database\\Connection->selectOne('select exists (...', Array, true)
#14 C:\\Users\\David\\Documents\\GitHub\\Practicas-Tecnica-LancerGroup\\Practicas en PHP\\backend\\vendor\\laravel\\framework\\src\\Illuminate\\Database\\Schema\\MySqlBuilder.php(45): Illuminate\\Database\\Connection->scalar('select exists (...')
#15 C:\\Users\\David\\Documents\\GitHub\\Practicas-Tecnica-LancerGroup\\Practicas en PHP\\backend\\vendor\\laravel\\framework\\src\\Illuminate\\Database\\Migrations\\DatabaseMigrationRepository.php(184): Illuminate\\Database\\Schema\\MySqlBuilder->hasTable('migrations')
#16 C:\\Users\\David\\Documents\\GitHub\\Practicas-Tecnica-LancerGroup\\Practicas en PHP\\backend\\vendor\\laravel\\framework\\src\\Illuminate\\Database\\Migrations\\Migrator.php(742): Illuminate\\Database\\Migrations\\DatabaseMigrationRepository->repositoryExists()
#17 C:\\Users\\David\\Documents\\GitHub\\Practicas-Tecnica-LancerGroup\\Practicas en PHP\\backend\\vendor\\laravel\\framework\\src\\Illuminate\\Database\\Console\\Migrations\\MigrateCommand.php(165): Illuminate\\Database\\Migrations\\Migrator->repositoryExists()
#18 C:\\Users\\David\\Documents\\GitHub\\Practicas-Tecnica-LancerGroup\\Practicas en PHP\\backend\\vendor\\laravel\\framework\\src\\Illuminate\\Support\\helpers.php(338): Illuminate\\Database\\Console\\Migrations\\MigrateCommand->Illuminate\\Database\\Console\\Migrations\\{closure}(1)
#19 C:\\Users\\David\\Documents\\GitHub\\Practicas-Tecnica-LancerGroup\\Practicas en PHP\\backend\\vendor\\laravel\\framework\\src\\Illuminate\\Database\\Console\\Migrations\\MigrateCommand.php(165): retry(1, Object(Closure), 0, Object(Closure))
#20 C:\\Users\\David\\Documents\\GitHub\\Practicas-Tecnica-LancerGroup\\Practicas en PHP\\backend\\vendor\\laravel\\framework\\src\\Illuminate\\Database\\Console\\Migrations\\MigrateCommand.php(141): Illuminate\\Database\\Console\\Migrations\\MigrateCommand->repositoryExists()
#21 C:\\Users\\David\\Documents\\GitHub\\Practicas-Tecnica-LancerGroup\\Practicas en PHP\\backend\\vendor\\laravel\\framework\\src\\Illuminate\\Database\\Console\\Migrations\\MigrateCommand.php(111): Illuminate\\Database\\Console\\Migrations\\MigrateCommand->prepareDatabase()
#22 C:\\Users\\David\\Documents\\GitHub\\Practicas-Tecnica-LancerGroup\\Practicas en PHP\\backend\\vendor\\laravel\\framework\\src\\Illuminate\\Database\\Migrations\\Migrator.php(658): Illuminate\\Database\\Console\\Migrations\\MigrateCommand->Illuminate\\Database\\Console\\Migrations\\{closure}()
#23 C:\\Users\\David\\Documents\\GitHub\\Practicas-Tecnica-LancerGroup\\Practicas en PHP\\backend\\vendor\\laravel\\framework\\src\\Illuminate\\Database\\Console\\Migrations\\MigrateCommand.php(110): Illuminate\\Database\\Migrations\\Migrator->usingConnection(NULL, Object(Closure))
#24 C:\\Users\\David\\Documents\\GitHub\\Practicas-Tecnica-LancerGroup\\Practicas en PHP\\backend\\vendor\\laravel\\framework\\src\\Illuminate\\Database\\Console\\Migrations\\MigrateCommand.php(89): Illuminate\\Database\\Console\\Migrations\\MigrateCommand->runMigrations()
#25 C:\\Users\\David\\Documents\\GitHub\\Practicas-Tecnica-LancerGroup\\Practicas en PHP\\backend\\vendor\\laravel\\framework\\src\\Illuminate\\Container\\BoundMethod.php(36): Illuminate\\Database\\Console\\Migrations\\MigrateCommand->handle()
#26 C:\\Users\\David\\Documents\\GitHub\\Practicas-Tecnica-LancerGroup\\Practicas en PHP\\backend\\vendor\\laravel\\framework\\src\\Illuminate\\Container\\Util.php(43): Illuminate\\Container\\BoundMethod::Illuminate\\Container\\{closure}()
#27 C:\\Users\\David\\Documents\\GitHub\\Practicas-Tecnica-LancerGroup\\Practicas en PHP\\backend\\vendor\\laravel\\framework\\src\\Illuminate\\Container\\BoundMethod.php(95): Illuminate\\Container\\Util::unwrapIfClosure(Object(Closure))
#28 C:\\Users\\David\\Documents\\GitHub\\Practicas-Tecnica-LancerGroup\\Practicas en PHP\\backend\\vendor\\laravel\\framework\\src\\Illuminate\\Container\\BoundMethod.php(35): Illuminate\\Container\\BoundMethod::callBoundMethod(Object(Illuminate\\Foundation\\Application), Array, Object(Closure))
#29 C:\\Users\\David\\Documents\\GitHub\\Practicas-Tecnica-LancerGroup\\Practicas en PHP\\backend\\vendor\\laravel\\framework\\src\\Illuminate\\Container\\Container.php(696): Illuminate\\Container\\BoundMethod::call(Object(Illuminate\\Foundation\\Application), Array, Array, NULL)
#30 C:\\Users\\David\\Documents\\GitHub\\Practicas-Tecnica-LancerGroup\\Practicas en PHP\\backend\\vendor\\laravel\\framework\\src\\Illuminate\\Console\\Command.php(213): Illuminate\\Container\\Container->call(Array)
#31 C:\\Users\\David\\Documents\\GitHub\\Practicas-Tecnica-LancerGroup\\Practicas en PHP\\backend\\vendor\\symfony\\console\\Command\\Command.php(318): Illuminate\\Console\\Command->execute(Object(Symfony\\Component\\Console\\Input\\ArgvInput), Object(Illuminate\\Console\\OutputStyle))
#32 C:\\Users\\David\\Documents\\GitHub\\Practicas-Tecnica-LancerGroup\\Practicas en PHP\\backend\\vendor\\laravel\\framework\\src\\Illuminate\\Console\\Command.php(182): Symfony\\Component\\Console\\Command\\Command->run(Object(Symfony\\Component\\Console\\Input\\ArgvInput), Object(Illuminate\\Console\\OutputStyle))
#33 C:\\Users\\David\\Documents\\GitHub\\Practicas-Tecnica-LancerGroup\\Practicas en PHP\\backend\\vendor\\symfony\\console\\Application.php(1092): Illuminate\\Console\\Command->run(Object(Symfony\\Component\\Console\\Input\\ArgvInput), Object(Symfony\\Component\\Console\\Output\\ConsoleOutput))
#34 C:\\Users\\David\\Documents\\GitHub\\Practicas-Tecnica-LancerGroup\\Practicas en PHP\\backend\\vendor\\symfony\\console\\Application.php(341): Symfony\\Component\\Console\\Application->doRunCommand(Object(Illuminate\\Database\\Console\\Migrations\\MigrateCommand), Object(Symfony\\Component\\Console\\Input\\ArgvInput), Object(Symfony\\Component\\Console\\Output\\ConsoleOutput))
#35 C:\\Users\\David\\Documents\\GitHub\\Practicas-Tecnica-LancerGroup\\Practicas en PHP\\backend\\vendor\\symfony\\console\\Application.php(192): Symfony\\Component\\Console\\Application->doRun(Object(Symfony\\Component\\Console\\Input\\ArgvInput), Object(Symfony\\Component\\Console\\Output\\ConsoleOutput))
#36 C:\\Users\\David\\Documents\\GitHub\\Practicas-Tecnica-LancerGroup\\Practicas en PHP\\backend\\vendor\\laravel\\framework\\src\\Illuminate\\Foundation\\Console\\Kernel.php(198): Symfony\\Component\\Console\\Application->run(Object(Symfony\\Component\\Console\\Input\\ArgvInput), Object(Symfony\\Component\\Console\\Output\\ConsoleOutput))
#37 C:\\Users\\David\\Documents\\GitHub\\Practicas-Tecnica-LancerGroup\\Practicas en PHP\\backend\\vendor\\laravel\\framework\\src\\Illuminate\\Foundation\\Application.php(1235): Illuminate\\Foundation\\Console\\Kernel->handle(Object(Symfony\\Component\\Console\\Input\\ArgvInput), Object(Symfony\\Component\\Console\\Output\\ConsoleOutput))
#38 C:\\Users\\David\\Documents\\GitHub\\Practicas-Tecnica-LancerGroup\\Practicas en PHP\\backend\\artisan(34): Illuminate\\Foundation\\Application->handleCommand(Object(Symfony\\Component\\Console\\Input\\ArgvInput))
#39 {main}
"} 
[2025-06-11 03:47:13] laravel.EMERGENCY: Unable to create configured logger. Using emergency logger. {"exception":"[object] (InvalidArgumentException(code: 0): Log [] is not defined. at C:\\Users\\David\\Documents\\GitHub\\Practicas-Tecnica-LancerGroup\\Practicas en PHP\\backend\\vendor\\laravel\\framework\\src\\Illuminate\\Log\\LogManager.php:232)
[stacktrace]
#0 C:\\Users\\David\\Documents\\GitHub\\Practicas-Tecnica-LancerGroup\\Practicas en PHP\\backend\\vendor\\laravel\\framework\\src\\Illuminate\\Log\\LogManager.php(139): Illuminate\\Log\\LogManager->resolve('', NULL)
#1 C:\\Users\\David\\Documents\\GitHub\\Practicas-Tecnica-LancerGroup\\Practicas en PHP\\backend\\vendor\\laravel\\framework\\src\\Illuminate\\Log\\LogManager.php(126): Illuminate\\Log\\LogManager->get('')
#2 C:\\Users\\David\\Documents\\GitHub\\Practicas-Tecnica-LancerGroup\\Practicas en PHP\\backend\\vendor\\laravel\\framework\\src\\Illuminate\\Log\\LogManager.php(701): Illuminate\\Log\\LogManager->driver()
#3 C:\\Users\\David\\Documents\\GitHub\\Practicas-Tecnica-LancerGroup\\Practicas en PHP\\backend\\vendor\\laravel\\framework\\src\\Illuminate\\Foundation\\Exceptions\\Handler.php(380): Illuminate\\Log\\LogManager->error('array_merge(): ...', Array)
#4 C:\\Users\\David\\Documents\\GitHub\\Practicas-Tecnica-LancerGroup\\Practicas en PHP\\backend\\vendor\\laravel\\framework\\src\\Illuminate\\Foundation\\Exceptions\\Handler.php(343): Illuminate\\Foundation\\Exceptions\\Handler->reportThrowable(Object(TypeError))
#5 C:\\Users\\David\\Documents\\GitHub\\Practicas-Tecnica-LancerGroup\\Practicas en PHP\\backend\\vendor\\laravel\\framework\\src\\Illuminate\\Foundation\\Console\\Kernel.php(621): Illuminate\\Foundation\\Exceptions\\Handler->report(Object(TypeError))
#6 C:\\Users\\David\\Documents\\GitHub\\Practicas-Tecnica-LancerGroup\\Practicas en PHP\\backend\\vendor\\laravel\\framework\\src\\Illuminate\\Foundation\\Console\\Kernel.php(200): Illuminate\\Foundation\\Console\\Kernel->reportException(Object(TypeError))
#7 C:\\Users\\David\\Documents\\GitHub\\Practicas-Tecnica-LancerGroup\\Practicas en PHP\\backend\\vendor\\laravel\\framework\\src\\Illuminate\\Foundation\\Application.php(1235): Illuminate\\Foundation\\Console\\Kernel->handle(Object(Symfony\\Component\\Console\\Input\\ArgvInput), Object(Symfony\\Component\\Console\\Output\\ConsoleOutput))
#8 C:\\Users\\David\\Documents\\GitHub\\Practicas-Tecnica-LancerGroup\\Practicas en PHP\\backend\\artisan(34): Illuminate\\Foundation\\Application->handleCommand(Object(Symfony\\Component\\Console\\Input\\ArgvInput))
#9 {main}
"} 
[2025-06-11 03:47:13] laravel.ERROR: array_merge(): Argument #2 must be of type array, int given {"exception":"[object] (TypeError(code: 0): array_merge(): Argument #2 must be of type array, int given at C:\\Users\\David\\Documents\\GitHub\\Practicas-Tecnica-LancerGroup\\Practicas en PHP\\backend\\vendor\\laravel\\framework\\src\\Illuminate\\Foundation\\Bootstrap\\LoadConfiguration.php:99)
[stacktrace]
#0 C:\\Users\\David\\Documents\\GitHub\\Practicas-Tecnica-LancerGroup\\Practicas en PHP\\backend\\vendor\\laravel\\framework\\src\\Illuminate\\Foundation\\Bootstrap\\LoadConfiguration.php(99): array_merge(Array, 1)
#1 C:\\Users\\David\\Documents\\GitHub\\Practicas-Tecnica-LancerGroup\\Practicas en PHP\\backend\\vendor\\laravel\\framework\\src\\Illuminate\\Foundation\\Bootstrap\\LoadConfiguration.php(77): Illuminate\\Foundation\\Bootstrap\\LoadConfiguration->loadConfigurationFile(Object(Illuminate\\Config\\Repository), 'cors', 'C:\\\\Users\\\\David\\\\...', Array)
#2 C:\\Users\\David\\Documents\\GitHub\\Practicas-Tecnica-LancerGroup\\Practicas en PHP\\backend\\vendor\\laravel\\framework\\src\\Illuminate\\Foundation\\Bootstrap\\LoadConfiguration.php(38): Illuminate\\Foundation\\Bootstrap\\LoadConfiguration->loadConfigurationFiles(Object(Illuminate\\Foundation\\Application), Object(Illuminate\\Config\\Repository))
#3 C:\\Users\\David\\Documents\\GitHub\\Practicas-Tecnica-LancerGroup\\Practicas en PHP\\backend\\vendor\\laravel\\framework\\src\\Illuminate\\Foundation\\Application.php(342): Illuminate\\Foundation\\Bootstrap\\LoadConfiguration->bootstrap(Object(Illuminate\\Foundation\\Application))
#4 C:\\Users\\David\\Documents\\GitHub\\Practicas-Tecnica-LancerGroup\\Practicas en PHP\\backend\\vendor\\laravel\\framework\\src\\Illuminate\\Foundation\\Console\\Kernel.php(474): Illuminate\\Foundation\\Application->bootstrapWith(Array)
#5 C:\\Users\\David\\Documents\\GitHub\\Practicas-Tecnica-LancerGroup\\Practicas en PHP\\backend\\vendor\\laravel\\framework\\src\\Illuminate\\Foundation\\Console\\Kernel.php(196): Illuminate\\Foundation\\Console\\Kernel->bootstrap()
#6 C:\\Users\\David\\Documents\\GitHub\\Practicas-Tecnica-LancerGroup\\Practicas en PHP\\backend\\vendor\\laravel\\framework\\src\\Illuminate\\Foundation\\Application.php(1235): Illuminate\\Foundation\\Console\\Kernel->handle(Object(Symfony\\Component\\Console\\Input\\ArgvInput), Object(Symfony\\Component\\Console\\Output\\ConsoleOutput))
#7 C:\\Users\\David\\Documents\\GitHub\\Practicas-Tecnica-LancerGroup\\Practicas en PHP\\backend\\artisan(34): Illuminate\\Foundation\\Application->handleCommand(Object(Symfony\\Component\\Console\\Input\\ArgvInput))
#8 {main}
"} 
[2025-06-11 03:47:40] laravel.EMERGENCY: Unable to create configured logger. Using emergency logger. {"exception":"[object] (InvalidArgumentException(code: 0): Log [] is not defined. at C:\\Users\\David\\Documents\\GitHub\\Practicas-Tecnica-LancerGroup\\Practicas en PHP\\backend\\vendor\\laravel\\framework\\src\\Illuminate\\Log\\LogManager.php:232)
[stacktrace]
#0 C:\\Users\\David\\Documents\\GitHub\\Practicas-Tecnica-LancerGroup\\Practicas en PHP\\backend\\vendor\\laravel\\framework\\src\\Illuminate\\Log\\LogManager.php(139): Illuminate\\Log\\LogManager->resolve('', NULL)
#1 C:\\Users\\David\\Documents\\GitHub\\Practicas-Tecnica-LancerGroup\\Practicas en PHP\\backend\\vendor\\laravel\\framework\\src\\Illuminate\\Log\\LogManager.php(126): Illuminate\\Log\\LogManager->get('')
#2 C:\\Users\\David\\Documents\\GitHub\\Practicas-Tecnica-LancerGroup\\Practicas en PHP\\backend\\vendor\\laravel\\framework\\src\\Illuminate\\Log\\LogManager.php(701): Illuminate\\Log\\LogManager->driver()
#3 C:\\Users\\David\\Documents\\GitHub\\Practicas-Tecnica-LancerGroup\\Practicas en PHP\\backend\\vendor\\laravel\\framework\\src\\Illuminate\\Foundation\\Exceptions\\Handler.php(380): Illuminate\\Log\\LogManager->error('array_merge(): ...', Array)
#4 C:\\Users\\David\\Documents\\GitHub\\Practicas-Tecnica-LancerGroup\\Practicas en PHP\\backend\\vendor\\laravel\\framework\\src\\Illuminate\\Foundation\\Exceptions\\Handler.php(343): Illuminate\\Foundation\\Exceptions\\Handler->reportThrowable(Object(TypeError))
#5 C:\\Users\\David\\Documents\\GitHub\\Practicas-Tecnica-LancerGroup\\Practicas en PHP\\backend\\vendor\\laravel\\framework\\src\\Illuminate\\Foundation\\Console\\Kernel.php(621): Illuminate\\Foundation\\Exceptions\\Handler->report(Object(TypeError))
#6 C:\\Users\\David\\Documents\\GitHub\\Practicas-Tecnica-LancerGroup\\Practicas en PHP\\backend\\vendor\\laravel\\framework\\src\\Illuminate\\Foundation\\Console\\Kernel.php(200): Illuminate\\Foundation\\Console\\Kernel->reportException(Object(TypeError))
#7 C:\\Users\\David\\Documents\\GitHub\\Practicas-Tecnica-LancerGroup\\Practicas en PHP\\backend\\vendor\\laravel\\framework\\src\\Illuminate\\Foundation\\Application.php(1235): Illuminate\\Foundation\\Console\\Kernel->handle(Object(Symfony\\Component\\Console\\Input\\ArgvInput), Object(Symfony\\Component\\Console\\Output\\ConsoleOutput))
#8 C:\\Users\\David\\Documents\\GitHub\\Practicas-Tecnica-LancerGroup\\Practicas en PHP\\backend\\artisan(34): Illuminate\\Foundation\\Application->handleCommand(Object(Symfony\\Component\\Console\\Input\\ArgvInput))
#9 {main}
"} 
[2025-06-11 03:47:40] laravel.ERROR: array_merge(): Argument #2 must be of type array, int given {"exception":"[object] (TypeError(code: 0): array_merge(): Argument #2 must be of type array, int given at C:\\Users\\David\\Documents\\GitHub\\Practicas-Tecnica-LancerGroup\\Practicas en PHP\\backend\\vendor\\laravel\\framework\\src\\Illuminate\\Foundation\\Bootstrap\\LoadConfiguration.php:99)
[stacktrace]
#0 C:\\Users\\David\\Documents\\GitHub\\Practicas-Tecnica-LancerGroup\\Practicas en PHP\\backend\\vendor\\laravel\\framework\\src\\Illuminate\\Foundation\\Bootstrap\\LoadConfiguration.php(99): array_merge(Array, 1)
#1 C:\\Users\\David\\Documents\\GitHub\\Practicas-Tecnica-LancerGroup\\Practicas en PHP\\backend\\vendor\\laravel\\framework\\src\\Illuminate\\Foundation\\Bootstrap\\LoadConfiguration.php(77): Illuminate\\Foundation\\Bootstrap\\LoadConfiguration->loadConfigurationFile(Object(Illuminate\\Config\\Repository), 'cors', 'C:\\\\Users\\\\David\\\\...', Array)
#2 C:\\Users\\David\\Documents\\GitHub\\Practicas-Tecnica-LancerGroup\\Practicas en PHP\\backend\\vendor\\laravel\\framework\\src\\Illuminate\\Foundation\\Bootstrap\\LoadConfiguration.php(38): Illuminate\\Foundation\\Bootstrap\\LoadConfiguration->loadConfigurationFiles(Object(Illuminate\\Foundation\\Application), Object(Illuminate\\Config\\Repository))
#3 C:\\Users\\David\\Documents\\GitHub\\Practicas-Tecnica-LancerGroup\\Practicas en PHP\\backend\\vendor\\laravel\\framework\\src\\Illuminate\\Foundation\\Application.php(342): Illuminate\\Foundation\\Bootstrap\\LoadConfiguration->bootstrap(Object(Illuminate\\Foundation\\Application))
#4 C:\\Users\\David\\Documents\\GitHub\\Practicas-Tecnica-LancerGroup\\Practicas en PHP\\backend\\vendor\\laravel\\framework\\src\\Illuminate\\Foundation\\Console\\Kernel.php(474): Illuminate\\Foundation\\Application->bootstrapWith(Array)
#5 C:\\Users\\David\\Documents\\GitHub\\Practicas-Tecnica-LancerGroup\\Practicas en PHP\\backend\\vendor\\laravel\\framework\\src\\Illuminate\\Foundation\\Console\\Kernel.php(196): Illuminate\\Foundation\\Console\\Kernel->bootstrap()
#6 C:\\Users\\David\\Documents\\GitHub\\Practicas-Tecnica-LancerGroup\\Practicas en PHP\\backend\\vendor\\laravel\\framework\\src\\Illuminate\\Foundation\\Application.php(1235): Illuminate\\Foundation\\Console\\Kernel->handle(Object(Symfony\\Component\\Console\\Input\\ArgvInput), Object(Symfony\\Component\\Console\\Output\\ConsoleOutput))
#7 C:\\Users\\David\\Documents\\GitHub\\Practicas-Tecnica-LancerGroup\\Practicas en PHP\\backend\\artisan(34): Illuminate\\Foundation\\Application->handleCommand(Object(Symfony\\Component\\Console\\Input\\ArgvInput))
#8 {main}
"} 
[2025-06-11 02:07:55] local.ERROR: SQLSTATE[42S01]: Base table or view already exists: 1050 Table 'authors' already exists (Connection: mysql, SQL: create table `authors` (`id` bigint unsigned not null auto_increment primary key, `nombre` varchar(255) not null, `apellido` varchar(255) not null, `pais` varchar(255) not null, `fecha_registro` timestamp not null default CURRENT_TIMESTAMP, `created_at` timestamp null, `updated_at` timestamp null, `deleted_at` timestamp null) default character set utf8mb4 collate 'utf8mb4_unicode_ci') {"exception":"[object] (Illuminate\\Database\\QueryException(code: 42S01): SQLSTATE[42S01]: Base table or view already exists: 1050 Table 'authors' already exists (Connection: mysql, SQL: create table `authors` (`id` bigint unsigned not null auto_increment primary key, `nombre` varchar(255) not null, `apellido` varchar(255) not null, `pais` varchar(255) not null, `fecha_registro` timestamp not null default CURRENT_TIMESTAMP, `created_at` timestamp null, `updated_at` timestamp null, `deleted_at` timestamp null) default character set utf8mb4 collate 'utf8mb4_unicode_ci') at C:\\Users\\David\\Documents\\GitHub\\Practicas-Tecnica-LancerGroup\\Practicas en PHP\\backend\\vendor\\laravel\\framework\\src\\Illuminate\\Database\\Connection.php:825)
[stacktrace]
#0 C:\\Users\\David\\Documents\\GitHub\\Practicas-Tecnica-LancerGroup\\Practicas en PHP\\backend\\vendor\\laravel\\framework\\src\\Illuminate\\Database\\Connection.php(779): Illuminate\\Database\\Connection->runQueryCallback('create table `a...', Array, Object(Closure))
#1 C:\\Users\\David\\Documents\\GitHub\\Practicas-Tecnica-LancerGroup\\Practicas en PHP\\backend\\vendor\\laravel\\framework\\src\\Illuminate\\Database\\Connection.php(560): Illuminate\\Database\\Connection->run('create table `a...', Array, Object(Closure))
#2 C:\\Users\\David\\Documents\\GitHub\\Practicas-Tecnica-LancerGroup\\Practicas en PHP\\backend\\vendor\\laravel\\framework\\src\\Illuminate\\Database\\Schema\\Blueprint.php(118): Illuminate\\Database\\Connection->statement('create table `a...')
#3 C:\\Users\\David\\Documents\\GitHub\\Practicas-Tecnica-LancerGroup\\Practicas en PHP\\backend\\vendor\\laravel\\framework\\src\\Illuminate\\Database\\Schema\\Builder.php(564): Illuminate\\Database\\Schema\\Blueprint->build(Object(Illuminate\\Database\\MySqlConnection), Object(Illuminate\\Database\\Schema\\Grammars\\MySqlGrammar))
#4 C:\\Users\\David\\Documents\\GitHub\\Practicas-Tecnica-LancerGroup\\Practicas en PHP\\backend\\vendor\\laravel\\framework\\src\\Illuminate\\Database\\Schema\\Builder.php(418): Illuminate\\Database\\Schema\\Builder->build(Object(Illuminate\\Database\\Schema\\Blueprint))
#5 C:\\Users\\David\\Documents\\GitHub\\Practicas-Tecnica-LancerGroup\\Practicas en PHP\\backend\\vendor\\laravel\\framework\\src\\Illuminate\\Support\\Facades\\Facade.php(361): Illuminate\\Database\\Schema\\Builder->create('authors', Object(Closure))
#6 C:\\Users\\David\\Documents\\GitHub\\Practicas-Tecnica-LancerGroup\\Practicas en PHP\\backend\\database\\migrations\\2025_06_11_020641_create_authors_table.php(13): Illuminate\\Support\\Facades\\Facade::__callStatic('create', Array)
#7 C:\\Users\\David\\Documents\\GitHub\\Practicas-Tecnica-LancerGroup\\Practicas en PHP\\backend\\vendor\\laravel\\framework\\src\\Illuminate\\Database\\Migrations\\Migrator.php(507): Illuminate\\Database\\Migrations\\Migration@anonymous->up()
#8 C:\\Users\\David\\Documents\\GitHub\\Practicas-Tecnica-LancerGroup\\Practicas en PHP\\backend\\vendor\\laravel\\framework\\src\\Illuminate\\Database\\Migrations\\Migrator.php(432): Illuminate\\Database\\Migrations\\Migrator->runMethod(Object(Illuminate\\Database\\MySqlConnection), Object(Illuminate\\Database\\Migrations\\Migration@anonymous), 'up')
#9 C:\\Users\\David\\Documents\\GitHub\\Practicas-Tecnica-LancerGroup\\Practicas en PHP\\backend\\vendor\\laravel\\framework\\src\\Illuminate\\Database\\Migrations\\Migrator.php(441): Illuminate\\Database\\Migrations\\Migrator->Illuminate\\Database\\Migrations\\{closure}()
#10 C:\\Users\\David\\Documents\\GitHub\\Practicas-Tecnica-LancerGroup\\Practicas en PHP\\backend\\vendor\\laravel\\framework\\src\\Illuminate\\Database\\Migrations\\Migrator.php(244): Illuminate\\Database\\Migrations\\Migrator->runMigration(Object(Illuminate\\Database\\Migrations\\Migration@anonymous), 'up')
#11 C:\\Users\\David\\Documents\\GitHub\\Practicas-Tecnica-LancerGroup\\Practicas en PHP\\backend\\vendor\\laravel\\framework\\src\\Illuminate\\Console\\View\\Components\\Task.php(40): Illuminate\\Database\\Migrations\\Migrator->Illuminate\\Database\\Migrations\\{closure}()
#12 C:\\Users\\David\\Documents\\GitHub\\Practicas-Tecnica-LancerGroup\\Practicas en PHP\\backend\\vendor\\laravel\\framework\\src\\Illuminate\\Database\\Migrations\\Migrator.php(798): Illuminate\\Console\\View\\Components\\Task->render('2025_06_11_0206...', Object(Closure))
#13 C:\\Users\\David\\Documents\\GitHub\\Practicas-Tecnica-LancerGroup\\Practicas en PHP\\backend\\vendor\\laravel\\framework\\src\\Illuminate\\Database\\Migrations\\Migrator.php(244): Illuminate\\Database\\Migrations\\Migrator->write('Illuminate\\\\Cons...', '2025_06_11_0206...', Object(Closure))
#14 C:\\Users\\David\\Documents\\GitHub\\Practicas-Tecnica-LancerGroup\\Practicas en PHP\\backend\\vendor\\laravel\\framework\\src\\Illuminate\\Database\\Migrations\\Migrator.php(211): Illuminate\\Database\\Migrations\\Migrator->runUp('C:\\\\Users\\\\David\\\\...', 2, false)
#15 C:\\Users\\David\\Documents\\GitHub\\Practicas-Tecnica-LancerGroup\\Practicas en PHP\\backend\\vendor\\laravel\\framework\\src\\Illuminate\\Database\\Migrations\\Migrator.php(138): Illuminate\\Database\\Migrations\\Migrator->runPending(Array, Array)
#16 C:\\Users\\David\\Documents\\GitHub\\Practicas-Tecnica-LancerGroup\\Practicas en PHP\\backend\\vendor\\laravel\\framework\\src\\Illuminate\\Database\\Console\\Migrations\\MigrateCommand.php(117): Illuminate\\Database\\Migrations\\Migrator->run(Array, Array)
#17 C:\\Users\\David\\Documents\\GitHub\\Practicas-Tecnica-LancerGroup\\Practicas en PHP\\backend\\vendor\\laravel\\framework\\src\\Illuminate\\Database\\Migrations\\Migrator.php(658): Illuminate\\Database\\Console\\Migrations\\MigrateCommand->Illuminate\\Database\\Console\\Migrations\\{closure}()
#18 C:\\Users\\David\\Documents\\GitHub\\Practicas-Tecnica-LancerGroup\\Practicas en PHP\\backend\\vendor\\laravel\\framework\\src\\Illuminate\\Database\\Console\\Migrations\\MigrateCommand.php(110): Illuminate\\Database\\Migrations\\Migrator->usingConnection(NULL, Object(Closure))
#19 C:\\Users\\David\\Documents\\GitHub\\Practicas-Tecnica-LancerGroup\\Practicas en PHP\\backend\\vendor\\laravel\\framework\\src\\Illuminate\\Database\\Console\\Migrations\\MigrateCommand.php(89): Illuminate\\Database\\Console\\Migrations\\MigrateCommand->runMigrations()
#20 C:\\Users\\David\\Documents\\GitHub\\Practicas-Tecnica-LancerGroup\\Practicas en PHP\\backend\\vendor\\laravel\\framework\\src\\Illuminate\\Container\\BoundMethod.php(36): Illuminate\\Database\\Console\\Migrations\\MigrateCommand->handle()
#21 C:\\Users\\David\\Documents\\GitHub\\Practicas-Tecnica-LancerGroup\\Practicas en PHP\\backend\\vendor\\laravel\\framework\\src\\Illuminate\\Container\\Util.php(43): Illuminate\\Container\\BoundMethod::Illuminate\\Container\\{closure}()
#22 C:\\Users\\David\\Documents\\GitHub\\Practicas-Tecnica-LancerGroup\\Practicas en PHP\\backend\\vendor\\laravel\\framework\\src\\Illuminate\\Container\\BoundMethod.php(95): Illuminate\\Container\\Util::unwrapIfClosure(Object(Closure))
#23 C:\\Users\\David\\Documents\\GitHub\\Practicas-Tecnica-LancerGroup\\Practicas en PHP\\backend\\vendor\\laravel\\framework\\src\\Illuminate\\Container\\BoundMethod.php(35): Illuminate\\Container\\BoundMethod::callBoundMethod(Object(Illuminate\\Foundation\\Application), Array, Object(Closure))
#24 C:\\Users\\David\\Documents\\GitHub\\Practicas-Tecnica-LancerGroup\\Practicas en PHP\\backend\\vendor\\laravel\\framework\\src\\Illuminate\\Container\\Container.php(696): Illuminate\\Container\\BoundMethod::call(Object(Illuminate\\Foundation\\Application), Array, Array, NULL)
#25 C:\\Users\\David\\Documents\\GitHub\\Practicas-Tecnica-LancerGroup\\Practicas en PHP\\backend\\vendor\\laravel\\framework\\src\\Illuminate\\Console\\Command.php(213): Illuminate\\Container\\Container->call(Array)
#26 C:\\Users\\David\\Documents\\GitHub\\Practicas-Tecnica-LancerGroup\\Practicas en PHP\\backend\\vendor\\symfony\\console\\Command\\Command.php(318): Illuminate\\Console\\Command->execute(Object(Symfony\\Component\\Console\\Input\\ArgvInput), Object(Illuminate\\Console\\OutputStyle))
#27 C:\\Users\\David\\Documents\\GitHub\\Practicas-Tecnica-LancerGroup\\Practicas en PHP\\backend\\vendor\\laravel\\framework\\src\\Illuminate\\Console\\Command.php(182): Symfony\\Component\\Console\\Command\\Command->run(Object(Symfony\\Component\\Console\\Input\\ArgvInput), Object(Illuminate\\Console\\OutputStyle))
#28 C:\\Users\\David\\Documents\\GitHub\\Practicas-Tecnica-LancerGroup\\Practicas en PHP\\backend\\vendor\\symfony\\console\\Application.php(1092): Illuminate\\Console\\Command->run(Object(Symfony\\Component\\Console\\Input\\ArgvInput), Object(Symfony\\Component\\Console\\Output\\ConsoleOutput))
#29 C:\\Users\\David\\Documents\\GitHub\\Practicas-Tecnica-LancerGroup\\Practicas en PHP\\backend\\vendor\\symfony\\console\\Application.php(341): Symfony\\Component\\Console\\Application->doRunCommand(Object(Illuminate\\Database\\Console\\Migrations\\MigrateCommand), Object(Symfony\\Component\\Console\\Input\\ArgvInput), Object(Symfony\\Component\\Console\\Output\\ConsoleOutput))
#30 C:\\Users\\David\\Documents\\GitHub\\Practicas-Tecnica-LancerGroup\\Practicas en PHP\\backend\\vendor\\symfony\\console\\Application.php(192): Symfony\\Component\\Console\\Application->doRun(Object(Symfony\\Component\\Console\\Input\\ArgvInput), Object(Symfony\\Component\\Console\\Output\\ConsoleOutput))
#31 C:\\Users\\David\\Documents\\GitHub\\Practicas-Tecnica-LancerGroup\\Practicas en PHP\\backend\\vendor\\laravel\\framework\\src\\Illuminate\\Foundation\\Console\\Kernel.php(198): Symfony\\Component\\Console\\Application->run(Object(Symfony\\Component\\Console\\Input\\ArgvInput), Object(Symfony\\Component\\Console\\Output\\ConsoleOutput))
#32 C:\\Users\\David\\Documents\\GitHub\\Practicas-Tecnica-LancerGroup\\Practicas en PHP\\backend\\vendor\\laravel\\framework\\src\\Illuminate\\Foundation\\Application.php(1235): Illuminate\\Foundation\\Console\\Kernel->handle(Object(Symfony\\Component\\Console\\Input\\ArgvInput), Object(Symfony\\Component\\Console\\Output\\ConsoleOutput))
#33 C:\\Users\\David\\Documents\\GitHub\\Practicas-Tecnica-LancerGroup\\Practicas en PHP\\backend\\artisan(34): Illuminate\\Foundation\\Application->handleCommand(Object(Symfony\\Component\\Console\\Input\\ArgvInput))
#34 {main}

[previous exception] [object] (PDOException(code: 42S01): SQLSTATE[42S01]: Base table or view already exists: 1050 Table 'authors' already exists at C:\\Users\\David\\Documents\\GitHub\\Practicas-Tecnica-LancerGroup\\Practicas en PHP\\backend\\vendor\\laravel\\framework\\src\\Illuminate\\Database\\Connection.php:571)
[stacktrace]
#0 C:\\Users\\David\\Documents\\GitHub\\Practicas-Tecnica-LancerGroup\\Practicas en PHP\\backend\\vendor\\laravel\\framework\\src\\Illuminate\\Database\\Connection.php(571): PDOStatement->execute()
#1 C:\\Users\\David\\Documents\\GitHub\\Practicas-Tecnica-LancerGroup\\Practicas en PHP\\backend\\vendor\\laravel\\framework\\src\\Illuminate\\Database\\Connection.php(812): Illuminate\\Database\\Connection->Illuminate\\Database\\{closure}('create table `a...', Array)
#2 C:\\Users\\David\\Documents\\GitHub\\Practicas-Tecnica-LancerGroup\\Practicas en PHP\\backend\\vendor\\laravel\\framework\\src\\Illuminate\\Database\\Connection.php(779): Illuminate\\Database\\Connection->runQueryCallback('create table `a...', Array, Object(Closure))
#3 C:\\Users\\David\\Documents\\GitHub\\Practicas-Tecnica-LancerGroup\\Practicas en PHP\\backend\\vendor\\laravel\\framework\\src\\Illuminate\\Database\\Connection.php(560): Illuminate\\Database\\Connection->run('create table `a...', Array, Object(Closure))
#4 C:\\Users\\David\\Documents\\GitHub\\Practicas-Tecnica-LancerGroup\\Practicas en PHP\\backend\\vendor\\laravel\\framework\\src\\Illuminate\\Database\\Schema\\Blueprint.php(118): Illuminate\\Database\\Connection->statement('create table `a...')
#5 C:\\Users\\David\\Documents\\GitHub\\Practicas-Tecnica-LancerGroup\\Practicas en PHP\\backend\\vendor\\laravel\\framework\\src\\Illuminate\\Database\\Schema\\Builder.php(564): Illuminate\\Database\\Schema\\Blueprint->build(Object(Illuminate\\Database\\MySqlConnection), Object(Illuminate\\Database\\Schema\\Grammars\\MySqlGrammar))
#6 C:\\Users\\David\\Documents\\GitHub\\Practicas-Tecnica-LancerGroup\\Practicas en PHP\\backend\\vendor\\laravel\\framework\\src\\Illuminate\\Database\\Schema\\Builder.php(418): Illuminate\\Database\\Schema\\Builder->build(Object(Illuminate\\Database\\Schema\\Blueprint))
#7 C:\\Users\\David\\Documents\\GitHub\\Practicas-Tecnica-LancerGroup\\Practicas en PHP\\backend\\vendor\\laravel\\framework\\src\\Illuminate\\Support\\Facades\\Facade.php(361): Illuminate\\Database\\Schema\\Builder->create('authors', Object(Closure))
#8 C:\\Users\\David\\Documents\\GitHub\\Practicas-Tecnica-LancerGroup\\Practicas en PHP\\backend\\database\\migrations\\2025_06_11_020641_create_authors_table.php(13): Illuminate\\Support\\Facades\\Facade::__callStatic('create', Array)
#9 C:\\Users\\David\\Documents\\GitHub\\Practicas-Tecnica-LancerGroup\\Practicas en PHP\\backend\\vendor\\laravel\\framework\\src\\Illuminate\\Database\\Migrations\\Migrator.php(507): Illuminate\\Database\\Migrations\\Migration@anonymous->up()
#10 C:\\Users\\David\\Documents\\GitHub\\Practicas-Tecnica-LancerGroup\\Practicas en PHP\\backend\\vendor\\laravel\\framework\\src\\Illuminate\\Database\\Migrations\\Migrator.php(432): Illuminate\\Database\\Migrations\\Migrator->runMethod(Object(Illuminate\\Database\\MySqlConnection), Object(Illuminate\\Database\\Migrations\\Migration@anonymous), 'up')
#11 C:\\Users\\David\\Documents\\GitHub\\Practicas-Tecnica-LancerGroup\\Practicas en PHP\\backend\\vendor\\laravel\\framework\\src\\Illuminate\\Database\\Migrations\\Migrator.php(441): Illuminate\\Database\\Migrations\\Migrator->Illuminate\\Database\\Migrations\\{closure}()
#12 C:\\Users\\David\\Documents\\GitHub\\Practicas-Tecnica-LancerGroup\\Practicas en PHP\\backend\\vendor\\laravel\\framework\\src\\Illuminate\\Database\\Migrations\\Migrator.php(244): Illuminate\\Database\\Migrations\\Migrator->runMigration(Object(Illuminate\\Database\\Migrations\\Migration@anonymous), 'up')
#13 C:\\Users\\David\\Documents\\GitHub\\Practicas-Tecnica-LancerGroup\\Practicas en PHP\\backend\\vendor\\laravel\\framework\\src\\Illuminate\\Console\\View\\Components\\Task.php(40): Illuminate\\Database\\Migrations\\Migrator->Illuminate\\Database\\Migrations\\{closure}()
#14 C:\\Users\\David\\Documents\\GitHub\\Practicas-Tecnica-LancerGroup\\Practicas en PHP\\backend\\vendor\\laravel\\framework\\src\\Illuminate\\Database\\Migrations\\Migrator.php(798): Illuminate\\Console\\View\\Components\\Task->render('2025_06_11_0206...', Object(Closure))
#15 C:\\Users\\David\\Documents\\GitHub\\Practicas-Tecnica-LancerGroup\\Practicas en PHP\\backend\\vendor\\laravel\\framework\\src\\Illuminate\\Database\\Migrations\\Migrator.php(244): Illuminate\\Database\\Migrations\\Migrator->write('Illuminate\\\\Cons...', '2025_06_11_0206...', Object(Closure))
#16 C:\\Users\\David\\Documents\\GitHub\\Practicas-Tecnica-LancerGroup\\Practicas en PHP\\backend\\vendor\\laravel\\framework\\src\\Illuminate\\Database\\Migrations\\Migrator.php(211): Illuminate\\Database\\Migrations\\Migrator->runUp('C:\\\\Users\\\\David\\\\...', 2, false)
#17 C:\\Users\\David\\Documents\\GitHub\\Practicas-Tecnica-LancerGroup\\Practicas en PHP\\backend\\vendor\\laravel\\framework\\src\\Illuminate\\Database\\Migrations\\Migrator.php(138): Illuminate\\Database\\Migrations\\Migrator->runPending(Array, Array)
#18 C:\\Users\\David\\Documents\\GitHub\\Practicas-Tecnica-LancerGroup\\Practicas en PHP\\backend\\vendor\\laravel\\framework\\src\\Illuminate\\Database\\Console\\Migrations\\MigrateCommand.php(117): Illuminate\\Database\\Migrations\\Migrator->run(Array, Array)
#19 C:\\Users\\David\\Documents\\GitHub\\Practicas-Tecnica-LancerGroup\\Practicas en PHP\\backend\\vendor\\laravel\\framework\\src\\Illuminate\\Database\\Migrations\\Migrator.php(658): Illuminate\\Database\\Console\\Migrations\\MigrateCommand->Illuminate\\Database\\Console\\Migrations\\{closure}()
#20 C:\\Users\\David\\Documents\\GitHub\\Practicas-Tecnica-LancerGroup\\Practicas en PHP\\backend\\vendor\\laravel\\framework\\src\\Illuminate\\Database\\Console\\Migrations\\MigrateCommand.php(110): Illuminate\\Database\\Migrations\\Migrator->usingConnection(NULL, Object(Closure))
#21 C:\\Users\\David\\Documents\\GitHub\\Practicas-Tecnica-LancerGroup\\Practicas en PHP\\backend\\vendor\\laravel\\framework\\src\\Illuminate\\Database\\Console\\Migrations\\MigrateCommand.php(89): Illuminate\\Database\\Console\\Migrations\\MigrateCommand->runMigrations()
#22 C:\\Users\\David\\Documents\\GitHub\\Practicas-Tecnica-LancerGroup\\Practicas en PHP\\backend\\vendor\\laravel\\framework\\src\\Illuminate\\Container\\BoundMethod.php(36): Illuminate\\Database\\Console\\Migrations\\MigrateCommand->handle()
#23 C:\\Users\\David\\Documents\\GitHub\\Practicas-Tecnica-LancerGroup\\Practicas en PHP\\backend\\vendor\\laravel\\framework\\src\\Illuminate\\Container\\Util.php(43): Illuminate\\Container\\BoundMethod::Illuminate\\Container\\{closure}()
#24 C:\\Users\\David\\Documents\\GitHub\\Practicas-Tecnica-LancerGroup\\Practicas en PHP\\backend\\vendor\\laravel\\framework\\src\\Illuminate\\Container\\BoundMethod.php(95): Illuminate\\Container\\Util::unwrapIfClosure(Object(Closure))
#25 C:\\Users\\David\\Documents\\GitHub\\Practicas-Tecnica-LancerGroup\\Practicas en PHP\\backend\\vendor\\laravel\\framework\\src\\Illuminate\\Container\\BoundMethod.php(35): Illuminate\\Container\\BoundMethod::callBoundMethod(Object(Illuminate\\Foundation\\Application), Array, Object(Closure))
#26 C:\\Users\\David\\Documents\\GitHub\\Practicas-Tecnica-LancerGroup\\Practicas en PHP\\backend\\vendor\\laravel\\framework\\src\\Illuminate\\Container\\Container.php(696): Illuminate\\Container\\BoundMethod::call(Object(Illuminate\\Foundation\\Application), Array, Array, NULL)
#27 C:\\Users\\David\\Documents\\GitHub\\Practicas-Tecnica-LancerGroup\\Practicas en PHP\\backend\\vendor\\laravel\\framework\\src\\Illuminate\\Console\\Command.php(213): Illuminate\\Container\\Container->call(Array)
#28 C:\\Users\\David\\Documents\\GitHub\\Practicas-Tecnica-LancerGroup\\Practicas en PHP\\backend\\vendor\\symfony\\console\\Command\\Command.php(318): Illuminate\\Console\\Command->execute(Object(Symfony\\Component\\Console\\Input\\ArgvInput), Object(Illuminate\\Console\\OutputStyle))
#29 C:\\Users\\David\\Documents\\GitHub\\Practicas-Tecnica-LancerGroup\\Practicas en PHP\\backend\\vendor\\laravel\\framework\\src\\Illuminate\\Console\\Command.php(182): Symfony\\Component\\Console\\Command\\Command->run(Object(Symfony\\Component\\Console\\Input\\ArgvInput), Object(Illuminate\\Console\\OutputStyle))
#30 C:\\Users\\David\\Documents\\GitHub\\Practicas-Tecnica-LancerGroup\\Practicas en PHP\\backend\\vendor\\symfony\\console\\Application.php(1092): Illuminate\\Console\\Command->run(Object(Symfony\\Component\\Console\\Input\\ArgvInput), Object(Symfony\\Component\\Console\\Output\\ConsoleOutput))
#31 C:\\Users\\David\\Documents\\GitHub\\Practicas-Tecnica-LancerGroup\\Practicas en PHP\\backend\\vendor\\symfony\\console\\Application.php(341): Symfony\\Component\\Console\\Application->doRunCommand(Object(Illuminate\\Database\\Console\\Migrations\\MigrateCommand), Object(Symfony\\Component\\Console\\Input\\ArgvInput), Object(Symfony\\Component\\Console\\Output\\ConsoleOutput))
#32 C:\\Users\\David\\Documents\\GitHub\\Practicas-Tecnica-LancerGroup\\Practicas en PHP\\backend\\vendor\\symfony\\console\\Application.php(192): Symfony\\Component\\Console\\Application->doRun(Object(Symfony\\Component\\Console\\Input\\ArgvInput), Object(Symfony\\Component\\Console\\Output\\ConsoleOutput))
#33 C:\\Users\\David\\Documents\\GitHub\\Practicas-Tecnica-LancerGroup\\Practicas en PHP\\backend\\vendor\\laravel\\framework\\src\\Illuminate\\Foundation\\Console\\Kernel.php(198): Symfony\\Component\\Console\\Application->run(Object(Symfony\\Component\\Console\\Input\\ArgvInput), Object(Symfony\\Component\\Console\\Output\\ConsoleOutput))
#34 C:\\Users\\David\\Documents\\GitHub\\Practicas-Tecnica-LancerGroup\\Practicas en PHP\\backend\\vendor\\laravel\\framework\\src\\Illuminate\\Foundation\\Application.php(1235): Illuminate\\Foundation\\Console\\Kernel->handle(Object(Symfony\\Component\\Console\\Input\\ArgvInput), Object(Symfony\\Component\\Console\\Output\\ConsoleOutput))
#35 C:\\Users\\David\\Documents\\GitHub\\Practicas-Tecnica-LancerGroup\\Practicas en PHP\\backend\\artisan(34): Illuminate\\Foundation\\Application->handleCommand(Object(Symfony\\Component\\Console\\Input\\ArgvInput))
#36 {main}
"} 
[2025-06-12 00:49:38] local.ERROR: Vite manifest not found at: C:\Users\David\Documents\GitHub\Practicas-Tecnica-LancerGroup\Practicas en PHP\backend\public\build/manifest.json (View: C:\Users\David\Documents\GitHub\Practicas-Tecnica-LancerGroup\Practicas en PHP\backend\resources\views\app.blade.php) {"exception":"[object] (Illuminate\\View\\ViewException(code: 0): Vite manifest not found at: C:\\Users\\David\\Documents\\GitHub\\Practicas-Tecnica-LancerGroup\\Practicas en PHP\\backend\\public\\build/manifest.json (View: C:\\Users\\David\\Documents\\GitHub\\Practicas-Tecnica-LancerGroup\\Practicas en PHP\\backend\\resources\\views\\app.blade.php) at C:\\Users\\David\\Documents\\GitHub\\Practicas-Tecnica-LancerGroup\\Practicas en PHP\\backend\\vendor\\laravel\\framework\\src\\Illuminate\\Foundation\\Vite.php:934)
[stacktrace]
#0 C:\\Users\\David\\Documents\\GitHub\\Practicas-Tecnica-LancerGroup\\Practicas en PHP\\backend\\vendor\\laravel\\framework\\src\\Illuminate\\View\\Engines\\PhpEngine.php(60): Illuminate\\View\\Engines\\CompilerEngine->handleViewException(Object(Illuminate\\Foundation\\ViteManifestNotFoundException), 1)
#1 C:\\Users\\David\\Documents\\GitHub\\Practicas-Tecnica-LancerGroup\\Practicas en PHP\\backend\\vendor\\laravel\\framework\\src\\Illuminate\\View\\Engines\\CompilerEngine.php(75): Illuminate\\View\\Engines\\PhpEngine->evaluatePath('C:\\\\Users\\\\David\\\\...', Array)
#2 C:\\Users\\David\\Documents\\GitHub\\Practicas-Tecnica-LancerGroup\\Practicas en PHP\\backend\\vendor\\laravel\\framework\\src\\Illuminate\\View\\View.php(209): Illuminate\\View\\Engines\\CompilerEngine->get('C:\\\\Users\\\\David\\\\...', Array)
#3 C:\\Users\\David\\Documents\\GitHub\\Practicas-Tecnica-LancerGroup\\Practicas en PHP\\backend\\vendor\\laravel\\framework\\src\\Illuminate\\View\\View.php(192): Illuminate\\View\\View->getContents()
#4 C:\\Users\\David\\Documents\\GitHub\\Practicas-Tecnica-LancerGroup\\Practicas en PHP\\backend\\vendor\\laravel\\framework\\src\\Illuminate\\View\\View.php(161): Illuminate\\View\\View->renderContents()
#5 C:\\Users\\David\\Documents\\GitHub\\Practicas-Tecnica-LancerGroup\\Practicas en PHP\\backend\\vendor\\laravel\\framework\\src\\Illuminate\\Http\\Response.php(79): Illuminate\\View\\View->render()
#6 C:\\Users\\David\\Documents\\GitHub\\Practicas-Tecnica-LancerGroup\\Practicas en PHP\\backend\\vendor\\laravel\\framework\\src\\Illuminate\\Http\\Response.php(35): Illuminate\\Http\\Response->setContent(Object(Illuminate\\View\\View))
#7 C:\\Users\\David\\Documents\\GitHub\\Practicas-Tecnica-LancerGroup\\Practicas en PHP\\backend\\vendor\\laravel\\framework\\src\\Illuminate\\Routing\\ResponseFactory.php(60): Illuminate\\Http\\Response->__construct(Object(Illuminate\\View\\View), 200, Array)
#8 C:\\Users\\David\\Documents\\GitHub\\Practicas-Tecnica-LancerGroup\\Practicas en PHP\\backend\\vendor\\laravel\\framework\\src\\Illuminate\\Routing\\ResponseFactory.php(90): Illuminate\\Routing\\ResponseFactory->make(Object(Illuminate\\View\\View), 200, Array)
#9 C:\\Users\\David\\Documents\\GitHub\\Practicas-Tecnica-LancerGroup\\Practicas en PHP\\backend\\vendor\\laravel\\framework\\src\\Illuminate\\Support\\Facades\\Facade.php(361): Illuminate\\Routing\\ResponseFactory->view('app', Array)
#10 C:\\Users\\David\\Documents\\GitHub\\Practicas-Tecnica-LancerGroup\\Practicas en PHP\\backend\\vendor\\inertiajs\\inertia-laravel\\src\\Response.php(126): Illuminate\\Support\\Facades\\Facade::__callStatic('view', Array)
#11 C:\\Users\\David\\Documents\\GitHub\\Practicas-Tecnica-LancerGroup\\Practicas en PHP\\backend\\vendor\\laravel\\framework\\src\\Illuminate\\Routing\\Router.php(902): Inertia\\Response->toResponse(Object(Illuminate\\Http\\Request))
#12 C:\\Users\\David\\Documents\\GitHub\\Practicas-Tecnica-LancerGroup\\Practicas en PHP\\backend\\vendor\\laravel\\framework\\src\\Illuminate\\Routing\\Router.php(887): Illuminate\\Routing\\Router::toResponse(Object(Illuminate\\Http\\Request), Object(Inertia\\Response))
#13 C:\\Users\\David\\Documents\\GitHub\\Practicas-Tecnica-LancerGroup\\Practicas en PHP\\backend\\vendor\\laravel\\framework\\src\\Illuminate\\Routing\\Router.php(807): Illuminate\\Routing\\Router->prepareResponse(Object(Illuminate\\Http\\Request), Object(Inertia\\Response))
#14 C:\\Users\\David\\Documents\\GitHub\\Practicas-Tecnica-LancerGroup\\Practicas en PHP\\backend\\vendor\\laravel\\framework\\src\\Illuminate\\Pipeline\\Pipeline.php(170): Illuminate\\Routing\\Router->Illuminate\\Routing\\{closure}(Object(Illuminate\\Http\\Request))
#15 C:\\Users\\David\\Documents\\GitHub\\Practicas-Tecnica-LancerGroup\\Practicas en PHP\\backend\\vendor\\inertiajs\\inertia-laravel\\src\\Middleware.php(86): Illuminate\\Pipeline\\Pipeline->Illuminate\\Pipeline\\{closure}(Object(Illuminate\\Http\\Request))
#16 C:\\Users\\David\\Documents\\GitHub\\Practicas-Tecnica-LancerGroup\\Practicas en PHP\\backend\\vendor\\laravel\\framework\\src\\Illuminate\\Pipeline\\Pipeline.php(209): Inertia\\Middleware->handle(Object(Illuminate\\Http\\Request), Object(Closure))
#17 C:\\Users\\David\\Documents\\GitHub\\Practicas-Tecnica-LancerGroup\\Practicas en PHP\\backend\\vendor\\laravel\\framework\\src\\Illuminate\\Routing\\Middleware\\SubstituteBindings.php(51): Illuminate\\Pipeline\\Pipeline->Illuminate\\Pipeline\\{closure}(Object(Illuminate\\Http\\Request))
#18 C:\\Users\\David\\Documents\\GitHub\\Practicas-Tecnica-LancerGroup\\Practicas en PHP\\backend\\vendor\\laravel\\framework\\src\\Illuminate\\Pipeline\\Pipeline.php(209): Illuminate\\Routing\\Middleware\\SubstituteBindings->handle(Object(Illuminate\\Http\\Request), Object(Closure))
#19 C:\\Users\\David\\Documents\\GitHub\\Practicas-Tecnica-LancerGroup\\Practicas en PHP\\backend\\vendor\\laravel\\framework\\src\\Illuminate\\Foundation\\Http\\Middleware\\VerifyCsrfToken.php(88): Illuminate\\Pipeline\\Pipeline->Illuminate\\Pipeline\\{closure}(Object(Illuminate\\Http\\Request))
#20 C:\\Users\\David\\Documents\\GitHub\\Practicas-Tecnica-LancerGroup\\Practicas en PHP\\backend\\vendor\\laravel\\framework\\src\\Illuminate\\Pipeline\\Pipeline.php(209): Illuminate\\Foundation\\Http\\Middleware\\VerifyCsrfToken->handle(Object(Illuminate\\Http\\Request), Object(Closure))
#21 C:\\Users\\David\\Documents\\GitHub\\Practicas-Tecnica-LancerGroup\\Practicas en PHP\\backend\\vendor\\laravel\\framework\\src\\Illuminate\\View\\Middleware\\ShareErrorsFromSession.php(49): Illuminate\\Pipeline\\Pipeline->Illuminate\\Pipeline\\{closure}(Object(Illuminate\\Http\\Request))
#22 C:\\Users\\David\\Documents\\GitHub\\Practicas-Tecnica-LancerGroup\\Practicas en PHP\\backend\\vendor\\laravel\\framework\\src\\Illuminate\\Pipeline\\Pipeline.php(209): Illuminate\\View\\Middleware\\ShareErrorsFromSession->handle(Object(Illuminate\\Http\\Request), Object(Closure))
#23 C:\\Users\\David\\Documents\\GitHub\\Practicas-Tecnica-LancerGroup\\Practicas en PHP\\backend\\vendor\\laravel\\framework\\src\\Illuminate\\Session\\Middleware\\StartSession.php(121): Illuminate\\Pipeline\\Pipeline->Illuminate\\Pipeline\\{closure}(Object(Illuminate\\Http\\Request))
#24 C:\\Users\\David\\Documents\\GitHub\\Practicas-Tecnica-LancerGroup\\Practicas en PHP\\backend\\vendor\\laravel\\framework\\src\\Illuminate\\Session\\Middleware\\StartSession.php(64): Illuminate\\Session\\Middleware\\StartSession->handleStatefulRequest(Object(Illuminate\\Http\\Request), Object(Illuminate\\Session\\Store), Object(Closure))
#25 C:\\Users\\David\\Documents\\GitHub\\Practicas-Tecnica-LancerGroup\\Practicas en PHP\\backend\\vendor\\laravel\\framework\\src\\Illuminate\\Pipeline\\Pipeline.php(209): Illuminate\\Session\\Middleware\\StartSession->handle(Object(Illuminate\\Http\\Request), Object(Closure))
#26 C:\\Users\\David\\Documents\\GitHub\\Practicas-Tecnica-LancerGroup\\Practicas en PHP\\backend\\vendor\\laravel\\framework\\src\\Illuminate\\Cookie\\Middleware\\AddQueuedCookiesToResponse.php(37): Illuminate\\Pipeline\\Pipeline->Illuminate\\Pipeline\\{closure}(Object(Illuminate\\Http\\Request))
#27 C:\\Users\\David\\Documents\\GitHub\\Practicas-Tecnica-LancerGroup\\Practicas en PHP\\backend\\vendor\\laravel\\framework\\src\\Illuminate\\Pipeline\\Pipeline.php(209): Illuminate\\Cookie\\Middleware\\AddQueuedCookiesToResponse->handle(Object(Illuminate\\Http\\Request), Object(Closure))
#28 C:\\Users\\David\\Documents\\GitHub\\Practicas-Tecnica-LancerGroup\\Practicas en PHP\\backend\\vendor\\laravel\\framework\\src\\Illuminate\\Cookie\\Middleware\\EncryptCookies.php(75): Illuminate\\Pipeline\\Pipeline->Illuminate\\Pipeline\\{closure}(Object(Illuminate\\Http\\Request))
#29 C:\\Users\\David\\Documents\\GitHub\\Practicas-Tecnica-LancerGroup\\Practicas en PHP\\backend\\vendor\\laravel\\framework\\src\\Illuminate\\Pipeline\\Pipeline.php(209): Illuminate\\Cookie\\Middleware\\EncryptCookies->handle(Object(Illuminate\\Http\\Request), Object(Closure))
#30 C:\\Users\\David\\Documents\\GitHub\\Practicas-Tecnica-LancerGroup\\Practicas en PHP\\backend\\vendor\\laravel\\framework\\src\\Illuminate\\Pipeline\\Pipeline.php(127): Illuminate\\Pipeline\\Pipeline->Illuminate\\Pipeline\\{closure}(Object(Illuminate\\Http\\Request))
#31 C:\\Users\\David\\Documents\\GitHub\\Practicas-Tecnica-LancerGroup\\Practicas en PHP\\backend\\vendor\\laravel\\framework\\src\\Illuminate\\Routing\\Router.php(807): Illuminate\\Pipeline\\Pipeline->then(Object(Closure))
#32 C:\\Users\\David\\Documents\\GitHub\\Practicas-Tecnica-LancerGroup\\Practicas en PHP\\backend\\vendor\\laravel\\framework\\src\\Illuminate\\Routing\\Router.php(786): Illuminate\\Routing\\Router->runRouteWithinStack(Object(Illuminate\\Routing\\Route), Object(Illuminate\\Http\\Request))
#33 C:\\Users\\David\\Documents\\GitHub\\Practicas-Tecnica-LancerGroup\\Practicas en PHP\\backend\\vendor\\laravel\\framework\\src\\Illuminate\\Routing\\Router.php(750): Illuminate\\Routing\\Router->runRoute(Object(Illuminate\\Http\\Request), Object(Illuminate\\Routing\\Route))
#34 C:\\Users\\David\\Documents\\GitHub\\Practicas-Tecnica-LancerGroup\\Practicas en PHP\\backend\\vendor\\laravel\\framework\\src\\Illuminate\\Routing\\Router.php(739): Illuminate\\Routing\\Router->dispatchToRoute(Object(Illuminate\\Http\\Request))
#35 C:\\Users\\David\\Documents\\GitHub\\Practicas-Tecnica-LancerGroup\\Practicas en PHP\\backend\\vendor\\laravel\\framework\\src\\Illuminate\\Foundation\\Http\\Kernel.php(201): Illuminate\\Routing\\Router->dispatch(Object(Illuminate\\Http\\Request))
#36 C:\\Users\\David\\Documents\\GitHub\\Practicas-Tecnica-LancerGroup\\Practicas en PHP\\backend\\vendor\\laravel\\framework\\src\\Illuminate\\Pipeline\\Pipeline.php(170): Illuminate\\Foundation\\Http\\Kernel->Illuminate\\Foundation\\Http\\{closure}(Object(Illuminate\\Http\\Request))
#37 C:\\Users\\David\\Documents\\GitHub\\Practicas-Tecnica-LancerGroup\\Practicas en PHP\\backend\\vendor\\laravel\\framework\\src\\Illuminate\\Foundation\\Http\\Middleware\\TransformsRequest.php(21): Illuminate\\Pipeline\\Pipeline->Illuminate\\Pipeline\\{closure}(Object(Illuminate\\Http\\Request))
#38 C:\\Users\\David\\Documents\\GitHub\\Practicas-Tecnica-LancerGroup\\Practicas en PHP\\backend\\vendor\\laravel\\framework\\src\\Illuminate\\Foundation\\Http\\Middleware\\ConvertEmptyStringsToNull.php(31): Illuminate\\Foundation\\Http\\Middleware\\TransformsRequest->handle(Object(Illuminate\\Http\\Request), Object(Closure))
#39 C:\\Users\\David\\Documents\\GitHub\\Practicas-Tecnica-LancerGroup\\Practicas en PHP\\backend\\vendor\\laravel\\framework\\src\\Illuminate\\Pipeline\\Pipeline.php(209): Illuminate\\Foundation\\Http\\Middleware\\ConvertEmptyStringsToNull->handle(Object(Illuminate\\Http\\Request), Object(Closure))
#40 C:\\Users\\David\\Documents\\GitHub\\Practicas-Tecnica-LancerGroup\\Practicas en PHP\\backend\\vendor\\laravel\\framework\\src\\Illuminate\\Foundation\\Http\\Middleware\\TransformsRequest.php(21): Illuminate\\Pipeline\\Pipeline->Illuminate\\Pipeline\\{closure}(Object(Illuminate\\Http\\Request))
#41 C:\\Users\\David\\Documents\\GitHub\\Practicas-Tecnica-LancerGroup\\Practicas en PHP\\backend\\vendor\\laravel\\framework\\src\\Illuminate\\Foundation\\Http\\Middleware\\TrimStrings.php(51): Illuminate\\Foundation\\Http\\Middleware\\TransformsRequest->handle(Object(Illuminate\\Http\\Request), Object(Closure))
#42 C:\\Users\\David\\Documents\\GitHub\\Practicas-Tecnica-LancerGroup\\Practicas en PHP\\backend\\vendor\\laravel\\framework\\src\\Illuminate\\Pipeline\\Pipeline.php(209): Illuminate\\Foundation\\Http\\Middleware\\TrimStrings->handle(Object(Illuminate\\Http\\Request), Object(Closure))
#43 C:\\Users\\David\\Documents\\GitHub\\Practicas-Tecnica-LancerGroup\\Practicas en PHP\\backend\\vendor\\laravel\\framework\\src\\Illuminate\\Http\\Middleware\\ValidatePostSize.php(27): Illuminate\\Pipeline\\Pipeline->Illuminate\\Pipeline\\{closure}(Object(Illuminate\\Http\\Request))
#44 C:\\Users\\David\\Documents\\GitHub\\Practicas-Tecnica-LancerGroup\\Practicas en PHP\\backend\\vendor\\laravel\\framework\\src\\Illuminate\\Pipeline\\Pipeline.php(209): Illuminate\\Http\\Middleware\\ValidatePostSize->handle(Object(Illuminate\\Http\\Request), Object(Closure))
#45 C:\\Users\\David\\Documents\\GitHub\\Practicas-Tecnica-LancerGroup\\Practicas en PHP\\backend\\vendor\\laravel\\framework\\src\\Illuminate\\Foundation\\Http\\Middleware\\PreventRequestsDuringMaintenance.php(110): Illuminate\\Pipeline\\Pipeline->Illuminate\\Pipeline\\{closure}(Object(Illuminate\\Http\\Request))
#46 C:\\Users\\David\\Documents\\GitHub\\Practicas-Tecnica-LancerGroup\\Practicas en PHP\\backend\\vendor\\laravel\\framework\\src\\Illuminate\\Pipeline\\Pipeline.php(209): Illuminate\\Foundation\\Http\\Middleware\\PreventRequestsDuringMaintenance->handle(Object(Illuminate\\Http\\Request), Object(Closure))
#47 C:\\Users\\David\\Documents\\GitHub\\Practicas-Tecnica-LancerGroup\\Practicas en PHP\\backend\\vendor\\laravel\\framework\\src\\Illuminate\\Http\\Middleware\\HandleCors.php(49): Illuminate\\Pipeline\\Pipeline->Illuminate\\Pipeline\\{closure}(Object(Illuminate\\Http\\Request))
#48 C:\\Users\\David\\Documents\\GitHub\\Practicas-Tecnica-LancerGroup\\Practicas en PHP\\backend\\vendor\\laravel\\framework\\src\\Illuminate\\Pipeline\\Pipeline.php(209): Illuminate\\Http\\Middleware\\HandleCors->handle(Object(Illuminate\\Http\\Request), Object(Closure))
#49 C:\\Users\\David\\Documents\\GitHub\\Practicas-Tecnica-LancerGroup\\Practicas en PHP\\backend\\vendor\\laravel\\framework\\src\\Illuminate\\Http\\Middleware\\TrustProxies.php(58): Illuminate\\Pipeline\\Pipeline->Illuminate\\Pipeline\\{closure}(Object(Illuminate\\Http\\Request))
#50 C:\\Users\\David\\Documents\\GitHub\\Practicas-Tecnica-LancerGroup\\Practicas en PHP\\backend\\vendor\\laravel\\framework\\src\\Illuminate\\Pipeline\\Pipeline.php(209): Illuminate\\Http\\Middleware\\TrustProxies->handle(Object(Illuminate\\Http\\Request), Object(Closure))
#51 C:\\Users\\David\\Documents\\GitHub\\Practicas-Tecnica-LancerGroup\\Practicas en PHP\\backend\\vendor\\laravel\\framework\\src\\Illuminate\\Foundation\\Http\\Middleware\\InvokeDeferredCallbacks.php(22): Illuminate\\Pipeline\\Pipeline->Illuminate\\Pipeline\\{closure}(Object(Illuminate\\Http\\Request))
#52 C:\\Users\\David\\Documents\\GitHub\\Practicas-Tecnica-LancerGroup\\Practicas en PHP\\backend\\vendor\\laravel\\framework\\src\\Illuminate\\Pipeline\\Pipeline.php(209): Illuminate\\Foundation\\Http\\Middleware\\InvokeDeferredCallbacks->handle(Object(Illuminate\\Http\\Request), Object(Closure))
#53 C:\\Users\\David\\Documents\\GitHub\\Practicas-Tecnica-LancerGroup\\Practicas en PHP\\backend\\vendor\\laravel\\framework\\src\\Illuminate\\Pipeline\\Pipeline.php(127): Illuminate\\Pipeline\\Pipeline->Illuminate\\Pipeline\\{closure}(Object(Illuminate\\Http\\Request))
#54 C:\\Users\\David\\Documents\\GitHub\\Practicas-Tecnica-LancerGroup\\Practicas en PHP\\backend\\vendor\\laravel\\framework\\src\\Illuminate\\Foundation\\Http\\Kernel.php(176): Illuminate\\Pipeline\\Pipeline->then(Object(Closure))
#55 C:\\Users\\David\\Documents\\GitHub\\Practicas-Tecnica-LancerGroup\\Practicas en PHP\\backend\\vendor\\laravel\\framework\\src\\Illuminate\\Foundation\\Http\\Kernel.php(145): Illuminate\\Foundation\\Http\\Kernel->sendRequestThroughRouter(Object(Illuminate\\Http\\Request))
#56 C:\\Users\\David\\Documents\\GitHub\\Practicas-Tecnica-LancerGroup\\Practicas en PHP\\backend\\vendor\\laravel\\framework\\src\\Illuminate\\Foundation\\Application.php(1220): Illuminate\\Foundation\\Http\\Kernel->handle(Object(Illuminate\\Http\\Request))
#57 C:\\Users\\David\\Documents\\GitHub\\Practicas-Tecnica-LancerGroup\\Practicas en PHP\\backend\\public\\index.php(20): Illuminate\\Foundation\\Application->handleRequest(Object(Illuminate\\Http\\Request))
#58 C:\\Users\\David\\Documents\\GitHub\\Practicas-Tecnica-LancerGroup\\Practicas en PHP\\backend\\vendor\\laravel\\framework\\src\\Illuminate\\Foundation\\resources\\server.php(23): require_once('C:\\\\Users\\\\David\\\\...')
#59 {main}

[previous exception] [object] (Illuminate\\Foundation\\ViteManifestNotFoundException(code: 0): Vite manifest not found at: C:\\Users\\David\\Documents\\GitHub\\Practicas-Tecnica-LancerGroup\\Practicas en PHP\\backend\\public\\build/manifest.json at C:\\Users\\David\\Documents\\GitHub\\Practicas-Tecnica-LancerGroup\\Practicas en PHP\\backend\\vendor\\laravel\\framework\\src\\Illuminate\\Foundation\\Vite.php:934)
[stacktrace]
#0 C:\\Users\\David\\Documents\\GitHub\\Practicas-Tecnica-LancerGroup\\Practicas en PHP\\backend\\vendor\\laravel\\framework\\src\\Illuminate\\Foundation\\Vite.php(384): Illuminate\\Foundation\\Vite->manifest('build')
#1 C:\\Users\\David\\Documents\\GitHub\\Practicas-Tecnica-LancerGroup\\Practicas en PHP\\backend\\storage\\framework\\views\\572fe6ac002e1e8e38a3000aa7a84d50.php(16): Illuminate\\Foundation\\Vite->__invoke(Object(Illuminate\\Support\\Collection))
#2 C:\\Users\\David\\Documents\\GitHub\\Practicas-Tecnica-LancerGroup\\Practicas en PHP\\backend\\vendor\\laravel\\framework\\src\\Illuminate\\Filesystem\\Filesystem.php(123): require('C:\\\\Users\\\\David\\\\...')
#3 C:\\Users\\David\\Documents\\GitHub\\Practicas-Tecnica-LancerGroup\\Practicas en PHP\\backend\\vendor\\laravel\\framework\\src\\Illuminate\\Filesystem\\Filesystem.php(124): Illuminate\\Filesystem\\Filesystem::Illuminate\\Filesystem\\{closure}()
#4 C:\\Users\\David\\Documents\\GitHub\\Practicas-Tecnica-LancerGroup\\Practicas en PHP\\backend\\vendor\\laravel\\framework\\src\\Illuminate\\View\\Engines\\PhpEngine.php(58): Illuminate\\Filesystem\\Filesystem->getRequire('C:\\\\Users\\\\David\\\\...', Array)
#5 C:\\Users\\David\\Documents\\GitHub\\Practicas-Tecnica-LancerGroup\\Practicas en PHP\\backend\\vendor\\laravel\\framework\\src\\Illuminate\\View\\Engines\\CompilerEngine.php(75): Illuminate\\View\\Engines\\PhpEngine->evaluatePath('C:\\\\Users\\\\David\\\\...', Array)
#6 C:\\Users\\David\\Documents\\GitHub\\Practicas-Tecnica-LancerGroup\\Practicas en PHP\\backend\\vendor\\laravel\\framework\\src\\Illuminate\\View\\View.php(209): Illuminate\\View\\Engines\\CompilerEngine->get('C:\\\\Users\\\\David\\\\...', Array)
#7 C:\\Users\\David\\Documents\\GitHub\\Practicas-Tecnica-LancerGroup\\Practicas en PHP\\backend\\vendor\\laravel\\framework\\src\\Illuminate\\View\\View.php(192): Illuminate\\View\\View->getContents()
#8 C:\\Users\\David\\Documents\\GitHub\\Practicas-Tecnica-LancerGroup\\Practicas en PHP\\backend\\vendor\\laravel\\framework\\src\\Illuminate\\View\\View.php(161): Illuminate\\View\\View->renderContents()
#9 C:\\Users\\David\\Documents\\GitHub\\Practicas-Tecnica-LancerGroup\\Practicas en PHP\\backend\\vendor\\laravel\\framework\\src\\Illuminate\\Http\\Response.php(79): Illuminate\\View\\View->render()
#10 C:\\Users\\David\\Documents\\GitHub\\Practicas-Tecnica-LancerGroup\\Practicas en PHP\\backend\\vendor\\laravel\\framework\\src\\Illuminate\\Http\\Response.php(35): Illuminate\\Http\\Response->setContent(Object(Illuminate\\View\\View))
#11 C:\\Users\\David\\Documents\\GitHub\\Practicas-Tecnica-LancerGroup\\Practicas en PHP\\backend\\vendor\\laravel\\framework\\src\\Illuminate\\Routing\\ResponseFactory.php(60): Illuminate\\Http\\Response->__construct(Object(Illuminate\\View\\View), 200, Array)
#12 C:\\Users\\David\\Documents\\GitHub\\Practicas-Tecnica-LancerGroup\\Practicas en PHP\\backend\\vendor\\laravel\\framework\\src\\Illuminate\\Routing\\ResponseFactory.php(90): Illuminate\\Routing\\ResponseFactory->make(Object(Illuminate\\View\\View), 200, Array)
#13 C:\\Users\\David\\Documents\\GitHub\\Practicas-Tecnica-LancerGroup\\Practicas en PHP\\backend\\vendor\\laravel\\framework\\src\\Illuminate\\Support\\Facades\\Facade.php(361): Illuminate\\Routing\\ResponseFactory->view('app', Array)
#14 C:\\Users\\David\\Documents\\GitHub\\Practicas-Tecnica-LancerGroup\\Practicas en PHP\\backend\\vendor\\inertiajs\\inertia-laravel\\src\\Response.php(126): Illuminate\\Support\\Facades\\Facade::__callStatic('view', Array)
#15 C:\\Users\\David\\Documents\\GitHub\\Practicas-Tecnica-LancerGroup\\Practicas en PHP\\backend\\vendor\\laravel\\framework\\src\\Illuminate\\Routing\\Router.php(902): Inertia\\Response->toResponse(Object(Illuminate\\Http\\Request))
#16 C:\\Users\\David\\Documents\\GitHub\\Practicas-Tecnica-LancerGroup\\Practicas en PHP\\backend\\vendor\\laravel\\framework\\src\\Illuminate\\Routing\\Router.php(887): Illuminate\\Routing\\Router::toResponse(Object(Illuminate\\Http\\Request), Object(Inertia\\Response))
#17 C:\\Users\\David\\Documents\\GitHub\\Practicas-Tecnica-LancerGroup\\Practicas en PHP\\backend\\vendor\\laravel\\framework\\src\\Illuminate\\Routing\\Router.php(807): Illuminate\\Routing\\Router->prepareResponse(Object(Illuminate\\Http\\Request), Object(Inertia\\Response))
#18 C:\\Users\\David\\Documents\\GitHub\\Practicas-Tecnica-LancerGroup\\Practicas en PHP\\backend\\vendor\\laravel\\framework\\src\\Illuminate\\Pipeline\\Pipeline.php(170): Illuminate\\Routing\\Router->Illuminate\\Routing\\{closure}(Object(Illuminate\\Http\\Request))
#19 C:\\Users\\David\\Documents\\GitHub\\Practicas-Tecnica-LancerGroup\\Practicas en PHP\\backend\\vendor\\inertiajs\\inertia-laravel\\src\\Middleware.php(86): Illuminate\\Pipeline\\Pipeline->Illuminate\\Pipeline\\{closure}(Object(Illuminate\\Http\\Request))
#20 C:\\Users\\David\\Documents\\GitHub\\Practicas-Tecnica-LancerGroup\\Practicas en PHP\\backend\\vendor\\laravel\\framework\\src\\Illuminate\\Pipeline\\Pipeline.php(209): Inertia\\Middleware->handle(Object(Illuminate\\Http\\Request), Object(Closure))
#21 C:\\Users\\David\\Documents\\GitHub\\Practicas-Tecnica-LancerGroup\\Practicas en PHP\\backend\\vendor\\laravel\\framework\\src\\Illuminate\\Routing\\Middleware\\SubstituteBindings.php(51): Illuminate\\Pipeline\\Pipeline->Illuminate\\Pipeline\\{closure}(Object(Illuminate\\Http\\Request))
#22 C:\\Users\\David\\Documents\\GitHub\\Practicas-Tecnica-LancerGroup\\Practicas en PHP\\backend\\vendor\\laravel\\framework\\src\\Illuminate\\Pipeline\\Pipeline.php(209): Illuminate\\Routing\\Middleware\\SubstituteBindings->handle(Object(Illuminate\\Http\\Request), Object(Closure))
#23 C:\\Users\\David\\Documents\\GitHub\\Practicas-Tecnica-LancerGroup\\Practicas en PHP\\backend\\vendor\\laravel\\framework\\src\\Illuminate\\Foundation\\Http\\Middleware\\VerifyCsrfToken.php(88): Illuminate\\Pipeline\\Pipeline->Illuminate\\Pipeline\\{closure}(Object(Illuminate\\Http\\Request))
#24 C:\\Users\\David\\Documents\\GitHub\\Practicas-Tecnica-LancerGroup\\Practicas en PHP\\backend\\vendor\\laravel\\framework\\src\\Illuminate\\Pipeline\\Pipeline.php(209): Illuminate\\Foundation\\Http\\Middleware\\VerifyCsrfToken->handle(Object(Illuminate\\Http\\Request), Object(Closure))
#25 C:\\Users\\David\\Documents\\GitHub\\Practicas-Tecnica-LancerGroup\\Practicas en PHP\\backend\\vendor\\laravel\\framework\\src\\Illuminate\\View\\Middleware\\ShareErrorsFromSession.php(49): Illuminate\\Pipeline\\Pipeline->Illuminate\\Pipeline\\{closure}(Object(Illuminate\\Http\\Request))
#26 C:\\Users\\David\\Documents\\GitHub\\Practicas-Tecnica-LancerGroup\\Practicas en PHP\\backend\\vendor\\laravel\\framework\\src\\Illuminate\\Pipeline\\Pipeline.php(209): Illuminate\\View\\Middleware\\ShareErrorsFromSession->handle(Object(Illuminate\\Http\\Request), Object(Closure))
#27 C:\\Users\\David\\Documents\\GitHub\\Practicas-Tecnica-LancerGroup\\Practicas en PHP\\backend\\vendor\\laravel\\framework\\src\\Illuminate\\Session\\Middleware\\StartSession.php(121): Illuminate\\Pipeline\\Pipeline->Illuminate\\Pipeline\\{closure}(Object(Illuminate\\Http\\Request))
#28 C:\\Users\\David\\Documents\\GitHub\\Practicas-Tecnica-LancerGroup\\Practicas en PHP\\backend\\vendor\\laravel\\framework\\src\\Illuminate\\Session\\Middleware\\StartSession.php(64): Illuminate\\Session\\Middleware\\StartSession->handleStatefulRequest(Object(Illuminate\\Http\\Request), Object(Illuminate\\Session\\Store), Object(Closure))
#29 C:\\Users\\David\\Documents\\GitHub\\Practicas-Tecnica-LancerGroup\\Practicas en PHP\\backend\\vendor\\laravel\\framework\\src\\Illuminate\\Pipeline\\Pipeline.php(209): Illuminate\\Session\\Middleware\\StartSession->handle(Object(Illuminate\\Http\\Request), Object(Closure))
#30 C:\\Users\\David\\Documents\\GitHub\\Practicas-Tecnica-LancerGroup\\Practicas en PHP\\backend\\vendor\\laravel\\framework\\src\\Illuminate\\Cookie\\Middleware\\AddQueuedCookiesToResponse.php(37): Illuminate\\Pipeline\\Pipeline->Illuminate\\Pipeline\\{closure}(Object(Illuminate\\Http\\Request))
#31 C:\\Users\\David\\Documents\\GitHub\\Practicas-Tecnica-LancerGroup\\Practicas en PHP\\backend\\vendor\\laravel\\framework\\src\\Illuminate\\Pipeline\\Pipeline.php(209): Illuminate\\Cookie\\Middleware\\AddQueuedCookiesToResponse->handle(Object(Illuminate\\Http\\Request), Object(Closure))
#32 C:\\Users\\David\\Documents\\GitHub\\Practicas-Tecnica-LancerGroup\\Practicas en PHP\\backend\\vendor\\laravel\\framework\\src\\Illuminate\\Cookie\\Middleware\\EncryptCookies.php(75): Illuminate\\Pipeline\\Pipeline->Illuminate\\Pipeline\\{closure}(Object(Illuminate\\Http\\Request))
#33 C:\\Users\\David\\Documents\\GitHub\\Practicas-Tecnica-LancerGroup\\Practicas en PHP\\backend\\vendor\\laravel\\framework\\src\\Illuminate\\Pipeline\\Pipeline.php(209): Illuminate\\Cookie\\Middleware\\EncryptCookies->handle(Object(Illuminate\\Http\\Request), Object(Closure))
#34 C:\\Users\\David\\Documents\\GitHub\\Practicas-Tecnica-LancerGroup\\Practicas en PHP\\backend\\vendor\\laravel\\framework\\src\\Illuminate\\Pipeline\\Pipeline.php(127): Illuminate\\Pipeline\\Pipeline->Illuminate\\Pipeline\\{closure}(Object(Illuminate\\Http\\Request))
#35 C:\\Users\\David\\Documents\\GitHub\\Practicas-Tecnica-LancerGroup\\Practicas en PHP\\backend\\vendor\\laravel\\framework\\src\\Illuminate\\Routing\\Router.php(807): Illuminate\\Pipeline\\Pipeline->then(Object(Closure))
#36 C:\\Users\\David\\Documents\\GitHub\\Practicas-Tecnica-LancerGroup\\Practicas en PHP\\backend\\vendor\\laravel\\framework\\src\\Illuminate\\Routing\\Router.php(786): Illuminate\\Routing\\Router->runRouteWithinStack(Object(Illuminate\\Routing\\Route), Object(Illuminate\\Http\\Request))
#37 C:\\Users\\David\\Documents\\GitHub\\Practicas-Tecnica-LancerGroup\\Practicas en PHP\\backend\\vendor\\laravel\\framework\\src\\Illuminate\\Routing\\Router.php(750): Illuminate\\Routing\\Router->runRoute(Object(Illuminate\\Http\\Request), Object(Illuminate\\Routing\\Route))
#38 C:\\Users\\David\\Documents\\GitHub\\Practicas-Tecnica-LancerGroup\\Practicas en PHP\\backend\\vendor\\laravel\\framework\\src\\Illuminate\\Routing\\Router.php(739): Illuminate\\Routing\\Router->dispatchToRoute(Object(Illuminate\\Http\\Request))
#39 C:\\Users\\David\\Documents\\GitHub\\Practicas-Tecnica-LancerGroup\\Practicas en PHP\\backend\\vendor\\laravel\\framework\\src\\Illuminate\\Foundation\\Http\\Kernel.php(201): Illuminate\\Routing\\Router->dispatch(Object(Illuminate\\Http\\Request))
#40 C:\\Users\\David\\Documents\\GitHub\\Practicas-Tecnica-LancerGroup\\Practicas en PHP\\backend\\vendor\\laravel\\framework\\src\\Illuminate\\Pipeline\\Pipeline.php(170): Illuminate\\Foundation\\Http\\Kernel->Illuminate\\Foundation\\Http\\{closure}(Object(Illuminate\\Http\\Request))
#41 C:\\Users\\David\\Documents\\GitHub\\Practicas-Tecnica-LancerGroup\\Practicas en PHP\\backend\\vendor\\laravel\\framework\\src\\Illuminate\\Foundation\\Http\\Middleware\\TransformsRequest.php(21): Illuminate\\Pipeline\\Pipeline->Illuminate\\Pipeline\\{closure}(Object(Illuminate\\Http\\Request))
#42 C:\\Users\\David\\Documents\\GitHub\\Practicas-Tecnica-LancerGroup\\Practicas en PHP\\backend\\vendor\\laravel\\framework\\src\\Illuminate\\Foundation\\Http\\Middleware\\ConvertEmptyStringsToNull.php(31): Illuminate\\Foundation\\Http\\Middleware\\TransformsRequest->handle(Object(Illuminate\\Http\\Request), Object(Closure))
#43 C:\\Users\\David\\Documents\\GitHub\\Practicas-Tecnica-LancerGroup\\Practicas en PHP\\backend\\vendor\\laravel\\framework\\src\\Illuminate\\Pipeline\\Pipeline.php(209): Illuminate\\Foundation\\Http\\Middleware\\ConvertEmptyStringsToNull->handle(Object(Illuminate\\Http\\Request), Object(Closure))
#44 C:\\Users\\David\\Documents\\GitHub\\Practicas-Tecnica-LancerGroup\\Practicas en PHP\\backend\\vendor\\laravel\\framework\\src\\Illuminate\\Foundation\\Http\\Middleware\\TransformsRequest.php(21): Illuminate\\Pipeline\\Pipeline->Illuminate\\Pipeline\\{closure}(Object(Illuminate\\Http\\Request))
#45 C:\\Users\\David\\Documents\\GitHub\\Practicas-Tecnica-LancerGroup\\Practicas en PHP\\backend\\vendor\\laravel\\framework\\src\\Illuminate\\Foundation\\Http\\Middleware\\TrimStrings.php(51): Illuminate\\Foundation\\Http\\Middleware\\TransformsRequest->handle(Object(Illuminate\\Http\\Request), Object(Closure))
#46 C:\\Users\\David\\Documents\\GitHub\\Practicas-Tecnica-LancerGroup\\Practicas en PHP\\backend\\vendor\\laravel\\framework\\src\\Illuminate\\Pipeline\\Pipeline.php(209): Illuminate\\Foundation\\Http\\Middleware\\TrimStrings->handle(Object(Illuminate\\Http\\Request), Object(Closure))
#47 C:\\Users\\David\\Documents\\GitHub\\Practicas-Tecnica-LancerGroup\\Practicas en PHP\\backend\\vendor\\laravel\\framework\\src\\Illuminate\\Http\\Middleware\\ValidatePostSize.php(27): Illuminate\\Pipeline\\Pipeline->Illuminate\\Pipeline\\{closure}(Object(Illuminate\\Http\\Request))
#48 C:\\Users\\David\\Documents\\GitHub\\Practicas-Tecnica-LancerGroup\\Practicas en PHP\\backend\\vendor\\laravel\\framework\\src\\Illuminate\\Pipeline\\Pipeline.php(209): Illuminate\\Http\\Middleware\\ValidatePostSize->handle(Object(Illuminate\\Http\\Request), Object(Closure))
#49 C:\\Users\\David\\Documents\\GitHub\\Practicas-Tecnica-LancerGroup\\Practicas en PHP\\backend\\vendor\\laravel\\framework\\src\\Illuminate\\Foundation\\Http\\Middleware\\PreventRequestsDuringMaintenance.php(110): Illuminate\\Pipeline\\Pipeline->Illuminate\\Pipeline\\{closure}(Object(Illuminate\\Http\\Request))
#50 C:\\Users\\David\\Documents\\GitHub\\Practicas-Tecnica-LancerGroup\\Practicas en PHP\\backend\\vendor\\laravel\\framework\\src\\Illuminate\\Pipeline\\Pipeline.php(209): Illuminate\\Foundation\\Http\\Middleware\\PreventRequestsDuringMaintenance->handle(Object(Illuminate\\Http\\Request), Object(Closure))
#51 C:\\Users\\David\\Documents\\GitHub\\Practicas-Tecnica-LancerGroup\\Practicas en PHP\\backend\\vendor\\laravel\\framework\\src\\Illuminate\\Http\\Middleware\\HandleCors.php(49): Illuminate\\Pipeline\\Pipeline->Illuminate\\Pipeline\\{closure}(Object(Illuminate\\Http\\Request))
#52 C:\\Users\\David\\Documents\\GitHub\\Practicas-Tecnica-LancerGroup\\Practicas en PHP\\backend\\vendor\\laravel\\framework\\src\\Illuminate\\Pipeline\\Pipeline.php(209): Illuminate\\Http\\Middleware\\HandleCors->handle(Object(Illuminate\\Http\\Request), Object(Closure))
#53 C:\\Users\\David\\Documents\\GitHub\\Practicas-Tecnica-LancerGroup\\Practicas en PHP\\backend\\vendor\\laravel\\framework\\src\\Illuminate\\Http\\Middleware\\TrustProxies.php(58): Illuminate\\Pipeline\\Pipeline->Illuminate\\Pipeline\\{closure}(Object(Illuminate\\Http\\Request))
#54 C:\\Users\\David\\Documents\\GitHub\\Practicas-Tecnica-LancerGroup\\Practicas en PHP\\backend\\vendor\\laravel\\framework\\src\\Illuminate\\Pipeline\\Pipeline.php(209): Illuminate\\Http\\Middleware\\TrustProxies->handle(Object(Illuminate\\Http\\Request), Object(Closure))
#55 C:\\Users\\David\\Documents\\GitHub\\Practicas-Tecnica-LancerGroup\\Practicas en PHP\\backend\\vendor\\laravel\\framework\\src\\Illuminate\\Foundation\\Http\\Middleware\\InvokeDeferredCallbacks.php(22): Illuminate\\Pipeline\\Pipeline->Illuminate\\Pipeline\\{closure}(Object(Illuminate\\Http\\Request))
#56 C:\\Users\\David\\Documents\\GitHub\\Practicas-Tecnica-LancerGroup\\Practicas en PHP\\backend\\vendor\\laravel\\framework\\src\\Illuminate\\Pipeline\\Pipeline.php(209): Illuminate\\Foundation\\Http\\Middleware\\InvokeDeferredCallbacks->handle(Object(Illuminate\\Http\\Request), Object(Closure))
#57 C:\\Users\\David\\Documents\\GitHub\\Practicas-Tecnica-LancerGroup\\Practicas en PHP\\backend\\vendor\\laravel\\framework\\src\\Illuminate\\Pipeline\\Pipeline.php(127): Illuminate\\Pipeline\\Pipeline->Illuminate\\Pipeline\\{closure}(Object(Illuminate\\Http\\Request))
#58 C:\\Users\\David\\Documents\\GitHub\\Practicas-Tecnica-LancerGroup\\Practicas en PHP\\backend\\vendor\\laravel\\framework\\src\\Illuminate\\Foundation\\Http\\Kernel.php(176): Illuminate\\Pipeline\\Pipeline->then(Object(Closure))
#59 C:\\Users\\David\\Documents\\GitHub\\Practicas-Tecnica-LancerGroup\\Practicas en PHP\\backend\\vendor\\laravel\\framework\\src\\Illuminate\\Foundation\\Http\\Kernel.php(145): Illuminate\\Foundation\\Http\\Kernel->sendRequestThroughRouter(Object(Illuminate\\Http\\Request))
#60 C:\\Users\\David\\Documents\\GitHub\\Practicas-Tecnica-LancerGroup\\Practicas en PHP\\backend\\vendor\\laravel\\framework\\src\\Illuminate\\Foundation\\Application.php(1220): Illuminate\\Foundation\\Http\\Kernel->handle(Object(Illuminate\\Http\\Request))
#61 C:\\Users\\David\\Documents\\GitHub\\Practicas-Tecnica-LancerGroup\\Practicas en PHP\\backend\\public\\index.php(20): Illuminate\\Foundation\\Application->handleRequest(Object(Illuminate\\Http\\Request))
#62 C:\\Users\\David\\Documents\\GitHub\\Practicas-Tecnica-LancerGroup\\Practicas en PHP\\backend\\vendor\\laravel\\framework\\src\\Illuminate\\Foundation\\resources\\server.php(23): require_once('C:\\\\Users\\\\David\\\\...')
#63 {main}
"} 
[2025-06-12 01:46:24] local.ERROR: Target class [DatabaseSeeder] does not exist. {"exception":"[object] (Illuminate\\Contracts\\Container\\BindingResolutionException(code: 0): Target class [DatabaseSeeder] does not exist. at C:\\Users\\David\\Documents\\GitHub\\Practicas-Tecnica-LancerGroup\\Practicas en PHP\\backend\\vendor\\laravel\\framework\\src\\Illuminate\\Container\\Container.php:961)
[stacktrace]
#0 C:\\Users\\David\\Documents\\GitHub\\Practicas-Tecnica-LancerGroup\\Practicas en PHP\\backend\\vendor\\laravel\\framework\\src\\Illuminate\\Container\\Container.php(832): Illuminate\\Container\\Container->build('DatabaseSeeder')
#1 C:\\Users\\David\\Documents\\GitHub\\Practicas-Tecnica-LancerGroup\\Practicas en PHP\\backend\\vendor\\laravel\\framework\\src\\Illuminate\\Foundation\\Application.php(1078): Illuminate\\Container\\Container->resolve('DatabaseSeeder', Array, true)
#2 C:\\Users\\David\\Documents\\GitHub\\Practicas-Tecnica-LancerGroup\\Practicas en PHP\\backend\\vendor\\laravel\\framework\\src\\Illuminate\\Container\\Container.php(763): Illuminate\\Foundation\\Application->resolve('DatabaseSeeder', Array)
#3 C:\\Users\\David\\Documents\\GitHub\\Practicas-Tecnica-LancerGroup\\Practicas en PHP\\backend\\vendor\\laravel\\framework\\src\\Illuminate\\Foundation\\Application.php(1058): Illuminate\\Container\\Container->make('DatabaseSeeder', Array)
#4 C:\\Users\\David\\Documents\\GitHub\\Practicas-Tecnica-LancerGroup\\Practicas en PHP\\backend\\vendor\\laravel\\framework\\src\\Illuminate\\Database\\Console\\Seeds\\SeedCommand.php(98): Illuminate\\Foundation\\Application->make('DatabaseSeeder')
#5 C:\\Users\\David\\Documents\\GitHub\\Practicas-Tecnica-LancerGroup\\Practicas en PHP\\backend\\vendor\\laravel\\framework\\src\\Illuminate\\Database\\Console\\Seeds\\SeedCommand.php(70): Illuminate\\Database\\Console\\Seeds\\SeedCommand->getSeeder()
#6 C:\\Users\\David\\Documents\\GitHub\\Practicas-Tecnica-LancerGroup\\Practicas en PHP\\backend\\vendor\\laravel\\framework\\src\\Illuminate\\Database\\Eloquent\\Concerns\\GuardsAttributes.php(155): Illuminate\\Database\\Console\\Seeds\\SeedCommand->Illuminate\\Database\\Console\\Seeds\\{closure}()
#7 C:\\Users\\David\\Documents\\GitHub\\Practicas-Tecnica-LancerGroup\\Practicas en PHP\\backend\\vendor\\laravel\\framework\\src\\Illuminate\\Database\\Console\\Seeds\\SeedCommand.php(69): Illuminate\\Database\\Eloquent\\Model::unguarded(Object(Closure))
#8 C:\\Users\\David\\Documents\\GitHub\\Practicas-Tecnica-LancerGroup\\Practicas en PHP\\backend\\vendor\\laravel\\framework\\src\\Illuminate\\Container\\BoundMethod.php(36): Illuminate\\Database\\Console\\Seeds\\SeedCommand->handle()
#9 C:\\Users\\David\\Documents\\GitHub\\Practicas-Tecnica-LancerGroup\\Practicas en PHP\\backend\\vendor\\laravel\\framework\\src\\Illuminate\\Container\\Util.php(43): Illuminate\\Container\\BoundMethod::Illuminate\\Container\\{closure}()
#10 C:\\Users\\David\\Documents\\GitHub\\Practicas-Tecnica-LancerGroup\\Practicas en PHP\\backend\\vendor\\laravel\\framework\\src\\Illuminate\\Container\\BoundMethod.php(95): Illuminate\\Container\\Util::unwrapIfClosure(Object(Closure))
#11 C:\\Users\\David\\Documents\\GitHub\\Practicas-Tecnica-LancerGroup\\Practicas en PHP\\backend\\vendor\\laravel\\framework\\src\\Illuminate\\Container\\BoundMethod.php(35): Illuminate\\Container\\BoundMethod::callBoundMethod(Object(Illuminate\\Foundation\\Application), Array, Object(Closure))
#12 C:\\Users\\David\\Documents\\GitHub\\Practicas-Tecnica-LancerGroup\\Practicas en PHP\\backend\\vendor\\laravel\\framework\\src\\Illuminate\\Container\\Container.php(696): Illuminate\\Container\\BoundMethod::call(Object(Illuminate\\Foundation\\Application), Array, Array, NULL)
#13 C:\\Users\\David\\Documents\\GitHub\\Practicas-Tecnica-LancerGroup\\Practicas en PHP\\backend\\vendor\\laravel\\framework\\src\\Illuminate\\Console\\Command.php(213): Illuminate\\Container\\Container->call(Array)
#14 C:\\Users\\David\\Documents\\GitHub\\Practicas-Tecnica-LancerGroup\\Practicas en PHP\\backend\\vendor\\symfony\\console\\Command\\Command.php(318): Illuminate\\Console\\Command->execute(Object(Symfony\\Component\\Console\\Input\\ArgvInput), Object(Illuminate\\Console\\OutputStyle))
#15 C:\\Users\\David\\Documents\\GitHub\\Practicas-Tecnica-LancerGroup\\Practicas en PHP\\backend\\vendor\\laravel\\framework\\src\\Illuminate\\Console\\Command.php(182): Symfony\\Component\\Console\\Command\\Command->run(Object(Symfony\\Component\\Console\\Input\\ArgvInput), Object(Illuminate\\Console\\OutputStyle))
#16 C:\\Users\\David\\Documents\\GitHub\\Practicas-Tecnica-LancerGroup\\Practicas en PHP\\backend\\vendor\\symfony\\console\\Application.php(1092): Illuminate\\Console\\Command->run(Object(Symfony\\Component\\Console\\Input\\ArgvInput), Object(Symfony\\Component\\Console\\Output\\ConsoleOutput))
#17 C:\\Users\\David\\Documents\\GitHub\\Practicas-Tecnica-LancerGroup\\Practicas en PHP\\backend\\vendor\\symfony\\console\\Application.php(341): Symfony\\Component\\Console\\Application->doRunCommand(Object(Illuminate\\Database\\Console\\Seeds\\SeedCommand), Object(Symfony\\Component\\Console\\Input\\ArgvInput), Object(Symfony\\Component\\Console\\Output\\ConsoleOutput))
#18 C:\\Users\\David\\Documents\\GitHub\\Practicas-Tecnica-LancerGroup\\Practicas en PHP\\backend\\vendor\\symfony\\console\\Application.php(192): Symfony\\Component\\Console\\Application->doRun(Object(Symfony\\Component\\Console\\Input\\ArgvInput), Object(Symfony\\Component\\Console\\Output\\ConsoleOutput))
#19 C:\\Users\\David\\Documents\\GitHub\\Practicas-Tecnica-LancerGroup\\Practicas en PHP\\backend\\vendor\\laravel\\framework\\src\\Illuminate\\Foundation\\Console\\Kernel.php(198): Symfony\\Component\\Console\\Application->run(Object(Symfony\\Component\\Console\\Input\\ArgvInput), Object(Symfony\\Component\\Console\\Output\\ConsoleOutput))
#20 C:\\Users\\David\\Documents\\GitHub\\Practicas-Tecnica-LancerGroup\\Practicas en PHP\\backend\\vendor\\laravel\\framework\\src\\Illuminate\\Foundation\\Application.php(1235): Illuminate\\Foundation\\Console\\Kernel->handle(Object(Symfony\\Component\\Console\\Input\\ArgvInput), Object(Symfony\\Component\\Console\\Output\\ConsoleOutput))
#21 C:\\Users\\David\\Documents\\GitHub\\Practicas-Tecnica-LancerGroup\\Practicas en PHP\\backend\\artisan(34): Illuminate\\Foundation\\Application->handleCommand(Object(Symfony\\Component\\Console\\Input\\ArgvInput))
#22 {main}

[previous exception] [object] (ReflectionException(code: -1): Class \"DatabaseSeeder\" does not exist at C:\\Users\\David\\Documents\\GitHub\\Practicas-Tecnica-LancerGroup\\Practicas en PHP\\backend\\vendor\\laravel\\framework\\src\\Illuminate\\Container\\Container.php:959)
[stacktrace]
#0 C:\\Users\\David\\Documents\\GitHub\\Practicas-Tecnica-LancerGroup\\Practicas en PHP\\backend\\vendor\\laravel\\framework\\src\\Illuminate\\Container\\Container.php(959): ReflectionClass->__construct('DatabaseSeeder')
#1 C:\\Users\\David\\Documents\\GitHub\\Practicas-Tecnica-LancerGroup\\Practicas en PHP\\backend\\vendor\\laravel\\framework\\src\\Illuminate\\Container\\Container.php(832): Illuminate\\Container\\Container->build('DatabaseSeeder')
#2 C:\\Users\\David\\Documents\\GitHub\\Practicas-Tecnica-LancerGroup\\Practicas en PHP\\backend\\vendor\\laravel\\framework\\src\\Illuminate\\Foundation\\Application.php(1078): Illuminate\\Container\\Container->resolve('DatabaseSeeder', Array, true)
#3 C:\\Users\\David\\Documents\\GitHub\\Practicas-Tecnica-LancerGroup\\Practicas en PHP\\backend\\vendor\\laravel\\framework\\src\\Illuminate\\Container\\Container.php(763): Illuminate\\Foundation\\Application->resolve('DatabaseSeeder', Array)
#4 C:\\Users\\David\\Documents\\GitHub\\Practicas-Tecnica-LancerGroup\\Practicas en PHP\\backend\\vendor\\laravel\\framework\\src\\Illuminate\\Foundation\\Application.php(1058): Illuminate\\Container\\Container->make('DatabaseSeeder', Array)
#5 C:\\Users\\David\\Documents\\GitHub\\Practicas-Tecnica-LancerGroup\\Practicas en PHP\\backend\\vendor\\laravel\\framework\\src\\Illuminate\\Database\\Console\\Seeds\\SeedCommand.php(98): Illuminate\\Foundation\\Application->make('DatabaseSeeder')
#6 C:\\Users\\David\\Documents\\GitHub\\Practicas-Tecnica-LancerGroup\\Practicas en PHP\\backend\\vendor\\laravel\\framework\\src\\Illuminate\\Database\\Console\\Seeds\\SeedCommand.php(70): Illuminate\\Database\\Console\\Seeds\\SeedCommand->getSeeder()
#7 C:\\Users\\David\\Documents\\GitHub\\Practicas-Tecnica-LancerGroup\\Practicas en PHP\\backend\\vendor\\laravel\\framework\\src\\Illuminate\\Database\\Eloquent\\Concerns\\GuardsAttributes.php(155): Illuminate\\Database\\Console\\Seeds\\SeedCommand->Illuminate\\Database\\Console\\Seeds\\{closure}()
#8 C:\\Users\\David\\Documents\\GitHub\\Practicas-Tecnica-LancerGroup\\Practicas en PHP\\backend\\vendor\\laravel\\framework\\src\\Illuminate\\Database\\Console\\Seeds\\SeedCommand.php(69): Illuminate\\Database\\Eloquent\\Model::unguarded(Object(Closure))
#9 C:\\Users\\David\\Documents\\GitHub\\Practicas-Tecnica-LancerGroup\\Practicas en PHP\\backend\\vendor\\laravel\\framework\\src\\Illuminate\\Container\\BoundMethod.php(36): Illuminate\\Database\\Console\\Seeds\\SeedCommand->handle()
#10 C:\\Users\\David\\Documents\\GitHub\\Practicas-Tecnica-LancerGroup\\Practicas en PHP\\backend\\vendor\\laravel\\framework\\src\\Illuminate\\Container\\Util.php(43): Illuminate\\Container\\BoundMethod::Illuminate\\Container\\{closure}()
#11 C:\\Users\\David\\Documents\\GitHub\\Practicas-Tecnica-LancerGroup\\Practicas en PHP\\backend\\vendor\\laravel\\framework\\src\\Illuminate\\Container\\BoundMethod.php(95): Illuminate\\Container\\Util::unwrapIfClosure(Object(Closure))
#12 C:\\Users\\David\\Documents\\GitHub\\Practicas-Tecnica-LancerGroup\\Practicas en PHP\\backend\\vendor\\laravel\\framework\\src\\Illuminate\\Container\\BoundMethod.php(35): Illuminate\\Container\\BoundMethod::callBoundMethod(Object(Illuminate\\Foundation\\Application), Array, Object(Closure))
#13 C:\\Users\\David\\Documents\\GitHub\\Practicas-Tecnica-LancerGroup\\Practicas en PHP\\backend\\vendor\\laravel\\framework\\src\\Illuminate\\Container\\Container.php(696): Illuminate\\Container\\BoundMethod::call(Object(Illuminate\\Foundation\\Application), Array, Array, NULL)
#14 C:\\Users\\David\\Documents\\GitHub\\Practicas-Tecnica-LancerGroup\\Practicas en PHP\\backend\\vendor\\laravel\\framework\\src\\Illuminate\\Console\\Command.php(213): Illuminate\\Container\\Container->call(Array)
#15 C:\\Users\\David\\Documents\\GitHub\\Practicas-Tecnica-LancerGroup\\Practicas en PHP\\backend\\vendor\\symfony\\console\\Command\\Command.php(318): Illuminate\\Console\\Command->execute(Object(Symfony\\Component\\Console\\Input\\ArgvInput), Object(Illuminate\\Console\\OutputStyle))
#16 C:\\Users\\David\\Documents\\GitHub\\Practicas-Tecnica-LancerGroup\\Practicas en PHP\\backend\\vendor\\laravel\\framework\\src\\Illuminate\\Console\\Command.php(182): Symfony\\Component\\Console\\Command\\Command->run(Object(Symfony\\Component\\Console\\Input\\ArgvInput), Object(Illuminate\\Console\\OutputStyle))
#17 C:\\Users\\David\\Documents\\GitHub\\Practicas-Tecnica-LancerGroup\\Practicas en PHP\\backend\\vendor\\symfony\\console\\Application.php(1092): Illuminate\\Console\\Command->run(Object(Symfony\\Component\\Console\\Input\\ArgvInput), Object(Symfony\\Component\\Console\\Output\\ConsoleOutput))
#18 C:\\Users\\David\\Documents\\GitHub\\Practicas-Tecnica-LancerGroup\\Practicas en PHP\\backend\\vendor\\symfony\\console\\Application.php(341): Symfony\\Component\\Console\\Application->doRunCommand(Object(Illuminate\\Database\\Console\\Seeds\\SeedCommand), Object(Symfony\\Component\\Console\\Input\\ArgvInput), Object(Symfony\\Component\\Console\\Output\\ConsoleOutput))
#19 C:\\Users\\David\\Documents\\GitHub\\Practicas-Tecnica-LancerGroup\\Practicas en PHP\\backend\\vendor\\symfony\\console\\Application.php(192): Symfony\\Component\\Console\\Application->doRun(Object(Symfony\\Component\\Console\\Input\\ArgvInput), Object(Symfony\\Component\\Console\\Output\\ConsoleOutput))
#20 C:\\Users\\David\\Documents\\GitHub\\Practicas-Tecnica-LancerGroup\\Practicas en PHP\\backend\\vendor\\laravel\\framework\\src\\Illuminate\\Foundation\\Console\\Kernel.php(198): Symfony\\Component\\Console\\Application->run(Object(Symfony\\Component\\Console\\Input\\ArgvInput), Object(Symfony\\Component\\Console\\Output\\ConsoleOutput))
#21 C:\\Users\\David\\Documents\\GitHub\\Practicas-Tecnica-LancerGroup\\Practicas en PHP\\backend\\vendor\\laravel\\framework\\src\\Illuminate\\Foundation\\Application.php(1235): Illuminate\\Foundation\\Console\\Kernel->handle(Object(Symfony\\Component\\Console\\Input\\ArgvInput), Object(Symfony\\Component\\Console\\Output\\ConsoleOutput))
#22 C:\\Users\\David\\Documents\\GitHub\\Practicas-Tecnica-LancerGroup\\Practicas en PHP\\backend\\artisan(34): Illuminate\\Foundation\\Application->handleCommand(Object(Symfony\\Component\\Console\\Input\\ArgvInput))
#23 {main}
"} 
[2025-06-12 01:46:54] local.ERROR: Target class [Database\Seeders\AuthorSeeder] does not exist. {"exception":"[object] (Illuminate\\Contracts\\Container\\BindingResolutionException(code: 0): Target class [Database\\Seeders\\AuthorSeeder] does not exist. at C:\\Users\\David\\Documents\\GitHub\\Practicas-Tecnica-LancerGroup\\Practicas en PHP\\backend\\vendor\\laravel\\framework\\src\\Illuminate\\Container\\Container.php:961)
[stacktrace]
#0 C:\\Users\\David\\Documents\\GitHub\\Practicas-Tecnica-LancerGroup\\Practicas en PHP\\backend\\vendor\\laravel\\framework\\src\\Illuminate\\Container\\Container.php(832): Illuminate\\Container\\Container->build('Database\\\\Seeder...')
#1 C:\\Users\\David\\Documents\\GitHub\\Practicas-Tecnica-LancerGroup\\Practicas en PHP\\backend\\vendor\\laravel\\framework\\src\\Illuminate\\Foundation\\Application.php(1078): Illuminate\\Container\\Container->resolve('Database\\\\Seeder...', Array, true)
#2 C:\\Users\\David\\Documents\\GitHub\\Practicas-Tecnica-LancerGroup\\Practicas en PHP\\backend\\vendor\\laravel\\framework\\src\\Illuminate\\Container\\Container.php(763): Illuminate\\Foundation\\Application->resolve('Database\\\\Seeder...', Array)
#3 C:\\Users\\David\\Documents\\GitHub\\Practicas-Tecnica-LancerGroup\\Practicas en PHP\\backend\\vendor\\laravel\\framework\\src\\Illuminate\\Foundation\\Application.php(1058): Illuminate\\Container\\Container->make('Database\\\\Seeder...', Array)
#4 C:\\Users\\David\\Documents\\GitHub\\Practicas-Tecnica-LancerGroup\\Practicas en PHP\\backend\\vendor\\laravel\\framework\\src\\Illuminate\\Database\\Seeder.php(133): Illuminate\\Foundation\\Application->make('Database\\\\Seeder...')
#5 C:\\Users\\David\\Documents\\GitHub\\Practicas-Tecnica-LancerGroup\\Practicas en PHP\\backend\\vendor\\laravel\\framework\\src\\Illuminate\\Database\\Seeder.php(48): Illuminate\\Database\\Seeder->resolve('Database\\\\Seeder...')
#6 C:\\Users\\David\\Documents\\GitHub\\Practicas-Tecnica-LancerGroup\\Practicas en PHP\\backend\\database\\seeders\\DatabaseSeeder.php(14): Illuminate\\Database\\Seeder->call('Database\\\\Seeder...')
#7 C:\\Users\\David\\Documents\\GitHub\\Practicas-Tecnica-LancerGroup\\Practicas en PHP\\backend\\vendor\\laravel\\framework\\src\\Illuminate\\Container\\BoundMethod.php(36): Database\\Seeders\\DatabaseSeeder->run()
#8 C:\\Users\\David\\Documents\\GitHub\\Practicas-Tecnica-LancerGroup\\Practicas en PHP\\backend\\vendor\\laravel\\framework\\src\\Illuminate\\Container\\Util.php(43): Illuminate\\Container\\BoundMethod::Illuminate\\Container\\{closure}()
#9 C:\\Users\\David\\Documents\\GitHub\\Practicas-Tecnica-LancerGroup\\Practicas en PHP\\backend\\vendor\\laravel\\framework\\src\\Illuminate\\Container\\BoundMethod.php(95): Illuminate\\Container\\Util::unwrapIfClosure(Object(Closure))
#10 C:\\Users\\David\\Documents\\GitHub\\Practicas-Tecnica-LancerGroup\\Practicas en PHP\\backend\\vendor\\laravel\\framework\\src\\Illuminate\\Container\\BoundMethod.php(35): Illuminate\\Container\\BoundMethod::callBoundMethod(Object(Illuminate\\Foundation\\Application), Array, Object(Closure))
#11 C:\\Users\\David\\Documents\\GitHub\\Practicas-Tecnica-LancerGroup\\Practicas en PHP\\backend\\vendor\\laravel\\framework\\src\\Illuminate\\Container\\Container.php(696): Illuminate\\Container\\BoundMethod::call(Object(Illuminate\\Foundation\\Application), Array, Array, NULL)
#12 C:\\Users\\David\\Documents\\GitHub\\Practicas-Tecnica-LancerGroup\\Practicas en PHP\\backend\\vendor\\laravel\\framework\\src\\Illuminate\\Database\\Seeder.php(188): Illuminate\\Container\\Container->call(Array, Array)
#13 C:\\Users\\David\\Documents\\GitHub\\Practicas-Tecnica-LancerGroup\\Practicas en PHP\\backend\\vendor\\laravel\\framework\\src\\Illuminate\\Database\\Seeder.php(197): Illuminate\\Database\\Seeder->Illuminate\\Database\\{closure}()
#14 C:\\Users\\David\\Documents\\GitHub\\Practicas-Tecnica-LancerGroup\\Practicas en PHP\\backend\\vendor\\laravel\\framework\\src\\Illuminate\\Database\\Console\\Seeds\\SeedCommand.php(70): Illuminate\\Database\\Seeder->__invoke()
#15 C:\\Users\\David\\Documents\\GitHub\\Practicas-Tecnica-LancerGroup\\Practicas en PHP\\backend\\vendor\\laravel\\framework\\src\\Illuminate\\Database\\Eloquent\\Concerns\\GuardsAttributes.php(155): Illuminate\\Database\\Console\\Seeds\\SeedCommand->Illuminate\\Database\\Console\\Seeds\\{closure}()
#16 C:\\Users\\David\\Documents\\GitHub\\Practicas-Tecnica-LancerGroup\\Practicas en PHP\\backend\\vendor\\laravel\\framework\\src\\Illuminate\\Database\\Console\\Seeds\\SeedCommand.php(69): Illuminate\\Database\\Eloquent\\Model::unguarded(Object(Closure))
#17 C:\\Users\\David\\Documents\\GitHub\\Practicas-Tecnica-LancerGroup\\Practicas en PHP\\backend\\vendor\\laravel\\framework\\src\\Illuminate\\Container\\BoundMethod.php(36): Illuminate\\Database\\Console\\Seeds\\SeedCommand->handle()
#18 C:\\Users\\David\\Documents\\GitHub\\Practicas-Tecnica-LancerGroup\\Practicas en PHP\\backend\\vendor\\laravel\\framework\\src\\Illuminate\\Container\\Util.php(43): Illuminate\\Container\\BoundMethod::Illuminate\\Container\\{closure}()
#19 C:\\Users\\David\\Documents\\GitHub\\Practicas-Tecnica-LancerGroup\\Practicas en PHP\\backend\\vendor\\laravel\\framework\\src\\Illuminate\\Container\\BoundMethod.php(95): Illuminate\\Container\\Util::unwrapIfClosure(Object(Closure))
#20 C:\\Users\\David\\Documents\\GitHub\\Practicas-Tecnica-LancerGroup\\Practicas en PHP\\backend\\vendor\\laravel\\framework\\src\\Illuminate\\Container\\BoundMethod.php(35): Illuminate\\Container\\BoundMethod::callBoundMethod(Object(Illuminate\\Foundation\\Application), Array, Object(Closure))
#21 C:\\Users\\David\\Documents\\GitHub\\Practicas-Tecnica-LancerGroup\\Practicas en PHP\\backend\\vendor\\laravel\\framework\\src\\Illuminate\\Container\\Container.php(696): Illuminate\\Container\\BoundMethod::call(Object(Illuminate\\Foundation\\Application), Array, Array, NULL)
#22 C:\\Users\\David\\Documents\\GitHub\\Practicas-Tecnica-LancerGroup\\Practicas en PHP\\backend\\vendor\\laravel\\framework\\src\\Illuminate\\Console\\Command.php(213): Illuminate\\Container\\Container->call(Array)
#23 C:\\Users\\David\\Documents\\GitHub\\Practicas-Tecnica-LancerGroup\\Practicas en PHP\\backend\\vendor\\symfony\\console\\Command\\Command.php(318): Illuminate\\Console\\Command->execute(Object(Symfony\\Component\\Console\\Input\\ArgvInput), Object(Illuminate\\Console\\OutputStyle))
#24 C:\\Users\\David\\Documents\\GitHub\\Practicas-Tecnica-LancerGroup\\Practicas en PHP\\backend\\vendor\\laravel\\framework\\src\\Illuminate\\Console\\Command.php(182): Symfony\\Component\\Console\\Command\\Command->run(Object(Symfony\\Component\\Console\\Input\\ArgvInput), Object(Illuminate\\Console\\OutputStyle))
#25 C:\\Users\\David\\Documents\\GitHub\\Practicas-Tecnica-LancerGroup\\Practicas en PHP\\backend\\vendor\\symfony\\console\\Application.php(1092): Illuminate\\Console\\Command->run(Object(Symfony\\Component\\Console\\Input\\ArgvInput), Object(Symfony\\Component\\Console\\Output\\ConsoleOutput))
#26 C:\\Users\\David\\Documents\\GitHub\\Practicas-Tecnica-LancerGroup\\Practicas en PHP\\backend\\vendor\\symfony\\console\\Application.php(341): Symfony\\Component\\Console\\Application->doRunCommand(Object(Illuminate\\Database\\Console\\Seeds\\SeedCommand), Object(Symfony\\Component\\Console\\Input\\ArgvInput), Object(Symfony\\Component\\Console\\Output\\ConsoleOutput))
#27 C:\\Users\\David\\Documents\\GitHub\\Practicas-Tecnica-LancerGroup\\Practicas en PHP\\backend\\vendor\\symfony\\console\\Application.php(192): Symfony\\Component\\Console\\Application->doRun(Object(Symfony\\Component\\Console\\Input\\ArgvInput), Object(Symfony\\Component\\Console\\Output\\ConsoleOutput))
#28 C:\\Users\\David\\Documents\\GitHub\\Practicas-Tecnica-LancerGroup\\Practicas en PHP\\backend\\vendor\\laravel\\framework\\src\\Illuminate\\Foundation\\Console\\Kernel.php(198): Symfony\\Component\\Console\\Application->run(Object(Symfony\\Component\\Console\\Input\\ArgvInput), Object(Symfony\\Component\\Console\\Output\\ConsoleOutput))
#29 C:\\Users\\David\\Documents\\GitHub\\Practicas-Tecnica-LancerGroup\\Practicas en PHP\\backend\\vendor\\laravel\\framework\\src\\Illuminate\\Foundation\\Application.php(1235): Illuminate\\Foundation\\Console\\Kernel->handle(Object(Symfony\\Component\\Console\\Input\\ArgvInput), Object(Symfony\\Component\\Console\\Output\\ConsoleOutput))
#30 C:\\Users\\David\\Documents\\GitHub\\Practicas-Tecnica-LancerGroup\\Practicas en PHP\\backend\\artisan(34): Illuminate\\Foundation\\Application->handleCommand(Object(Symfony\\Component\\Console\\Input\\ArgvInput))
#31 {main}

[previous exception] [object] (ReflectionException(code: -1): Class \"Database\\Seeders\\AuthorSeeder\" does not exist at C:\\Users\\David\\Documents\\GitHub\\Practicas-Tecnica-LancerGroup\\Practicas en PHP\\backend\\vendor\\laravel\\framework\\src\\Illuminate\\Container\\Container.php:959)
[stacktrace]
#0 C:\\Users\\David\\Documents\\GitHub\\Practicas-Tecnica-LancerGroup\\Practicas en PHP\\backend\\vendor\\laravel\\framework\\src\\Illuminate\\Container\\Container.php(959): ReflectionClass->__construct('Database\\\\Seeder...')
#1 C:\\Users\\David\\Documents\\GitHub\\Practicas-Tecnica-LancerGroup\\Practicas en PHP\\backend\\vendor\\laravel\\framework\\src\\Illuminate\\Container\\Container.php(832): Illuminate\\Container\\Container->build('Database\\\\Seeder...')
#2 C:\\Users\\David\\Documents\\GitHub\\Practicas-Tecnica-LancerGroup\\Practicas en PHP\\backend\\vendor\\laravel\\framework\\src\\Illuminate\\Foundation\\Application.php(1078): Illuminate\\Container\\Container->resolve('Database\\\\Seeder...', Array, true)
#3 C:\\Users\\David\\Documents\\GitHub\\Practicas-Tecnica-LancerGroup\\Practicas en PHP\\backend\\vendor\\laravel\\framework\\src\\Illuminate\\Container\\Container.php(763): Illuminate\\Foundation\\Application->resolve('Database\\\\Seeder...', Array)
#4 C:\\Users\\David\\Documents\\GitHub\\Practicas-Tecnica-LancerGroup\\Practicas en PHP\\backend\\vendor\\laravel\\framework\\src\\Illuminate\\Foundation\\Application.php(1058): Illuminate\\Container\\Container->make('Database\\\\Seeder...', Array)
#5 C:\\Users\\David\\Documents\\GitHub\\Practicas-Tecnica-LancerGroup\\Practicas en PHP\\backend\\vendor\\laravel\\framework\\src\\Illuminate\\Database\\Seeder.php(133): Illuminate\\Foundation\\Application->make('Database\\\\Seeder...')
#6 C:\\Users\\David\\Documents\\GitHub\\Practicas-Tecnica-LancerGroup\\Practicas en PHP\\backend\\vendor\\laravel\\framework\\src\\Illuminate\\Database\\Seeder.php(48): Illuminate\\Database\\Seeder->resolve('Database\\\\Seeder...')
#7 C:\\Users\\David\\Documents\\GitHub\\Practicas-Tecnica-LancerGroup\\Practicas en PHP\\backend\\database\\seeders\\DatabaseSeeder.php(14): Illuminate\\Database\\Seeder->call('Database\\\\Seeder...')
#8 C:\\Users\\David\\Documents\\GitHub\\Practicas-Tecnica-LancerGroup\\Practicas en PHP\\backend\\vendor\\laravel\\framework\\src\\Illuminate\\Container\\BoundMethod.php(36): Database\\Seeders\\DatabaseSeeder->run()
#9 C:\\Users\\David\\Documents\\GitHub\\Practicas-Tecnica-LancerGroup\\Practicas en PHP\\backend\\vendor\\laravel\\framework\\src\\Illuminate\\Container\\Util.php(43): Illuminate\\Container\\BoundMethod::Illuminate\\Container\\{closure}()
#10 C:\\Users\\David\\Documents\\GitHub\\Practicas-Tecnica-LancerGroup\\Practicas en PHP\\backend\\vendor\\laravel\\framework\\src\\Illuminate\\Container\\BoundMethod.php(95): Illuminate\\Container\\Util::unwrapIfClosure(Object(Closure))
#11 C:\\Users\\David\\Documents\\GitHub\\Practicas-Tecnica-LancerGroup\\Practicas en PHP\\backend\\vendor\\laravel\\framework\\src\\Illuminate\\Container\\BoundMethod.php(35): Illuminate\\Container\\BoundMethod::callBoundMethod(Object(Illuminate\\Foundation\\Application), Array, Object(Closure))
#12 C:\\Users\\David\\Documents\\GitHub\\Practicas-Tecnica-LancerGroup\\Practicas en PHP\\backend\\vendor\\laravel\\framework\\src\\Illuminate\\Container\\Container.php(696): Illuminate\\Container\\BoundMethod::call(Object(Illuminate\\Foundation\\Application), Array, Array, NULL)
#13 C:\\Users\\David\\Documents\\GitHub\\Practicas-Tecnica-LancerGroup\\Practicas en PHP\\backend\\vendor\\laravel\\framework\\src\\Illuminate\\Database\\Seeder.php(188): Illuminate\\Container\\Container->call(Array, Array)
#14 C:\\Users\\David\\Documents\\GitHub\\Practicas-Tecnica-LancerGroup\\Practicas en PHP\\backend\\vendor\\laravel\\framework\\src\\Illuminate\\Database\\Seeder.php(197): Illuminate\\Database\\Seeder->Illuminate\\Database\\{closure}()
#15 C:\\Users\\David\\Documents\\GitHub\\Practicas-Tecnica-LancerGroup\\Practicas en PHP\\backend\\vendor\\laravel\\framework\\src\\Illuminate\\Database\\Console\\Seeds\\SeedCommand.php(70): Illuminate\\Database\\Seeder->__invoke()
#16 C:\\Users\\David\\Documents\\GitHub\\Practicas-Tecnica-LancerGroup\\Practicas en PHP\\backend\\vendor\\laravel\\framework\\src\\Illuminate\\Database\\Eloquent\\Concerns\\GuardsAttributes.php(155): Illuminate\\Database\\Console\\Seeds\\SeedCommand->Illuminate\\Database\\Console\\Seeds\\{closure}()
#17 C:\\Users\\David\\Documents\\GitHub\\Practicas-Tecnica-LancerGroup\\Practicas en PHP\\backend\\vendor\\laravel\\framework\\src\\Illuminate\\Database\\Console\\Seeds\\SeedCommand.php(69): Illuminate\\Database\\Eloquent\\Model::unguarded(Object(Closure))
#18 C:\\Users\\David\\Documents\\GitHub\\Practicas-Tecnica-LancerGroup\\Practicas en PHP\\backend\\vendor\\laravel\\framework\\src\\Illuminate\\Container\\BoundMethod.php(36): Illuminate\\Database\\Console\\Seeds\\SeedCommand->handle()
#19 C:\\Users\\David\\Documents\\GitHub\\Practicas-Tecnica-LancerGroup\\Practicas en PHP\\backend\\vendor\\laravel\\framework\\src\\Illuminate\\Container\\Util.php(43): Illuminate\\Container\\BoundMethod::Illuminate\\Container\\{closure}()
#20 C:\\Users\\David\\Documents\\GitHub\\Practicas-Tecnica-LancerGroup\\Practicas en PHP\\backend\\vendor\\laravel\\framework\\src\\Illuminate\\Container\\BoundMethod.php(95): Illuminate\\Container\\Util::unwrapIfClosure(Object(Closure))
#21 C:\\Users\\David\\Documents\\GitHub\\Practicas-Tecnica-LancerGroup\\Practicas en PHP\\backend\\vendor\\laravel\\framework\\src\\Illuminate\\Container\\BoundMethod.php(35): Illuminate\\Container\\BoundMethod::callBoundMethod(Object(Illuminate\\Foundation\\Application), Array, Object(Closure))
#22 C:\\Users\\David\\Documents\\GitHub\\Practicas-Tecnica-LancerGroup\\Practicas en PHP\\backend\\vendor\\laravel\\framework\\src\\Illuminate\\Container\\Container.php(696): Illuminate\\Container\\BoundMethod::call(Object(Illuminate\\Foundation\\Application), Array, Array, NULL)
#23 C:\\Users\\David\\Documents\\GitHub\\Practicas-Tecnica-LancerGroup\\Practicas en PHP\\backend\\vendor\\laravel\\framework\\src\\Illuminate\\Console\\Command.php(213): Illuminate\\Container\\Container->call(Array)
#24 C:\\Users\\David\\Documents\\GitHub\\Practicas-Tecnica-LancerGroup\\Practicas en PHP\\backend\\vendor\\symfony\\console\\Command\\Command.php(318): Illuminate\\Console\\Command->execute(Object(Symfony\\Component\\Console\\Input\\ArgvInput), Object(Illuminate\\Console\\OutputStyle))
#25 C:\\Users\\David\\Documents\\GitHub\\Practicas-Tecnica-LancerGroup\\Practicas en PHP\\backend\\vendor\\laravel\\framework\\src\\Illuminate\\Console\\Command.php(182): Symfony\\Component\\Console\\Command\\Command->run(Object(Symfony\\Component\\Console\\Input\\ArgvInput), Object(Illuminate\\Console\\OutputStyle))
#26 C:\\Users\\David\\Documents\\GitHub\\Practicas-Tecnica-LancerGroup\\Practicas en PHP\\backend\\vendor\\symfony\\console\\Application.php(1092): Illuminate\\Console\\Command->run(Object(Symfony\\Component\\Console\\Input\\ArgvInput), Object(Symfony\\Component\\Console\\Output\\ConsoleOutput))
#27 C:\\Users\\David\\Documents\\GitHub\\Practicas-Tecnica-LancerGroup\\Practicas en PHP\\backend\\vendor\\symfony\\console\\Application.php(341): Symfony\\Component\\Console\\Application->doRunCommand(Object(Illuminate\\Database\\Console\\Seeds\\SeedCommand), Object(Symfony\\Component\\Console\\Input\\ArgvInput), Object(Symfony\\Component\\Console\\Output\\ConsoleOutput))
#28 C:\\Users\\David\\Documents\\GitHub\\Practicas-Tecnica-LancerGroup\\Practicas en PHP\\backend\\vendor\\symfony\\console\\Application.php(192): Symfony\\Component\\Console\\Application->doRun(Object(Symfony\\Component\\Console\\Input\\ArgvInput), Object(Symfony\\Component\\Console\\Output\\ConsoleOutput))
#29 C:\\Users\\David\\Documents\\GitHub\\Practicas-Tecnica-LancerGroup\\Practicas en PHP\\backend\\vendor\\laravel\\framework\\src\\Illuminate\\Foundation\\Console\\Kernel.php(198): Symfony\\Component\\Console\\Application->run(Object(Symfony\\Component\\Console\\Input\\ArgvInput), Object(Symfony\\Component\\Console\\Output\\ConsoleOutput))
#30 C:\\Users\\David\\Documents\\GitHub\\Practicas-Tecnica-LancerGroup\\Practicas en PHP\\backend\\vendor\\laravel\\framework\\src\\Illuminate\\Foundation\\Application.php(1235): Illuminate\\Foundation\\Console\\Kernel->handle(Object(Symfony\\Component\\Console\\Input\\ArgvInput), Object(Symfony\\Component\\Console\\Output\\ConsoleOutput))
#31 C:\\Users\\David\\Documents\\GitHub\\Practicas-Tecnica-LancerGroup\\Practicas en PHP\\backend\\artisan(34): Illuminate\\Foundation\\Application->handleCommand(Object(Symfony\\Component\\Console\\Input\\ArgvInput))
#32 {main}
"} 
[2025-06-12 01:48:07] local.ERROR: SQLSTATE[42S22]: Column not found: 1054 Unknown column 'biografia' in 'field list' (Connection: mysql, SQL: insert into `authors` (`nombre`, `biografia`, `fecha_nacimiento`, `nacionalidad`, `updated_at`, `created_at`) values (Gabriel García Márquez, Escritor colombiano, premio Nobel de Literatura 1982. Máximo exponente del realismo mágico., 1927-03-06, Colombiana, 2025-06-12 01:48:07, 2025-06-12 01:48:07)) {"exception":"[object] (Illuminate\\Database\\QueryException(code: 42S22): SQLSTATE[42S22]: Column not found: 1054 Unknown column 'biografia' in 'field list' (Connection: mysql, SQL: insert into `authors` (`nombre`, `biografia`, `fecha_nacimiento`, `nacionalidad`, `updated_at`, `created_at`) values (Gabriel García Márquez, Escritor colombiano, premio Nobel de Literatura 1982. Máximo exponente del realismo mágico., 1927-03-06, Colombiana, 2025-06-12 01:48:07, 2025-06-12 01:48:07)) at C:\\Users\\David\\Documents\\GitHub\\Practicas-Tecnica-LancerGroup\\Practicas en PHP\\backend\\vendor\\laravel\\framework\\src\\Illuminate\\Database\\Connection.php:825)
[stacktrace]
#0 C:\\Users\\David\\Documents\\GitHub\\Practicas-Tecnica-LancerGroup\\Practicas en PHP\\backend\\vendor\\laravel\\framework\\src\\Illuminate\\Database\\Connection.php(779): Illuminate\\Database\\Connection->runQueryCallback('insert into `au...', Array, Object(Closure))
#1 C:\\Users\\David\\Documents\\GitHub\\Practicas-Tecnica-LancerGroup\\Practicas en PHP\\backend\\vendor\\laravel\\framework\\src\\Illuminate\\Database\\MySqlConnection.php(42): Illuminate\\Database\\Connection->run('insert into `au...', Array, Object(Closure))
#2 C:\\Users\\David\\Documents\\GitHub\\Practicas-Tecnica-LancerGroup\\Practicas en PHP\\backend\\vendor\\laravel\\framework\\src\\Illuminate\\Database\\Query\\Processors\\MySqlProcessor.php(35): Illuminate\\Database\\MySqlConnection->insert('insert into `au...', Array, 'id')
#3 C:\\Users\\David\\Documents\\GitHub\\Practicas-Tecnica-LancerGroup\\Practicas en PHP\\backend\\vendor\\laravel\\framework\\src\\Illuminate\\Database\\Query\\Builder.php(3766): Illuminate\\Database\\Query\\Processors\\MySqlProcessor->processInsertGetId(Object(Illuminate\\Database\\Query\\Builder), 'insert into `au...', Array, 'id')
#4 C:\\Users\\David\\Documents\\GitHub\\Practicas-Tecnica-LancerGroup\\Practicas en PHP\\backend\\vendor\\laravel\\framework\\src\\Illuminate\\Database\\Eloquent\\Builder.php(2120): Illuminate\\Database\\Query\\Builder->insertGetId(Array, 'id')
#5 C:\\Users\\David\\Documents\\GitHub\\Practicas-Tecnica-LancerGroup\\Practicas en PHP\\backend\\vendor\\laravel\\framework\\src\\Illuminate\\Database\\Eloquent\\Model.php(1359): Illuminate\\Database\\Eloquent\\Builder->__call('insertGetId', Array)
#6 C:\\Users\\David\\Documents\\GitHub\\Practicas-Tecnica-LancerGroup\\Practicas en PHP\\backend\\vendor\\laravel\\framework\\src\\Illuminate\\Database\\Eloquent\\Model.php(1324): Illuminate\\Database\\Eloquent\\Model->insertAndSetId(Object(Illuminate\\Database\\Eloquent\\Builder), Array)
#7 C:\\Users\\David\\Documents\\GitHub\\Practicas-Tecnica-LancerGroup\\Practicas en PHP\\backend\\vendor\\laravel\\framework\\src\\Illuminate\\Database\\Eloquent\\Model.php(1163): Illuminate\\Database\\Eloquent\\Model->performInsert(Object(Illuminate\\Database\\Eloquent\\Builder))
#8 C:\\Users\\David\\Documents\\GitHub\\Practicas-Tecnica-LancerGroup\\Practicas en PHP\\backend\\vendor\\laravel\\framework\\src\\Illuminate\\Database\\Eloquent\\Builder.php(1128): Illuminate\\Database\\Eloquent\\Model->save()
#9 C:\\Users\\David\\Documents\\GitHub\\Practicas-Tecnica-LancerGroup\\Practicas en PHP\\backend\\vendor\\laravel\\framework\\src\\Illuminate\\Support\\helpers.php(399): Illuminate\\Database\\Eloquent\\Builder->Illuminate\\Database\\Eloquent\\{closure}(Object(App\\Models\\Author))
#10 C:\\Users\\David\\Documents\\GitHub\\Practicas-Tecnica-LancerGroup\\Practicas en PHP\\backend\\vendor\\laravel\\framework\\src\\Illuminate\\Database\\Eloquent\\Builder.php(1127): tap(Object(App\\Models\\Author), Object(Closure))
#11 C:\\Users\\David\\Documents\\GitHub\\Practicas-Tecnica-LancerGroup\\Practicas en PHP\\backend\\vendor\\laravel\\framework\\src\\Illuminate\\Support\\Traits\\ForwardsCalls.php(23): Illuminate\\Database\\Eloquent\\Builder->create(Array)
#12 C:\\Users\\David\\Documents\\GitHub\\Practicas-Tecnica-LancerGroup\\Practicas en PHP\\backend\\vendor\\laravel\\framework\\src\\Illuminate\\Database\\Eloquent\\Model.php(2372): Illuminate\\Database\\Eloquent\\Model->forwardCallTo(Object(Illuminate\\Database\\Eloquent\\Builder), 'create', Array)
#13 C:\\Users\\David\\Documents\\GitHub\\Practicas-Tecnica-LancerGroup\\Practicas en PHP\\backend\\vendor\\laravel\\framework\\src\\Illuminate\\Database\\Eloquent\\Model.php(2384): Illuminate\\Database\\Eloquent\\Model->__call('create', Array)
#14 C:\\Users\\David\\Documents\\GitHub\\Practicas-Tecnica-LancerGroup\\Practicas en PHP\\backend\\database\\seeders\\AuthorSeeder.php(49): Illuminate\\Database\\Eloquent\\Model::__callStatic('create', Array)
#15 C:\\Users\\David\\Documents\\GitHub\\Practicas-Tecnica-LancerGroup\\Practicas en PHP\\backend\\vendor\\laravel\\framework\\src\\Illuminate\\Container\\BoundMethod.php(36): Database\\Seeders\\AuthorSeeder->run()
#16 C:\\Users\\David\\Documents\\GitHub\\Practicas-Tecnica-LancerGroup\\Practicas en PHP\\backend\\vendor\\laravel\\framework\\src\\Illuminate\\Container\\Util.php(43): Illuminate\\Container\\BoundMethod::Illuminate\\Container\\{closure}()
#17 C:\\Users\\David\\Documents\\GitHub\\Practicas-Tecnica-LancerGroup\\Practicas en PHP\\backend\\vendor\\laravel\\framework\\src\\Illuminate\\Container\\BoundMethod.php(95): Illuminate\\Container\\Util::unwrapIfClosure(Object(Closure))
#18 C:\\Users\\David\\Documents\\GitHub\\Practicas-Tecnica-LancerGroup\\Practicas en PHP\\backend\\vendor\\laravel\\framework\\src\\Illuminate\\Container\\BoundMethod.php(35): Illuminate\\Container\\BoundMethod::callBoundMethod(Object(Illuminate\\Foundation\\Application), Array, Object(Closure))
#19 C:\\Users\\David\\Documents\\GitHub\\Practicas-Tecnica-LancerGroup\\Practicas en PHP\\backend\\vendor\\laravel\\framework\\src\\Illuminate\\Container\\Container.php(696): Illuminate\\Container\\BoundMethod::call(Object(Illuminate\\Foundation\\Application), Array, Array, NULL)
#20 C:\\Users\\David\\Documents\\GitHub\\Practicas-Tecnica-LancerGroup\\Practicas en PHP\\backend\\vendor\\laravel\\framework\\src\\Illuminate\\Database\\Seeder.php(188): Illuminate\\Container\\Container->call(Array, Array)
#21 C:\\Users\\David\\Documents\\GitHub\\Practicas-Tecnica-LancerGroup\\Practicas en PHP\\backend\\vendor\\laravel\\framework\\src\\Illuminate\\Database\\Seeder.php(197): Illuminate\\Database\\Seeder->Illuminate\\Database\\{closure}()
#22 C:\\Users\\David\\Documents\\GitHub\\Practicas-Tecnica-LancerGroup\\Practicas en PHP\\backend\\vendor\\laravel\\framework\\src\\Illuminate\\Database\\Seeder.php(61): Illuminate\\Database\\Seeder->__invoke(Array)
#23 C:\\Users\\David\\Documents\\GitHub\\Practicas-Tecnica-LancerGroup\\Practicas en PHP\\backend\\database\\seeders\\DatabaseSeeder.php(14): Illuminate\\Database\\Seeder->call('Database\\\\Seeder...')
#24 C:\\Users\\David\\Documents\\GitHub\\Practicas-Tecnica-LancerGroup\\Practicas en PHP\\backend\\vendor\\laravel\\framework\\src\\Illuminate\\Container\\BoundMethod.php(36): Database\\Seeders\\DatabaseSeeder->run()
#25 C:\\Users\\David\\Documents\\GitHub\\Practicas-Tecnica-LancerGroup\\Practicas en PHP\\backend\\vendor\\laravel\\framework\\src\\Illuminate\\Container\\Util.php(43): Illuminate\\Container\\BoundMethod::Illuminate\\Container\\{closure}()
#26 C:\\Users\\David\\Documents\\GitHub\\Practicas-Tecnica-LancerGroup\\Practicas en PHP\\backend\\vendor\\laravel\\framework\\src\\Illuminate\\Container\\BoundMethod.php(95): Illuminate\\Container\\Util::unwrapIfClosure(Object(Closure))
#27 C:\\Users\\David\\Documents\\GitHub\\Practicas-Tecnica-LancerGroup\\Practicas en PHP\\backend\\vendor\\laravel\\framework\\src\\Illuminate\\Container\\BoundMethod.php(35): Illuminate\\Container\\BoundMethod::callBoundMethod(Object(Illuminate\\Foundation\\Application), Array, Object(Closure))
#28 C:\\Users\\David\\Documents\\GitHub\\Practicas-Tecnica-LancerGroup\\Practicas en PHP\\backend\\vendor\\laravel\\framework\\src\\Illuminate\\Container\\Container.php(696): Illuminate\\Container\\BoundMethod::call(Object(Illuminate\\Foundation\\Application), Array, Array, NULL)
#29 C:\\Users\\David\\Documents\\GitHub\\Practicas-Tecnica-LancerGroup\\Practicas en PHP\\backend\\vendor\\laravel\\framework\\src\\Illuminate\\Database\\Seeder.php(188): Illuminate\\Container\\Container->call(Array, Array)
#30 C:\\Users\\David\\Documents\\GitHub\\Practicas-Tecnica-LancerGroup\\Practicas en PHP\\backend\\vendor\\laravel\\framework\\src\\Illuminate\\Database\\Seeder.php(197): Illuminate\\Database\\Seeder->Illuminate\\Database\\{closure}()
#31 C:\\Users\\David\\Documents\\GitHub\\Practicas-Tecnica-LancerGroup\\Practicas en PHP\\backend\\vendor\\laravel\\framework\\src\\Illuminate\\Database\\Console\\Seeds\\SeedCommand.php(70): Illuminate\\Database\\Seeder->__invoke()
#32 C:\\Users\\David\\Documents\\GitHub\\Practicas-Tecnica-LancerGroup\\Practicas en PHP\\backend\\vendor\\laravel\\framework\\src\\Illuminate\\Database\\Eloquent\\Concerns\\GuardsAttributes.php(155): Illuminate\\Database\\Console\\Seeds\\SeedCommand->Illuminate\\Database\\Console\\Seeds\\{closure}()
#33 C:\\Users\\David\\Documents\\GitHub\\Practicas-Tecnica-LancerGroup\\Practicas en PHP\\backend\\vendor\\laravel\\framework\\src\\Illuminate\\Database\\Console\\Seeds\\SeedCommand.php(69): Illuminate\\Database\\Eloquent\\Model::unguarded(Object(Closure))
#34 C:\\Users\\David\\Documents\\GitHub\\Practicas-Tecnica-LancerGroup\\Practicas en PHP\\backend\\vendor\\laravel\\framework\\src\\Illuminate\\Container\\BoundMethod.php(36): Illuminate\\Database\\Console\\Seeds\\SeedCommand->handle()
#35 C:\\Users\\David\\Documents\\GitHub\\Practicas-Tecnica-LancerGroup\\Practicas en PHP\\backend\\vendor\\laravel\\framework\\src\\Illuminate\\Container\\Util.php(43): Illuminate\\Container\\BoundMethod::Illuminate\\Container\\{closure}()
#36 C:\\Users\\David\\Documents\\GitHub\\Practicas-Tecnica-LancerGroup\\Practicas en PHP\\backend\\vendor\\laravel\\framework\\src\\Illuminate\\Container\\BoundMethod.php(95): Illuminate\\Container\\Util::unwrapIfClosure(Object(Closure))
#37 C:\\Users\\David\\Documents\\GitHub\\Practicas-Tecnica-LancerGroup\\Practicas en PHP\\backend\\vendor\\laravel\\framework\\src\\Illuminate\\Container\\BoundMethod.php(35): Illuminate\\Container\\BoundMethod::callBoundMethod(Object(Illuminate\\Foundation\\Application), Array, Object(Closure))
#38 C:\\Users\\David\\Documents\\GitHub\\Practicas-Tecnica-LancerGroup\\Practicas en PHP\\backend\\vendor\\laravel\\framework\\src\\Illuminate\\Container\\Container.php(696): Illuminate\\Container\\BoundMethod::call(Object(Illuminate\\Foundation\\Application), Array, Array, NULL)
#39 C:\\Users\\David\\Documents\\GitHub\\Practicas-Tecnica-LancerGroup\\Practicas en PHP\\backend\\vendor\\laravel\\framework\\src\\Illuminate\\Console\\Command.php(213): Illuminate\\Container\\Container->call(Array)
#40 C:\\Users\\David\\Documents\\GitHub\\Practicas-Tecnica-LancerGroup\\Practicas en PHP\\backend\\vendor\\symfony\\console\\Command\\Command.php(318): Illuminate\\Console\\Command->execute(Object(Symfony\\Component\\Console\\Input\\ArgvInput), Object(Illuminate\\Console\\OutputStyle))
#41 C:\\Users\\David\\Documents\\GitHub\\Practicas-Tecnica-LancerGroup\\Practicas en PHP\\backend\\vendor\\laravel\\framework\\src\\Illuminate\\Console\\Command.php(182): Symfony\\Component\\Console\\Command\\Command->run(Object(Symfony\\Component\\Console\\Input\\ArgvInput), Object(Illuminate\\Console\\OutputStyle))
#42 C:\\Users\\David\\Documents\\GitHub\\Practicas-Tecnica-LancerGroup\\Practicas en PHP\\backend\\vendor\\symfony\\console\\Application.php(1092): Illuminate\\Console\\Command->run(Object(Symfony\\Component\\Console\\Input\\ArgvInput), Object(Symfony\\Component\\Console\\Output\\ConsoleOutput))
#43 C:\\Users\\David\\Documents\\GitHub\\Practicas-Tecnica-LancerGroup\\Practicas en PHP\\backend\\vendor\\symfony\\console\\Application.php(341): Symfony\\Component\\Console\\Application->doRunCommand(Object(Illuminate\\Database\\Console\\Seeds\\SeedCommand), Object(Symfony\\Component\\Console\\Input\\ArgvInput), Object(Symfony\\Component\\Console\\Output\\ConsoleOutput))
#44 C:\\Users\\David\\Documents\\GitHub\\Practicas-Tecnica-LancerGroup\\Practicas en PHP\\backend\\vendor\\symfony\\console\\Application.php(192): Symfony\\Component\\Console\\Application->doRun(Object(Symfony\\Component\\Console\\Input\\ArgvInput), Object(Symfony\\Component\\Console\\Output\\ConsoleOutput))
#45 C:\\Users\\David\\Documents\\GitHub\\Practicas-Tecnica-LancerGroup\\Practicas en PHP\\backend\\vendor\\laravel\\framework\\src\\Illuminate\\Foundation\\Console\\Kernel.php(198): Symfony\\Component\\Console\\Application->run(Object(Symfony\\Component\\Console\\Input\\ArgvInput), Object(Symfony\\Component\\Console\\Output\\ConsoleOutput))
#46 C:\\Users\\David\\Documents\\GitHub\\Practicas-Tecnica-LancerGroup\\Practicas en PHP\\backend\\vendor\\laravel\\framework\\src\\Illuminate\\Foundation\\Application.php(1235): Illuminate\\Foundation\\Console\\Kernel->handle(Object(Symfony\\Component\\Console\\Input\\ArgvInput), Object(Symfony\\Component\\Console\\Output\\ConsoleOutput))
#47 C:\\Users\\David\\Documents\\GitHub\\Practicas-Tecnica-LancerGroup\\Practicas en PHP\\backend\\artisan(34): Illuminate\\Foundation\\Application->handleCommand(Object(Symfony\\Component\\Console\\Input\\ArgvInput))
#48 {main}

[previous exception] [object] (PDOException(code: 42S22): SQLSTATE[42S22]: Column not found: 1054 Unknown column 'biografia' in 'field list' at C:\\Users\\David\\Documents\\GitHub\\Practicas-Tecnica-LancerGroup\\Practicas en PHP\\backend\\vendor\\laravel\\framework\\src\\Illuminate\\Database\\MySqlConnection.php:47)
[stacktrace]
#0 C:\\Users\\David\\Documents\\GitHub\\Practicas-Tecnica-LancerGroup\\Practicas en PHP\\backend\\vendor\\laravel\\framework\\src\\Illuminate\\Database\\MySqlConnection.php(47): PDO->prepare('insert into `au...')
#1 C:\\Users\\David\\Documents\\GitHub\\Practicas-Tecnica-LancerGroup\\Practicas en PHP\\backend\\vendor\\laravel\\framework\\src\\Illuminate\\Database\\Connection.php(812): Illuminate\\Database\\MySqlConnection->Illuminate\\Database\\{closure}('insert into `au...', Array)
#2 C:\\Users\\David\\Documents\\GitHub\\Practicas-Tecnica-LancerGroup\\Practicas en PHP\\backend\\vendor\\laravel\\framework\\src\\Illuminate\\Database\\Connection.php(779): Illuminate\\Database\\Connection->runQueryCallback('insert into `au...', Array, Object(Closure))
#3 C:\\Users\\David\\Documents\\GitHub\\Practicas-Tecnica-LancerGroup\\Practicas en PHP\\backend\\vendor\\laravel\\framework\\src\\Illuminate\\Database\\MySqlConnection.php(42): Illuminate\\Database\\Connection->run('insert into `au...', Array, Object(Closure))
#4 C:\\Users\\David\\Documents\\GitHub\\Practicas-Tecnica-LancerGroup\\Practicas en PHP\\backend\\vendor\\laravel\\framework\\src\\Illuminate\\Database\\Query\\Processors\\MySqlProcessor.php(35): Illuminate\\Database\\MySqlConnection->insert('insert into `au...', Array, 'id')
#5 C:\\Users\\David\\Documents\\GitHub\\Practicas-Tecnica-LancerGroup\\Practicas en PHP\\backend\\vendor\\laravel\\framework\\src\\Illuminate\\Database\\Query\\Builder.php(3766): Illuminate\\Database\\Query\\Processors\\MySqlProcessor->processInsertGetId(Object(Illuminate\\Database\\Query\\Builder), 'insert into `au...', Array, 'id')
#6 C:\\Users\\David\\Documents\\GitHub\\Practicas-Tecnica-LancerGroup\\Practicas en PHP\\backend\\vendor\\laravel\\framework\\src\\Illuminate\\Database\\Eloquent\\Builder.php(2120): Illuminate\\Database\\Query\\Builder->insertGetId(Array, 'id')
#7 C:\\Users\\David\\Documents\\GitHub\\Practicas-Tecnica-LancerGroup\\Practicas en PHP\\backend\\vendor\\laravel\\framework\\src\\Illuminate\\Database\\Eloquent\\Model.php(1359): Illuminate\\Database\\Eloquent\\Builder->__call('insertGetId', Array)
#8 C:\\Users\\David\\Documents\\GitHub\\Practicas-Tecnica-LancerGroup\\Practicas en PHP\\backend\\vendor\\laravel\\framework\\src\\Illuminate\\Database\\Eloquent\\Model.php(1324): Illuminate\\Database\\Eloquent\\Model->insertAndSetId(Object(Illuminate\\Database\\Eloquent\\Builder), Array)
#9 C:\\Users\\David\\Documents\\GitHub\\Practicas-Tecnica-LancerGroup\\Practicas en PHP\\backend\\vendor\\laravel\\framework\\src\\Illuminate\\Database\\Eloquent\\Model.php(1163): Illuminate\\Database\\Eloquent\\Model->performInsert(Object(Illuminate\\Database\\Eloquent\\Builder))
#10 C:\\Users\\David\\Documents\\GitHub\\Practicas-Tecnica-LancerGroup\\Practicas en PHP\\backend\\vendor\\laravel\\framework\\src\\Illuminate\\Database\\Eloquent\\Builder.php(1128): Illuminate\\Database\\Eloquent\\Model->save()
#11 C:\\Users\\David\\Documents\\GitHub\\Practicas-Tecnica-LancerGroup\\Practicas en PHP\\backend\\vendor\\laravel\\framework\\src\\Illuminate\\Support\\helpers.php(399): Illuminate\\Database\\Eloquent\\Builder->Illuminate\\Database\\Eloquent\\{closure}(Object(App\\Models\\Author))
#12 C:\\Users\\David\\Documents\\GitHub\\Practicas-Tecnica-LancerGroup\\Practicas en PHP\\backend\\vendor\\laravel\\framework\\src\\Illuminate\\Database\\Eloquent\\Builder.php(1127): tap(Object(App\\Models\\Author), Object(Closure))
#13 C:\\Users\\David\\Documents\\GitHub\\Practicas-Tecnica-LancerGroup\\Practicas en PHP\\backend\\vendor\\laravel\\framework\\src\\Illuminate\\Support\\Traits\\ForwardsCalls.php(23): Illuminate\\Database\\Eloquent\\Builder->create(Array)
#14 C:\\Users\\David\\Documents\\GitHub\\Practicas-Tecnica-LancerGroup\\Practicas en PHP\\backend\\vendor\\laravel\\framework\\src\\Illuminate\\Database\\Eloquent\\Model.php(2372): Illuminate\\Database\\Eloquent\\Model->forwardCallTo(Object(Illuminate\\Database\\Eloquent\\Builder), 'create', Array)
#15 C:\\Users\\David\\Documents\\GitHub\\Practicas-Tecnica-LancerGroup\\Practicas en PHP\\backend\\vendor\\laravel\\framework\\src\\Illuminate\\Database\\Eloquent\\Model.php(2384): Illuminate\\Database\\Eloquent\\Model->__call('create', Array)
#16 C:\\Users\\David\\Documents\\GitHub\\Practicas-Tecnica-LancerGroup\\Practicas en PHP\\backend\\database\\seeders\\AuthorSeeder.php(49): Illuminate\\Database\\Eloquent\\Model::__callStatic('create', Array)
#17 C:\\Users\\David\\Documents\\GitHub\\Practicas-Tecnica-LancerGroup\\Practicas en PHP\\backend\\vendor\\laravel\\framework\\src\\Illuminate\\Container\\BoundMethod.php(36): Database\\Seeders\\AuthorSeeder->run()
#18 C:\\Users\\David\\Documents\\GitHub\\Practicas-Tecnica-LancerGroup\\Practicas en PHP\\backend\\vendor\\laravel\\framework\\src\\Illuminate\\Container\\Util.php(43): Illuminate\\Container\\BoundMethod::Illuminate\\Container\\{closure}()
#19 C:\\Users\\David\\Documents\\GitHub\\Practicas-Tecnica-LancerGroup\\Practicas en PHP\\backend\\vendor\\laravel\\framework\\src\\Illuminate\\Container\\BoundMethod.php(95): Illuminate\\Container\\Util::unwrapIfClosure(Object(Closure))
#20 C:\\Users\\David\\Documents\\GitHub\\Practicas-Tecnica-LancerGroup\\Practicas en PHP\\backend\\vendor\\laravel\\framework\\src\\Illuminate\\Container\\BoundMethod.php(35): Illuminate\\Container\\BoundMethod::callBoundMethod(Object(Illuminate\\Foundation\\Application), Array, Object(Closure))
#21 C:\\Users\\David\\Documents\\GitHub\\Practicas-Tecnica-LancerGroup\\Practicas en PHP\\backend\\vendor\\laravel\\framework\\src\\Illuminate\\Container\\Container.php(696): Illuminate\\Container\\BoundMethod::call(Object(Illuminate\\Foundation\\Application), Array, Array, NULL)
#22 C:\\Users\\David\\Documents\\GitHub\\Practicas-Tecnica-LancerGroup\\Practicas en PHP\\backend\\vendor\\laravel\\framework\\src\\Illuminate\\Database\\Seeder.php(188): Illuminate\\Container\\Container->call(Array, Array)
#23 C:\\Users\\David\\Documents\\GitHub\\Practicas-Tecnica-LancerGroup\\Practicas en PHP\\backend\\vendor\\laravel\\framework\\src\\Illuminate\\Database\\Seeder.php(197): Illuminate\\Database\\Seeder->Illuminate\\Database\\{closure}()
#24 C:\\Users\\David\\Documents\\GitHub\\Practicas-Tecnica-LancerGroup\\Practicas en PHP\\backend\\vendor\\laravel\\framework\\src\\Illuminate\\Database\\Seeder.php(61): Illuminate\\Database\\Seeder->__invoke(Array)
#25 C:\\Users\\David\\Documents\\GitHub\\Practicas-Tecnica-LancerGroup\\Practicas en PHP\\backend\\database\\seeders\\DatabaseSeeder.php(14): Illuminate\\Database\\Seeder->call('Database\\\\Seeder...')
#26 C:\\Users\\David\\Documents\\GitHub\\Practicas-Tecnica-LancerGroup\\Practicas en PHP\\backend\\vendor\\laravel\\framework\\src\\Illuminate\\Container\\BoundMethod.php(36): Database\\Seeders\\DatabaseSeeder->run()
#27 C:\\Users\\David\\Documents\\GitHub\\Practicas-Tecnica-LancerGroup\\Practicas en PHP\\backend\\vendor\\laravel\\framework\\src\\Illuminate\\Container\\Util.php(43): Illuminate\\Container\\BoundMethod::Illuminate\\Container\\{closure}()
#28 C:\\Users\\David\\Documents\\GitHub\\Practicas-Tecnica-LancerGroup\\Practicas en PHP\\backend\\vendor\\laravel\\framework\\src\\Illuminate\\Container\\BoundMethod.php(95): Illuminate\\Container\\Util::unwrapIfClosure(Object(Closure))
#29 C:\\Users\\David\\Documents\\GitHub\\Practicas-Tecnica-LancerGroup\\Practicas en PHP\\backend\\vendor\\laravel\\framework\\src\\Illuminate\\Container\\BoundMethod.php(35): Illuminate\\Container\\BoundMethod::callBoundMethod(Object(Illuminate\\Foundation\\Application), Array, Object(Closure))
#30 C:\\Users\\David\\Documents\\GitHub\\Practicas-Tecnica-LancerGroup\\Practicas en PHP\\backend\\vendor\\laravel\\framework\\src\\Illuminate\\Container\\Container.php(696): Illuminate\\Container\\BoundMethod::call(Object(Illuminate\\Foundation\\Application), Array, Array, NULL)
#31 C:\\Users\\David\\Documents\\GitHub\\Practicas-Tecnica-LancerGroup\\Practicas en PHP\\backend\\vendor\\laravel\\framework\\src\\Illuminate\\Database\\Seeder.php(188): Illuminate\\Container\\Container->call(Array, Array)
#32 C:\\Users\\David\\Documents\\GitHub\\Practicas-Tecnica-LancerGroup\\Practicas en PHP\\backend\\vendor\\laravel\\framework\\src\\Illuminate\\Database\\Seeder.php(197): Illuminate\\Database\\Seeder->Illuminate\\Database\\{closure}()
#33 C:\\Users\\David\\Documents\\GitHub\\Practicas-Tecnica-LancerGroup\\Practicas en PHP\\backend\\vendor\\laravel\\framework\\src\\Illuminate\\Database\\Console\\Seeds\\SeedCommand.php(70): Illuminate\\Database\\Seeder->__invoke()
#34 C:\\Users\\David\\Documents\\GitHub\\Practicas-Tecnica-LancerGroup\\Practicas en PHP\\backend\\vendor\\laravel\\framework\\src\\Illuminate\\Database\\Eloquent\\Concerns\\GuardsAttributes.php(155): Illuminate\\Database\\Console\\Seeds\\SeedCommand->Illuminate\\Database\\Console\\Seeds\\{closure}()
#35 C:\\Users\\David\\Documents\\GitHub\\Practicas-Tecnica-LancerGroup\\Practicas en PHP\\backend\\vendor\\laravel\\framework\\src\\Illuminate\\Database\\Console\\Seeds\\SeedCommand.php(69): Illuminate\\Database\\Eloquent\\Model::unguarded(Object(Closure))
#36 C:\\Users\\David\\Documents\\GitHub\\Practicas-Tecnica-LancerGroup\\Practicas en PHP\\backend\\vendor\\laravel\\framework\\src\\Illuminate\\Container\\BoundMethod.php(36): Illuminate\\Database\\Console\\Seeds\\SeedCommand->handle()
#37 C:\\Users\\David\\Documents\\GitHub\\Practicas-Tecnica-LancerGroup\\Practicas en PHP\\backend\\vendor\\laravel\\framework\\src\\Illuminate\\Container\\Util.php(43): Illuminate\\Container\\BoundMethod::Illuminate\\Container\\{closure}()
#38 C:\\Users\\David\\Documents\\GitHub\\Practicas-Tecnica-LancerGroup\\Practicas en PHP\\backend\\vendor\\laravel\\framework\\src\\Illuminate\\Container\\BoundMethod.php(95): Illuminate\\Container\\Util::unwrapIfClosure(Object(Closure))
#39 C:\\Users\\David\\Documents\\GitHub\\Practicas-Tecnica-LancerGroup\\Practicas en PHP\\backend\\vendor\\laravel\\framework\\src\\Illuminate\\Container\\BoundMethod.php(35): Illuminate\\Container\\BoundMethod::callBoundMethod(Object(Illuminate\\Foundation\\Application), Array, Object(Closure))
#40 C:\\Users\\David\\Documents\\GitHub\\Practicas-Tecnica-LancerGroup\\Practicas en PHP\\backend\\vendor\\laravel\\framework\\src\\Illuminate\\Container\\Container.php(696): Illuminate\\Container\\BoundMethod::call(Object(Illuminate\\Foundation\\Application), Array, Array, NULL)
#41 C:\\Users\\David\\Documents\\GitHub\\Practicas-Tecnica-LancerGroup\\Practicas en PHP\\backend\\vendor\\laravel\\framework\\src\\Illuminate\\Console\\Command.php(213): Illuminate\\Container\\Container->call(Array)
#42 C:\\Users\\David\\Documents\\GitHub\\Practicas-Tecnica-LancerGroup\\Practicas en PHP\\backend\\vendor\\symfony\\console\\Command\\Command.php(318): Illuminate\\Console\\Command->execute(Object(Symfony\\Component\\Console\\Input\\ArgvInput), Object(Illuminate\\Console\\OutputStyle))
#43 C:\\Users\\David\\Documents\\GitHub\\Practicas-Tecnica-LancerGroup\\Practicas en PHP\\backend\\vendor\\laravel\\framework\\src\\Illuminate\\Console\\Command.php(182): Symfony\\Component\\Console\\Command\\Command->run(Object(Symfony\\Component\\Console\\Input\\ArgvInput), Object(Illuminate\\Console\\OutputStyle))
#44 C:\\Users\\David\\Documents\\GitHub\\Practicas-Tecnica-LancerGroup\\Practicas en PHP\\backend\\vendor\\symfony\\console\\Application.php(1092): Illuminate\\Console\\Command->run(Object(Symfony\\Component\\Console\\Input\\ArgvInput), Object(Symfony\\Component\\Console\\Output\\ConsoleOutput))
#45 C:\\Users\\David\\Documents\\GitHub\\Practicas-Tecnica-LancerGroup\\Practicas en PHP\\backend\\vendor\\symfony\\console\\Application.php(341): Symfony\\Component\\Console\\Application->doRunCommand(Object(Illuminate\\Database\\Console\\Seeds\\SeedCommand), Object(Symfony\\Component\\Console\\Input\\ArgvInput), Object(Symfony\\Component\\Console\\Output\\ConsoleOutput))
#46 C:\\Users\\David\\Documents\\GitHub\\Practicas-Tecnica-LancerGroup\\Practicas en PHP\\backend\\vendor\\symfony\\console\\Application.php(192): Symfony\\Component\\Console\\Application->doRun(Object(Symfony\\Component\\Console\\Input\\ArgvInput), Object(Symfony\\Component\\Console\\Output\\ConsoleOutput))
#47 C:\\Users\\David\\Documents\\GitHub\\Practicas-Tecnica-LancerGroup\\Practicas en PHP\\backend\\vendor\\laravel\\framework\\src\\Illuminate\\Foundation\\Console\\Kernel.php(198): Symfony\\Component\\Console\\Application->run(Object(Symfony\\Component\\Console\\Input\\ArgvInput), Object(Symfony\\Component\\Console\\Output\\ConsoleOutput))
#48 C:\\Users\\David\\Documents\\GitHub\\Practicas-Tecnica-LancerGroup\\Practicas en PHP\\backend\\vendor\\laravel\\framework\\src\\Illuminate\\Foundation\\Application.php(1235): Illuminate\\Foundation\\Console\\Kernel->handle(Object(Symfony\\Component\\Console\\Input\\ArgvInput), Object(Symfony\\Component\\Console\\Output\\ConsoleOutput))
#49 C:\\Users\\David\\Documents\\GitHub\\Practicas-Tecnica-LancerGroup\\Practicas en PHP\\backend\\artisan(34): Illuminate\\Foundation\\Application->handleCommand(Object(Symfony\\Component\\Console\\Input\\ArgvInput))
#50 {main}
"} 
[2025-06-12 01:49:29] local.ERROR: SQLSTATE[42S22]: Column not found: 1054 Unknown column 'titulo' in 'field list' (Connection: mysql, SQL: insert into `books` (`titulo`, `descripcion`, `isbn`, `fecha_publicacion`, `paginas`, `author_id`, `updated_at`, `created_at`) values (Cien años de soledad, Una obra maestra del realismo mágico que narra la historia de la familia Buendía a lo largo de siete generaciones., 978-84-376-0494-7, 1967-05-30 00:00:00, 471, 9, 2025-06-12 01:49:29, 2025-06-12 01:49:29)) {"exception":"[object] (Illuminate\\Database\\QueryException(code: 42S22): SQLSTATE[42S22]: Column not found: 1054 Unknown column 'titulo' in 'field list' (Connection: mysql, SQL: insert into `books` (`titulo`, `descripcion`, `isbn`, `fecha_publicacion`, `paginas`, `author_id`, `updated_at`, `created_at`) values (Cien años de soledad, Una obra maestra del realismo mágico que narra la historia de la familia Buendía a lo largo de siete generaciones., 978-84-376-0494-7, 1967-05-30 00:00:00, 471, 9, 2025-06-12 01:49:29, 2025-06-12 01:49:29)) at C:\\Users\\David\\Documents\\GitHub\\Practicas-Tecnica-LancerGroup\\Practicas en PHP\\backend\\vendor\\laravel\\framework\\src\\Illuminate\\Database\\Connection.php:825)
[stacktrace]
#0 C:\\Users\\David\\Documents\\GitHub\\Practicas-Tecnica-LancerGroup\\Practicas en PHP\\backend\\vendor\\laravel\\framework\\src\\Illuminate\\Database\\Connection.php(779): Illuminate\\Database\\Connection->runQueryCallback('insert into `bo...', Array, Object(Closure))
#1 C:\\Users\\David\\Documents\\GitHub\\Practicas-Tecnica-LancerGroup\\Practicas en PHP\\backend\\vendor\\laravel\\framework\\src\\Illuminate\\Database\\MySqlConnection.php(42): Illuminate\\Database\\Connection->run('insert into `bo...', Array, Object(Closure))
#2 C:\\Users\\David\\Documents\\GitHub\\Practicas-Tecnica-LancerGroup\\Practicas en PHP\\backend\\vendor\\laravel\\framework\\src\\Illuminate\\Database\\Query\\Processors\\MySqlProcessor.php(35): Illuminate\\Database\\MySqlConnection->insert('insert into `bo...', Array, 'id')
#3 C:\\Users\\David\\Documents\\GitHub\\Practicas-Tecnica-LancerGroup\\Practicas en PHP\\backend\\vendor\\laravel\\framework\\src\\Illuminate\\Database\\Query\\Builder.php(3766): Illuminate\\Database\\Query\\Processors\\MySqlProcessor->processInsertGetId(Object(Illuminate\\Database\\Query\\Builder), 'insert into `bo...', Array, 'id')
#4 C:\\Users\\David\\Documents\\GitHub\\Practicas-Tecnica-LancerGroup\\Practicas en PHP\\backend\\vendor\\laravel\\framework\\src\\Illuminate\\Database\\Eloquent\\Builder.php(2120): Illuminate\\Database\\Query\\Builder->insertGetId(Array, 'id')
#5 C:\\Users\\David\\Documents\\GitHub\\Practicas-Tecnica-LancerGroup\\Practicas en PHP\\backend\\vendor\\laravel\\framework\\src\\Illuminate\\Database\\Eloquent\\Model.php(1359): Illuminate\\Database\\Eloquent\\Builder->__call('insertGetId', Array)
#6 C:\\Users\\David\\Documents\\GitHub\\Practicas-Tecnica-LancerGroup\\Practicas en PHP\\backend\\vendor\\laravel\\framework\\src\\Illuminate\\Database\\Eloquent\\Model.php(1324): Illuminate\\Database\\Eloquent\\Model->insertAndSetId(Object(Illuminate\\Database\\Eloquent\\Builder), Array)
#7 C:\\Users\\David\\Documents\\GitHub\\Practicas-Tecnica-LancerGroup\\Practicas en PHP\\backend\\vendor\\laravel\\framework\\src\\Illuminate\\Database\\Eloquent\\Model.php(1163): Illuminate\\Database\\Eloquent\\Model->performInsert(Object(Illuminate\\Database\\Eloquent\\Builder))
#8 C:\\Users\\David\\Documents\\GitHub\\Practicas-Tecnica-LancerGroup\\Practicas en PHP\\backend\\vendor\\laravel\\framework\\src\\Illuminate\\Database\\Eloquent\\Builder.php(1128): Illuminate\\Database\\Eloquent\\Model->save()
#9 C:\\Users\\David\\Documents\\GitHub\\Practicas-Tecnica-LancerGroup\\Practicas en PHP\\backend\\vendor\\laravel\\framework\\src\\Illuminate\\Support\\helpers.php(399): Illuminate\\Database\\Eloquent\\Builder->Illuminate\\Database\\Eloquent\\{closure}(Object(App\\Models\\Book))
#10 C:\\Users\\David\\Documents\\GitHub\\Practicas-Tecnica-LancerGroup\\Practicas en PHP\\backend\\vendor\\laravel\\framework\\src\\Illuminate\\Database\\Eloquent\\Builder.php(1127): tap(Object(App\\Models\\Book), Object(Closure))
#11 C:\\Users\\David\\Documents\\GitHub\\Practicas-Tecnica-LancerGroup\\Practicas en PHP\\backend\\vendor\\laravel\\framework\\src\\Illuminate\\Support\\Traits\\ForwardsCalls.php(23): Illuminate\\Database\\Eloquent\\Builder->create(Array)
#12 C:\\Users\\David\\Documents\\GitHub\\Practicas-Tecnica-LancerGroup\\Practicas en PHP\\backend\\vendor\\laravel\\framework\\src\\Illuminate\\Database\\Eloquent\\Model.php(2372): Illuminate\\Database\\Eloquent\\Model->forwardCallTo(Object(Illuminate\\Database\\Eloquent\\Builder), 'create', Array)
#13 C:\\Users\\David\\Documents\\GitHub\\Practicas-Tecnica-LancerGroup\\Practicas en PHP\\backend\\vendor\\laravel\\framework\\src\\Illuminate\\Database\\Eloquent\\Model.php(2384): Illuminate\\Database\\Eloquent\\Model->__call('create', Array)
#14 C:\\Users\\David\\Documents\\GitHub\\Practicas-Tecnica-LancerGroup\\Practicas en PHP\\backend\\database\\seeders\\BookSeeder.php(82): Illuminate\\Database\\Eloquent\\Model::__callStatic('create', Array)
#15 C:\\Users\\David\\Documents\\GitHub\\Practicas-Tecnica-LancerGroup\\Practicas en PHP\\backend\\vendor\\laravel\\framework\\src\\Illuminate\\Container\\BoundMethod.php(36): Database\\Seeders\\BookSeeder->run()
#16 C:\\Users\\David\\Documents\\GitHub\\Practicas-Tecnica-LancerGroup\\Practicas en PHP\\backend\\vendor\\laravel\\framework\\src\\Illuminate\\Container\\Util.php(43): Illuminate\\Container\\BoundMethod::Illuminate\\Container\\{closure}()
#17 C:\\Users\\David\\Documents\\GitHub\\Practicas-Tecnica-LancerGroup\\Practicas en PHP\\backend\\vendor\\laravel\\framework\\src\\Illuminate\\Container\\BoundMethod.php(95): Illuminate\\Container\\Util::unwrapIfClosure(Object(Closure))
#18 C:\\Users\\David\\Documents\\GitHub\\Practicas-Tecnica-LancerGroup\\Practicas en PHP\\backend\\vendor\\laravel\\framework\\src\\Illuminate\\Container\\BoundMethod.php(35): Illuminate\\Container\\BoundMethod::callBoundMethod(Object(Illuminate\\Foundation\\Application), Array, Object(Closure))
#19 C:\\Users\\David\\Documents\\GitHub\\Practicas-Tecnica-LancerGroup\\Practicas en PHP\\backend\\vendor\\laravel\\framework\\src\\Illuminate\\Container\\Container.php(696): Illuminate\\Container\\BoundMethod::call(Object(Illuminate\\Foundation\\Application), Array, Array, NULL)
#20 C:\\Users\\David\\Documents\\GitHub\\Practicas-Tecnica-LancerGroup\\Practicas en PHP\\backend\\vendor\\laravel\\framework\\src\\Illuminate\\Database\\Seeder.php(188): Illuminate\\Container\\Container->call(Array, Array)
#21 C:\\Users\\David\\Documents\\GitHub\\Practicas-Tecnica-LancerGroup\\Practicas en PHP\\backend\\vendor\\laravel\\framework\\src\\Illuminate\\Database\\Seeder.php(197): Illuminate\\Database\\Seeder->Illuminate\\Database\\{closure}()
#22 C:\\Users\\David\\Documents\\GitHub\\Practicas-Tecnica-LancerGroup\\Practicas en PHP\\backend\\vendor\\laravel\\framework\\src\\Illuminate\\Database\\Seeder.php(61): Illuminate\\Database\\Seeder->__invoke(Array)
#23 C:\\Users\\David\\Documents\\GitHub\\Practicas-Tecnica-LancerGroup\\Practicas en PHP\\backend\\database\\seeders\\DatabaseSeeder.php(14): Illuminate\\Database\\Seeder->call('Database\\\\Seeder...')
#24 C:\\Users\\David\\Documents\\GitHub\\Practicas-Tecnica-LancerGroup\\Practicas en PHP\\backend\\vendor\\laravel\\framework\\src\\Illuminate\\Container\\BoundMethod.php(36): Database\\Seeders\\DatabaseSeeder->run()
#25 C:\\Users\\David\\Documents\\GitHub\\Practicas-Tecnica-LancerGroup\\Practicas en PHP\\backend\\vendor\\laravel\\framework\\src\\Illuminate\\Container\\Util.php(43): Illuminate\\Container\\BoundMethod::Illuminate\\Container\\{closure}()
#26 C:\\Users\\David\\Documents\\GitHub\\Practicas-Tecnica-LancerGroup\\Practicas en PHP\\backend\\vendor\\laravel\\framework\\src\\Illuminate\\Container\\BoundMethod.php(95): Illuminate\\Container\\Util::unwrapIfClosure(Object(Closure))
#27 C:\\Users\\David\\Documents\\GitHub\\Practicas-Tecnica-LancerGroup\\Practicas en PHP\\backend\\vendor\\laravel\\framework\\src\\Illuminate\\Container\\BoundMethod.php(35): Illuminate\\Container\\BoundMethod::callBoundMethod(Object(Illuminate\\Foundation\\Application), Array, Object(Closure))
#28 C:\\Users\\David\\Documents\\GitHub\\Practicas-Tecnica-LancerGroup\\Practicas en PHP\\backend\\vendor\\laravel\\framework\\src\\Illuminate\\Container\\Container.php(696): Illuminate\\Container\\BoundMethod::call(Object(Illuminate\\Foundation\\Application), Array, Array, NULL)
#29 C:\\Users\\David\\Documents\\GitHub\\Practicas-Tecnica-LancerGroup\\Practicas en PHP\\backend\\vendor\\laravel\\framework\\src\\Illuminate\\Database\\Seeder.php(188): Illuminate\\Container\\Container->call(Array, Array)
#30 C:\\Users\\David\\Documents\\GitHub\\Practicas-Tecnica-LancerGroup\\Practicas en PHP\\backend\\vendor\\laravel\\framework\\src\\Illuminate\\Database\\Seeder.php(197): Illuminate\\Database\\Seeder->Illuminate\\Database\\{closure}()
#31 C:\\Users\\David\\Documents\\GitHub\\Practicas-Tecnica-LancerGroup\\Practicas en PHP\\backend\\vendor\\laravel\\framework\\src\\Illuminate\\Database\\Console\\Seeds\\SeedCommand.php(70): Illuminate\\Database\\Seeder->__invoke()
#32 C:\\Users\\David\\Documents\\GitHub\\Practicas-Tecnica-LancerGroup\\Practicas en PHP\\backend\\vendor\\laravel\\framework\\src\\Illuminate\\Database\\Eloquent\\Concerns\\GuardsAttributes.php(155): Illuminate\\Database\\Console\\Seeds\\SeedCommand->Illuminate\\Database\\Console\\Seeds\\{closure}()
#33 C:\\Users\\David\\Documents\\GitHub\\Practicas-Tecnica-LancerGroup\\Practicas en PHP\\backend\\vendor\\laravel\\framework\\src\\Illuminate\\Database\\Console\\Seeds\\SeedCommand.php(69): Illuminate\\Database\\Eloquent\\Model::unguarded(Object(Closure))
#34 C:\\Users\\David\\Documents\\GitHub\\Practicas-Tecnica-LancerGroup\\Practicas en PHP\\backend\\vendor\\laravel\\framework\\src\\Illuminate\\Container\\BoundMethod.php(36): Illuminate\\Database\\Console\\Seeds\\SeedCommand->handle()
#35 C:\\Users\\David\\Documents\\GitHub\\Practicas-Tecnica-LancerGroup\\Practicas en PHP\\backend\\vendor\\laravel\\framework\\src\\Illuminate\\Container\\Util.php(43): Illuminate\\Container\\BoundMethod::Illuminate\\Container\\{closure}()
#36 C:\\Users\\David\\Documents\\GitHub\\Practicas-Tecnica-LancerGroup\\Practicas en PHP\\backend\\vendor\\laravel\\framework\\src\\Illuminate\\Container\\BoundMethod.php(95): Illuminate\\Container\\Util::unwrapIfClosure(Object(Closure))
#37 C:\\Users\\David\\Documents\\GitHub\\Practicas-Tecnica-LancerGroup\\Practicas en PHP\\backend\\vendor\\laravel\\framework\\src\\Illuminate\\Container\\BoundMethod.php(35): Illuminate\\Container\\BoundMethod::callBoundMethod(Object(Illuminate\\Foundation\\Application), Array, Object(Closure))
#38 C:\\Users\\David\\Documents\\GitHub\\Practicas-Tecnica-LancerGroup\\Practicas en PHP\\backend\\vendor\\laravel\\framework\\src\\Illuminate\\Container\\Container.php(696): Illuminate\\Container\\BoundMethod::call(Object(Illuminate\\Foundation\\Application), Array, Array, NULL)
#39 C:\\Users\\David\\Documents\\GitHub\\Practicas-Tecnica-LancerGroup\\Practicas en PHP\\backend\\vendor\\laravel\\framework\\src\\Illuminate\\Console\\Command.php(213): Illuminate\\Container\\Container->call(Array)
#40 C:\\Users\\David\\Documents\\GitHub\\Practicas-Tecnica-LancerGroup\\Practicas en PHP\\backend\\vendor\\symfony\\console\\Command\\Command.php(318): Illuminate\\Console\\Command->execute(Object(Symfony\\Component\\Console\\Input\\ArgvInput), Object(Illuminate\\Console\\OutputStyle))
#41 C:\\Users\\David\\Documents\\GitHub\\Practicas-Tecnica-LancerGroup\\Practicas en PHP\\backend\\vendor\\laravel\\framework\\src\\Illuminate\\Console\\Command.php(182): Symfony\\Component\\Console\\Command\\Command->run(Object(Symfony\\Component\\Console\\Input\\ArgvInput), Object(Illuminate\\Console\\OutputStyle))
#42 C:\\Users\\David\\Documents\\GitHub\\Practicas-Tecnica-LancerGroup\\Practicas en PHP\\backend\\vendor\\symfony\\console\\Application.php(1092): Illuminate\\Console\\Command->run(Object(Symfony\\Component\\Console\\Input\\ArgvInput), Object(Symfony\\Component\\Console\\Output\\ConsoleOutput))
#43 C:\\Users\\David\\Documents\\GitHub\\Practicas-Tecnica-LancerGroup\\Practicas en PHP\\backend\\vendor\\symfony\\console\\Application.php(341): Symfony\\Component\\Console\\Application->doRunCommand(Object(Illuminate\\Database\\Console\\Seeds\\SeedCommand), Object(Symfony\\Component\\Console\\Input\\ArgvInput), Object(Symfony\\Component\\Console\\Output\\ConsoleOutput))
#44 C:\\Users\\David\\Documents\\GitHub\\Practicas-Tecnica-LancerGroup\\Practicas en PHP\\backend\\vendor\\symfony\\console\\Application.php(192): Symfony\\Component\\Console\\Application->doRun(Object(Symfony\\Component\\Console\\Input\\ArgvInput), Object(Symfony\\Component\\Console\\Output\\ConsoleOutput))
#45 C:\\Users\\David\\Documents\\GitHub\\Practicas-Tecnica-LancerGroup\\Practicas en PHP\\backend\\vendor\\laravel\\framework\\src\\Illuminate\\Foundation\\Console\\Kernel.php(198): Symfony\\Component\\Console\\Application->run(Object(Symfony\\Component\\Console\\Input\\ArgvInput), Object(Symfony\\Component\\Console\\Output\\ConsoleOutput))
#46 C:\\Users\\David\\Documents\\GitHub\\Practicas-Tecnica-LancerGroup\\Practicas en PHP\\backend\\vendor\\laravel\\framework\\src\\Illuminate\\Foundation\\Application.php(1235): Illuminate\\Foundation\\Console\\Kernel->handle(Object(Symfony\\Component\\Console\\Input\\ArgvInput), Object(Symfony\\Component\\Console\\Output\\ConsoleOutput))
#47 C:\\Users\\David\\Documents\\GitHub\\Practicas-Tecnica-LancerGroup\\Practicas en PHP\\backend\\artisan(34): Illuminate\\Foundation\\Application->handleCommand(Object(Symfony\\Component\\Console\\Input\\ArgvInput))
#48 {main}

[previous exception] [object] (PDOException(code: 42S22): SQLSTATE[42S22]: Column not found: 1054 Unknown column 'titulo' in 'field list' at C:\\Users\\David\\Documents\\GitHub\\Practicas-Tecnica-LancerGroup\\Practicas en PHP\\backend\\vendor\\laravel\\framework\\src\\Illuminate\\Database\\MySqlConnection.php:47)
[stacktrace]
#0 C:\\Users\\David\\Documents\\GitHub\\Practicas-Tecnica-LancerGroup\\Practicas en PHP\\backend\\vendor\\laravel\\framework\\src\\Illuminate\\Database\\MySqlConnection.php(47): PDO->prepare('insert into `bo...')
#1 C:\\Users\\David\\Documents\\GitHub\\Practicas-Tecnica-LancerGroup\\Practicas en PHP\\backend\\vendor\\laravel\\framework\\src\\Illuminate\\Database\\Connection.php(812): Illuminate\\Database\\MySqlConnection->Illuminate\\Database\\{closure}('insert into `bo...', Array)
#2 C:\\Users\\David\\Documents\\GitHub\\Practicas-Tecnica-LancerGroup\\Practicas en PHP\\backend\\vendor\\laravel\\framework\\src\\Illuminate\\Database\\Connection.php(779): Illuminate\\Database\\Connection->runQueryCallback('insert into `bo...', Array, Object(Closure))
#3 C:\\Users\\David\\Documents\\GitHub\\Practicas-Tecnica-LancerGroup\\Practicas en PHP\\backend\\vendor\\laravel\\framework\\src\\Illuminate\\Database\\MySqlConnection.php(42): Illuminate\\Database\\Connection->run('insert into `bo...', Array, Object(Closure))
#4 C:\\Users\\David\\Documents\\GitHub\\Practicas-Tecnica-LancerGroup\\Practicas en PHP\\backend\\vendor\\laravel\\framework\\src\\Illuminate\\Database\\Query\\Processors\\MySqlProcessor.php(35): Illuminate\\Database\\MySqlConnection->insert('insert into `bo...', Array, 'id')
#5 C:\\Users\\David\\Documents\\GitHub\\Practicas-Tecnica-LancerGroup\\Practicas en PHP\\backend\\vendor\\laravel\\framework\\src\\Illuminate\\Database\\Query\\Builder.php(3766): Illuminate\\Database\\Query\\Processors\\MySqlProcessor->processInsertGetId(Object(Illuminate\\Database\\Query\\Builder), 'insert into `bo...', Array, 'id')
#6 C:\\Users\\David\\Documents\\GitHub\\Practicas-Tecnica-LancerGroup\\Practicas en PHP\\backend\\vendor\\laravel\\framework\\src\\Illuminate\\Database\\Eloquent\\Builder.php(2120): Illuminate\\Database\\Query\\Builder->insertGetId(Array, 'id')
#7 C:\\Users\\David\\Documents\\GitHub\\Practicas-Tecnica-LancerGroup\\Practicas en PHP\\backend\\vendor\\laravel\\framework\\src\\Illuminate\\Database\\Eloquent\\Model.php(1359): Illuminate\\Database\\Eloquent\\Builder->__call('insertGetId', Array)
#8 C:\\Users\\David\\Documents\\GitHub\\Practicas-Tecnica-LancerGroup\\Practicas en PHP\\backend\\vendor\\laravel\\framework\\src\\Illuminate\\Database\\Eloquent\\Model.php(1324): Illuminate\\Database\\Eloquent\\Model->insertAndSetId(Object(Illuminate\\Database\\Eloquent\\Builder), Array)
#9 C:\\Users\\David\\Documents\\GitHub\\Practicas-Tecnica-LancerGroup\\Practicas en PHP\\backend\\vendor\\laravel\\framework\\src\\Illuminate\\Database\\Eloquent\\Model.php(1163): Illuminate\\Database\\Eloquent\\Model->performInsert(Object(Illuminate\\Database\\Eloquent\\Builder))
#10 C:\\Users\\David\\Documents\\GitHub\\Practicas-Tecnica-LancerGroup\\Practicas en PHP\\backend\\vendor\\laravel\\framework\\src\\Illuminate\\Database\\Eloquent\\Builder.php(1128): Illuminate\\Database\\Eloquent\\Model->save()
#11 C:\\Users\\David\\Documents\\GitHub\\Practicas-Tecnica-LancerGroup\\Practicas en PHP\\backend\\vendor\\laravel\\framework\\src\\Illuminate\\Support\\helpers.php(399): Illuminate\\Database\\Eloquent\\Builder->Illuminate\\Database\\Eloquent\\{closure}(Object(App\\Models\\Book))
#12 C:\\Users\\David\\Documents\\GitHub\\Practicas-Tecnica-LancerGroup\\Practicas en PHP\\backend\\vendor\\laravel\\framework\\src\\Illuminate\\Database\\Eloquent\\Builder.php(1127): tap(Object(App\\Models\\Book), Object(Closure))
#13 C:\\Users\\David\\Documents\\GitHub\\Practicas-Tecnica-LancerGroup\\Practicas en PHP\\backend\\vendor\\laravel\\framework\\src\\Illuminate\\Support\\Traits\\ForwardsCalls.php(23): Illuminate\\Database\\Eloquent\\Builder->create(Array)
#14 C:\\Users\\David\\Documents\\GitHub\\Practicas-Tecnica-LancerGroup\\Practicas en PHP\\backend\\vendor\\laravel\\framework\\src\\Illuminate\\Database\\Eloquent\\Model.php(2372): Illuminate\\Database\\Eloquent\\Model->forwardCallTo(Object(Illuminate\\Database\\Eloquent\\Builder), 'create', Array)
#15 C:\\Users\\David\\Documents\\GitHub\\Practicas-Tecnica-LancerGroup\\Practicas en PHP\\backend\\vendor\\laravel\\framework\\src\\Illuminate\\Database\\Eloquent\\Model.php(2384): Illuminate\\Database\\Eloquent\\Model->__call('create', Array)
#16 C:\\Users\\David\\Documents\\GitHub\\Practicas-Tecnica-LancerGroup\\Practicas en PHP\\backend\\database\\seeders\\BookSeeder.php(82): Illuminate\\Database\\Eloquent\\Model::__callStatic('create', Array)
#17 C:\\Users\\David\\Documents\\GitHub\\Practicas-Tecnica-LancerGroup\\Practicas en PHP\\backend\\vendor\\laravel\\framework\\src\\Illuminate\\Container\\BoundMethod.php(36): Database\\Seeders\\BookSeeder->run()
#18 C:\\Users\\David\\Documents\\GitHub\\Practicas-Tecnica-LancerGroup\\Practicas en PHP\\backend\\vendor\\laravel\\framework\\src\\Illuminate\\Container\\Util.php(43): Illuminate\\Container\\BoundMethod::Illuminate\\Container\\{closure}()
#19 C:\\Users\\David\\Documents\\GitHub\\Practicas-Tecnica-LancerGroup\\Practicas en PHP\\backend\\vendor\\laravel\\framework\\src\\Illuminate\\Container\\BoundMethod.php(95): Illuminate\\Container\\Util::unwrapIfClosure(Object(Closure))
#20 C:\\Users\\David\\Documents\\GitHub\\Practicas-Tecnica-LancerGroup\\Practicas en PHP\\backend\\vendor\\laravel\\framework\\src\\Illuminate\\Container\\BoundMethod.php(35): Illuminate\\Container\\BoundMethod::callBoundMethod(Object(Illuminate\\Foundation\\Application), Array, Object(Closure))
#21 C:\\Users\\David\\Documents\\GitHub\\Practicas-Tecnica-LancerGroup\\Practicas en PHP\\backend\\vendor\\laravel\\framework\\src\\Illuminate\\Container\\Container.php(696): Illuminate\\Container\\BoundMethod::call(Object(Illuminate\\Foundation\\Application), Array, Array, NULL)
#22 C:\\Users\\David\\Documents\\GitHub\\Practicas-Tecnica-LancerGroup\\Practicas en PHP\\backend\\vendor\\laravel\\framework\\src\\Illuminate\\Database\\Seeder.php(188): Illuminate\\Container\\Container->call(Array, Array)
#23 C:\\Users\\David\\Documents\\GitHub\\Practicas-Tecnica-LancerGroup\\Practicas en PHP\\backend\\vendor\\laravel\\framework\\src\\Illuminate\\Database\\Seeder.php(197): Illuminate\\Database\\Seeder->Illuminate\\Database\\{closure}()
#24 C:\\Users\\David\\Documents\\GitHub\\Practicas-Tecnica-LancerGroup\\Practicas en PHP\\backend\\vendor\\laravel\\framework\\src\\Illuminate\\Database\\Seeder.php(61): Illuminate\\Database\\Seeder->__invoke(Array)
#25 C:\\Users\\David\\Documents\\GitHub\\Practicas-Tecnica-LancerGroup\\Practicas en PHP\\backend\\database\\seeders\\DatabaseSeeder.php(14): Illuminate\\Database\\Seeder->call('Database\\\\Seeder...')
#26 C:\\Users\\David\\Documents\\GitHub\\Practicas-Tecnica-LancerGroup\\Practicas en PHP\\backend\\vendor\\laravel\\framework\\src\\Illuminate\\Container\\BoundMethod.php(36): Database\\Seeders\\DatabaseSeeder->run()
#27 C:\\Users\\David\\Documents\\GitHub\\Practicas-Tecnica-LancerGroup\\Practicas en PHP\\backend\\vendor\\laravel\\framework\\src\\Illuminate\\Container\\Util.php(43): Illuminate\\Container\\BoundMethod::Illuminate\\Container\\{closure}()
#28 C:\\Users\\David\\Documents\\GitHub\\Practicas-Tecnica-LancerGroup\\Practicas en PHP\\backend\\vendor\\laravel\\framework\\src\\Illuminate\\Container\\BoundMethod.php(95): Illuminate\\Container\\Util::unwrapIfClosure(Object(Closure))
#29 C:\\Users\\David\\Documents\\GitHub\\Practicas-Tecnica-LancerGroup\\Practicas en PHP\\backend\\vendor\\laravel\\framework\\src\\Illuminate\\Container\\BoundMethod.php(35): Illuminate\\Container\\BoundMethod::callBoundMethod(Object(Illuminate\\Foundation\\Application), Array, Object(Closure))
#30 C:\\Users\\David\\Documents\\GitHub\\Practicas-Tecnica-LancerGroup\\Practicas en PHP\\backend\\vendor\\laravel\\framework\\src\\Illuminate\\Container\\Container.php(696): Illuminate\\Container\\BoundMethod::call(Object(Illuminate\\Foundation\\Application), Array, Array, NULL)
#31 C:\\Users\\David\\Documents\\GitHub\\Practicas-Tecnica-LancerGroup\\Practicas en PHP\\backend\\vendor\\laravel\\framework\\src\\Illuminate\\Database\\Seeder.php(188): Illuminate\\Container\\Container->call(Array, Array)
#32 C:\\Users\\David\\Documents\\GitHub\\Practicas-Tecnica-LancerGroup\\Practicas en PHP\\backend\\vendor\\laravel\\framework\\src\\Illuminate\\Database\\Seeder.php(197): Illuminate\\Database\\Seeder->Illuminate\\Database\\{closure}()
#33 C:\\Users\\David\\Documents\\GitHub\\Practicas-Tecnica-LancerGroup\\Practicas en PHP\\backend\\vendor\\laravel\\framework\\src\\Illuminate\\Database\\Console\\Seeds\\SeedCommand.php(70): Illuminate\\Database\\Seeder->__invoke()
#34 C:\\Users\\David\\Documents\\GitHub\\Practicas-Tecnica-LancerGroup\\Practicas en PHP\\backend\\vendor\\laravel\\framework\\src\\Illuminate\\Database\\Eloquent\\Concerns\\GuardsAttributes.php(155): Illuminate\\Database\\Console\\Seeds\\SeedCommand->Illuminate\\Database\\Console\\Seeds\\{closure}()
#35 C:\\Users\\David\\Documents\\GitHub\\Practicas-Tecnica-LancerGroup\\Practicas en PHP\\backend\\vendor\\laravel\\framework\\src\\Illuminate\\Database\\Console\\Seeds\\SeedCommand.php(69): Illuminate\\Database\\Eloquent\\Model::unguarded(Object(Closure))
#36 C:\\Users\\David\\Documents\\GitHub\\Practicas-Tecnica-LancerGroup\\Practicas en PHP\\backend\\vendor\\laravel\\framework\\src\\Illuminate\\Container\\BoundMethod.php(36): Illuminate\\Database\\Console\\Seeds\\SeedCommand->handle()
#37 C:\\Users\\David\\Documents\\GitHub\\Practicas-Tecnica-LancerGroup\\Practicas en PHP\\backend\\vendor\\laravel\\framework\\src\\Illuminate\\Container\\Util.php(43): Illuminate\\Container\\BoundMethod::Illuminate\\Container\\{closure}()
#38 C:\\Users\\David\\Documents\\GitHub\\Practicas-Tecnica-LancerGroup\\Practicas en PHP\\backend\\vendor\\laravel\\framework\\src\\Illuminate\\Container\\BoundMethod.php(95): Illuminate\\Container\\Util::unwrapIfClosure(Object(Closure))
#39 C:\\Users\\David\\Documents\\GitHub\\Practicas-Tecnica-LancerGroup\\Practicas en PHP\\backend\\vendor\\laravel\\framework\\src\\Illuminate\\Container\\BoundMethod.php(35): Illuminate\\Container\\BoundMethod::callBoundMethod(Object(Illuminate\\Foundation\\Application), Array, Object(Closure))
#40 C:\\Users\\David\\Documents\\GitHub\\Practicas-Tecnica-LancerGroup\\Practicas en PHP\\backend\\vendor\\laravel\\framework\\src\\Illuminate\\Container\\Container.php(696): Illuminate\\Container\\BoundMethod::call(Object(Illuminate\\Foundation\\Application), Array, Array, NULL)
#41 C:\\Users\\David\\Documents\\GitHub\\Practicas-Tecnica-LancerGroup\\Practicas en PHP\\backend\\vendor\\laravel\\framework\\src\\Illuminate\\Console\\Command.php(213): Illuminate\\Container\\Container->call(Array)
#42 C:\\Users\\David\\Documents\\GitHub\\Practicas-Tecnica-LancerGroup\\Practicas en PHP\\backend\\vendor\\symfony\\console\\Command\\Command.php(318): Illuminate\\Console\\Command->execute(Object(Symfony\\Component\\Console\\Input\\ArgvInput), Object(Illuminate\\Console\\OutputStyle))
#43 C:\\Users\\David\\Documents\\GitHub\\Practicas-Tecnica-LancerGroup\\Practicas en PHP\\backend\\vendor\\laravel\\framework\\src\\Illuminate\\Console\\Command.php(182): Symfony\\Component\\Console\\Command\\Command->run(Object(Symfony\\Component\\Console\\Input\\ArgvInput), Object(Illuminate\\Console\\OutputStyle))
#44 C:\\Users\\David\\Documents\\GitHub\\Practicas-Tecnica-LancerGroup\\Practicas en PHP\\backend\\vendor\\symfony\\console\\Application.php(1092): Illuminate\\Console\\Command->run(Object(Symfony\\Component\\Console\\Input\\ArgvInput), Object(Symfony\\Component\\Console\\Output\\ConsoleOutput))
#45 C:\\Users\\David\\Documents\\GitHub\\Practicas-Tecnica-LancerGroup\\Practicas en PHP\\backend\\vendor\\symfony\\console\\Application.php(341): Symfony\\Component\\Console\\Application->doRunCommand(Object(Illuminate\\Database\\Console\\Seeds\\SeedCommand), Object(Symfony\\Component\\Console\\Input\\ArgvInput), Object(Symfony\\Component\\Console\\Output\\ConsoleOutput))
#46 C:\\Users\\David\\Documents\\GitHub\\Practicas-Tecnica-LancerGroup\\Practicas en PHP\\backend\\vendor\\symfony\\console\\Application.php(192): Symfony\\Component\\Console\\Application->doRun(Object(Symfony\\Component\\Console\\Input\\ArgvInput), Object(Symfony\\Component\\Console\\Output\\ConsoleOutput))
#47 C:\\Users\\David\\Documents\\GitHub\\Practicas-Tecnica-LancerGroup\\Practicas en PHP\\backend\\vendor\\laravel\\framework\\src\\Illuminate\\Foundation\\Console\\Kernel.php(198): Symfony\\Component\\Console\\Application->run(Object(Symfony\\Component\\Console\\Input\\ArgvInput), Object(Symfony\\Component\\Console\\Output\\ConsoleOutput))
#48 C:\\Users\\David\\Documents\\GitHub\\Practicas-Tecnica-LancerGroup\\Practicas en PHP\\backend\\vendor\\laravel\\framework\\src\\Illuminate\\Foundation\\Application.php(1235): Illuminate\\Foundation\\Console\\Kernel->handle(Object(Symfony\\Component\\Console\\Input\\ArgvInput), Object(Symfony\\Component\\Console\\Output\\ConsoleOutput))
#49 C:\\Users\\David\\Documents\\GitHub\\Practicas-Tecnica-LancerGroup\\Practicas en PHP\\backend\\artisan(34): Illuminate\\Foundation\\Application->handleCommand(Object(Symfony\\Component\\Console\\Input\\ArgvInput))
#50 {main}
"} 
[2025-06-12 01:50:19] local.ERROR: SQLSTATE[23000]: Integrity constraint violation: 1062 Duplicate entry '978-84-376-0494-7' for key 'books_isbn_unique' (Connection: mysql, SQL: insert into `books` (`nombre`, `descripcion`, `isbn`, `fecha_publicacion`, `paginas`, `edicion`, `updated_at`, `created_at`) values (Cien años de soledad, Una obra maestra del realismo mágico que narra la historia de la familia Buendía a lo largo de siete generaciones., 978-84-376-0494-7, 1967-05-30 00:00:00, 471, Primera edición, 2025-06-12 01:50:19, 2025-06-12 01:50:19)) {"exception":"[object] (Illuminate\\Database\\UniqueConstraintViolationException(code: 23000): SQLSTATE[23000]: Integrity constraint violation: 1062 Duplicate entry '978-84-376-0494-7' for key 'books_isbn_unique' (Connection: mysql, SQL: insert into `books` (`nombre`, `descripcion`, `isbn`, `fecha_publicacion`, `paginas`, `edicion`, `updated_at`, `created_at`) values (Cien años de soledad, Una obra maestra del realismo mágico que narra la historia de la familia Buendía a lo largo de siete generaciones., 978-84-376-0494-7, 1967-05-30 00:00:00, 471, Primera edición, 2025-06-12 01:50:19, 2025-06-12 01:50:19)) at C:\\Users\\David\\Documents\\GitHub\\Practicas-Tecnica-LancerGroup\\Practicas en PHP\\backend\\vendor\\laravel\\framework\\src\\Illuminate\\Database\\Connection.php:820)
[stacktrace]
#0 C:\\Users\\David\\Documents\\GitHub\\Practicas-Tecnica-LancerGroup\\Practicas en PHP\\backend\\vendor\\laravel\\framework\\src\\Illuminate\\Database\\Connection.php(779): Illuminate\\Database\\Connection->runQueryCallback('insert into `bo...', Array, Object(Closure))
#1 C:\\Users\\David\\Documents\\GitHub\\Practicas-Tecnica-LancerGroup\\Practicas en PHP\\backend\\vendor\\laravel\\framework\\src\\Illuminate\\Database\\MySqlConnection.php(42): Illuminate\\Database\\Connection->run('insert into `bo...', Array, Object(Closure))
#2 C:\\Users\\David\\Documents\\GitHub\\Practicas-Tecnica-LancerGroup\\Practicas en PHP\\backend\\vendor\\laravel\\framework\\src\\Illuminate\\Database\\Query\\Processors\\MySqlProcessor.php(35): Illuminate\\Database\\MySqlConnection->insert('insert into `bo...', Array, 'id')
#3 C:\\Users\\David\\Documents\\GitHub\\Practicas-Tecnica-LancerGroup\\Practicas en PHP\\backend\\vendor\\laravel\\framework\\src\\Illuminate\\Database\\Query\\Builder.php(3766): Illuminate\\Database\\Query\\Processors\\MySqlProcessor->processInsertGetId(Object(Illuminate\\Database\\Query\\Builder), 'insert into `bo...', Array, 'id')
#4 C:\\Users\\David\\Documents\\GitHub\\Practicas-Tecnica-LancerGroup\\Practicas en PHP\\backend\\vendor\\laravel\\framework\\src\\Illuminate\\Database\\Eloquent\\Builder.php(2120): Illuminate\\Database\\Query\\Builder->insertGetId(Array, 'id')
#5 C:\\Users\\David\\Documents\\GitHub\\Practicas-Tecnica-LancerGroup\\Practicas en PHP\\backend\\vendor\\laravel\\framework\\src\\Illuminate\\Database\\Eloquent\\Model.php(1359): Illuminate\\Database\\Eloquent\\Builder->__call('insertGetId', Array)
#6 C:\\Users\\David\\Documents\\GitHub\\Practicas-Tecnica-LancerGroup\\Practicas en PHP\\backend\\vendor\\laravel\\framework\\src\\Illuminate\\Database\\Eloquent\\Model.php(1324): Illuminate\\Database\\Eloquent\\Model->insertAndSetId(Object(Illuminate\\Database\\Eloquent\\Builder), Array)
#7 C:\\Users\\David\\Documents\\GitHub\\Practicas-Tecnica-LancerGroup\\Practicas en PHP\\backend\\vendor\\laravel\\framework\\src\\Illuminate\\Database\\Eloquent\\Model.php(1163): Illuminate\\Database\\Eloquent\\Model->performInsert(Object(Illuminate\\Database\\Eloquent\\Builder))
#8 C:\\Users\\David\\Documents\\GitHub\\Practicas-Tecnica-LancerGroup\\Practicas en PHP\\backend\\vendor\\laravel\\framework\\src\\Illuminate\\Database\\Eloquent\\Builder.php(1128): Illuminate\\Database\\Eloquent\\Model->save()
#9 C:\\Users\\David\\Documents\\GitHub\\Practicas-Tecnica-LancerGroup\\Practicas en PHP\\backend\\vendor\\laravel\\framework\\src\\Illuminate\\Support\\helpers.php(399): Illuminate\\Database\\Eloquent\\Builder->Illuminate\\Database\\Eloquent\\{closure}(Object(App\\Models\\Book))
#10 C:\\Users\\David\\Documents\\GitHub\\Practicas-Tecnica-LancerGroup\\Practicas en PHP\\backend\\vendor\\laravel\\framework\\src\\Illuminate\\Database\\Eloquent\\Builder.php(1127): tap(Object(App\\Models\\Book), Object(Closure))
#11 C:\\Users\\David\\Documents\\GitHub\\Practicas-Tecnica-LancerGroup\\Practicas en PHP\\backend\\vendor\\laravel\\framework\\src\\Illuminate\\Support\\Traits\\ForwardsCalls.php(23): Illuminate\\Database\\Eloquent\\Builder->create(Array)
#12 C:\\Users\\David\\Documents\\GitHub\\Practicas-Tecnica-LancerGroup\\Practicas en PHP\\backend\\vendor\\laravel\\framework\\src\\Illuminate\\Database\\Eloquent\\Model.php(2372): Illuminate\\Database\\Eloquent\\Model->forwardCallTo(Object(Illuminate\\Database\\Eloquent\\Builder), 'create', Array)
#13 C:\\Users\\David\\Documents\\GitHub\\Practicas-Tecnica-LancerGroup\\Practicas en PHP\\backend\\vendor\\laravel\\framework\\src\\Illuminate\\Database\\Eloquent\\Model.php(2384): Illuminate\\Database\\Eloquent\\Model->__call('create', Array)
#14 C:\\Users\\David\\Documents\\GitHub\\Practicas-Tecnica-LancerGroup\\Practicas en PHP\\backend\\database\\seeders\\BookSeeder.php(80): Illuminate\\Database\\Eloquent\\Model::__callStatic('create', Array)
#15 C:\\Users\\David\\Documents\\GitHub\\Practicas-Tecnica-LancerGroup\\Practicas en PHP\\backend\\vendor\\laravel\\framework\\src\\Illuminate\\Container\\BoundMethod.php(36): Database\\Seeders\\BookSeeder->run()
#16 C:\\Users\\David\\Documents\\GitHub\\Practicas-Tecnica-LancerGroup\\Practicas en PHP\\backend\\vendor\\laravel\\framework\\src\\Illuminate\\Container\\Util.php(43): Illuminate\\Container\\BoundMethod::Illuminate\\Container\\{closure}()
#17 C:\\Users\\David\\Documents\\GitHub\\Practicas-Tecnica-LancerGroup\\Practicas en PHP\\backend\\vendor\\laravel\\framework\\src\\Illuminate\\Container\\BoundMethod.php(95): Illuminate\\Container\\Util::unwrapIfClosure(Object(Closure))
#18 C:\\Users\\David\\Documents\\GitHub\\Practicas-Tecnica-LancerGroup\\Practicas en PHP\\backend\\vendor\\laravel\\framework\\src\\Illuminate\\Container\\BoundMethod.php(35): Illuminate\\Container\\BoundMethod::callBoundMethod(Object(Illuminate\\Foundation\\Application), Array, Object(Closure))
#19 C:\\Users\\David\\Documents\\GitHub\\Practicas-Tecnica-LancerGroup\\Practicas en PHP\\backend\\vendor\\laravel\\framework\\src\\Illuminate\\Container\\Container.php(696): Illuminate\\Container\\BoundMethod::call(Object(Illuminate\\Foundation\\Application), Array, Array, NULL)
#20 C:\\Users\\David\\Documents\\GitHub\\Practicas-Tecnica-LancerGroup\\Practicas en PHP\\backend\\vendor\\laravel\\framework\\src\\Illuminate\\Database\\Seeder.php(188): Illuminate\\Container\\Container->call(Array, Array)
#21 C:\\Users\\David\\Documents\\GitHub\\Practicas-Tecnica-LancerGroup\\Practicas en PHP\\backend\\vendor\\laravel\\framework\\src\\Illuminate\\Database\\Seeder.php(197): Illuminate\\Database\\Seeder->Illuminate\\Database\\{closure}()
#22 C:\\Users\\David\\Documents\\GitHub\\Practicas-Tecnica-LancerGroup\\Practicas en PHP\\backend\\vendor\\laravel\\framework\\src\\Illuminate\\Database\\Seeder.php(61): Illuminate\\Database\\Seeder->__invoke(Array)
#23 C:\\Users\\David\\Documents\\GitHub\\Practicas-Tecnica-LancerGroup\\Practicas en PHP\\backend\\database\\seeders\\DatabaseSeeder.php(14): Illuminate\\Database\\Seeder->call('Database\\\\Seeder...')
#24 C:\\Users\\David\\Documents\\GitHub\\Practicas-Tecnica-LancerGroup\\Practicas en PHP\\backend\\vendor\\laravel\\framework\\src\\Illuminate\\Container\\BoundMethod.php(36): Database\\Seeders\\DatabaseSeeder->run()
#25 C:\\Users\\David\\Documents\\GitHub\\Practicas-Tecnica-LancerGroup\\Practicas en PHP\\backend\\vendor\\laravel\\framework\\src\\Illuminate\\Container\\Util.php(43): Illuminate\\Container\\BoundMethod::Illuminate\\Container\\{closure}()
#26 C:\\Users\\David\\Documents\\GitHub\\Practicas-Tecnica-LancerGroup\\Practicas en PHP\\backend\\vendor\\laravel\\framework\\src\\Illuminate\\Container\\BoundMethod.php(95): Illuminate\\Container\\Util::unwrapIfClosure(Object(Closure))
#27 C:\\Users\\David\\Documents\\GitHub\\Practicas-Tecnica-LancerGroup\\Practicas en PHP\\backend\\vendor\\laravel\\framework\\src\\Illuminate\\Container\\BoundMethod.php(35): Illuminate\\Container\\BoundMethod::callBoundMethod(Object(Illuminate\\Foundation\\Application), Array, Object(Closure))
#28 C:\\Users\\David\\Documents\\GitHub\\Practicas-Tecnica-LancerGroup\\Practicas en PHP\\backend\\vendor\\laravel\\framework\\src\\Illuminate\\Container\\Container.php(696): Illuminate\\Container\\BoundMethod::call(Object(Illuminate\\Foundation\\Application), Array, Array, NULL)
#29 C:\\Users\\David\\Documents\\GitHub\\Practicas-Tecnica-LancerGroup\\Practicas en PHP\\backend\\vendor\\laravel\\framework\\src\\Illuminate\\Database\\Seeder.php(188): Illuminate\\Container\\Container->call(Array, Array)
#30 C:\\Users\\David\\Documents\\GitHub\\Practicas-Tecnica-LancerGroup\\Practicas en PHP\\backend\\vendor\\laravel\\framework\\src\\Illuminate\\Database\\Seeder.php(197): Illuminate\\Database\\Seeder->Illuminate\\Database\\{closure}()
#31 C:\\Users\\David\\Documents\\GitHub\\Practicas-Tecnica-LancerGroup\\Practicas en PHP\\backend\\vendor\\laravel\\framework\\src\\Illuminate\\Database\\Console\\Seeds\\SeedCommand.php(70): Illuminate\\Database\\Seeder->__invoke()
#32 C:\\Users\\David\\Documents\\GitHub\\Practicas-Tecnica-LancerGroup\\Practicas en PHP\\backend\\vendor\\laravel\\framework\\src\\Illuminate\\Database\\Eloquent\\Concerns\\GuardsAttributes.php(155): Illuminate\\Database\\Console\\Seeds\\SeedCommand->Illuminate\\Database\\Console\\Seeds\\{closure}()
#33 C:\\Users\\David\\Documents\\GitHub\\Practicas-Tecnica-LancerGroup\\Practicas en PHP\\backend\\vendor\\laravel\\framework\\src\\Illuminate\\Database\\Console\\Seeds\\SeedCommand.php(69): Illuminate\\Database\\Eloquent\\Model::unguarded(Object(Closure))
#34 C:\\Users\\David\\Documents\\GitHub\\Practicas-Tecnica-LancerGroup\\Practicas en PHP\\backend\\vendor\\laravel\\framework\\src\\Illuminate\\Container\\BoundMethod.php(36): Illuminate\\Database\\Console\\Seeds\\SeedCommand->handle()
#35 C:\\Users\\David\\Documents\\GitHub\\Practicas-Tecnica-LancerGroup\\Practicas en PHP\\backend\\vendor\\laravel\\framework\\src\\Illuminate\\Container\\Util.php(43): Illuminate\\Container\\BoundMethod::Illuminate\\Container\\{closure}()
#36 C:\\Users\\David\\Documents\\GitHub\\Practicas-Tecnica-LancerGroup\\Practicas en PHP\\backend\\vendor\\laravel\\framework\\src\\Illuminate\\Container\\BoundMethod.php(95): Illuminate\\Container\\Util::unwrapIfClosure(Object(Closure))
#37 C:\\Users\\David\\Documents\\GitHub\\Practicas-Tecnica-LancerGroup\\Practicas en PHP\\backend\\vendor\\laravel\\framework\\src\\Illuminate\\Container\\BoundMethod.php(35): Illuminate\\Container\\BoundMethod::callBoundMethod(Object(Illuminate\\Foundation\\Application), Array, Object(Closure))
#38 C:\\Users\\David\\Documents\\GitHub\\Practicas-Tecnica-LancerGroup\\Practicas en PHP\\backend\\vendor\\laravel\\framework\\src\\Illuminate\\Container\\Container.php(696): Illuminate\\Container\\BoundMethod::call(Object(Illuminate\\Foundation\\Application), Array, Array, NULL)
#39 C:\\Users\\David\\Documents\\GitHub\\Practicas-Tecnica-LancerGroup\\Practicas en PHP\\backend\\vendor\\laravel\\framework\\src\\Illuminate\\Console\\Command.php(213): Illuminate\\Container\\Container->call(Array)
#40 C:\\Users\\David\\Documents\\GitHub\\Practicas-Tecnica-LancerGroup\\Practicas en PHP\\backend\\vendor\\symfony\\console\\Command\\Command.php(318): Illuminate\\Console\\Command->execute(Object(Symfony\\Component\\Console\\Input\\ArgvInput), Object(Illuminate\\Console\\OutputStyle))
#41 C:\\Users\\David\\Documents\\GitHub\\Practicas-Tecnica-LancerGroup\\Practicas en PHP\\backend\\vendor\\laravel\\framework\\src\\Illuminate\\Console\\Command.php(182): Symfony\\Component\\Console\\Command\\Command->run(Object(Symfony\\Component\\Console\\Input\\ArgvInput), Object(Illuminate\\Console\\OutputStyle))
#42 C:\\Users\\David\\Documents\\GitHub\\Practicas-Tecnica-LancerGroup\\Practicas en PHP\\backend\\vendor\\symfony\\console\\Application.php(1092): Illuminate\\Console\\Command->run(Object(Symfony\\Component\\Console\\Input\\ArgvInput), Object(Symfony\\Component\\Console\\Output\\ConsoleOutput))
#43 C:\\Users\\David\\Documents\\GitHub\\Practicas-Tecnica-LancerGroup\\Practicas en PHP\\backend\\vendor\\symfony\\console\\Application.php(341): Symfony\\Component\\Console\\Application->doRunCommand(Object(Illuminate\\Database\\Console\\Seeds\\SeedCommand), Object(Symfony\\Component\\Console\\Input\\ArgvInput), Object(Symfony\\Component\\Console\\Output\\ConsoleOutput))
#44 C:\\Users\\David\\Documents\\GitHub\\Practicas-Tecnica-LancerGroup\\Practicas en PHP\\backend\\vendor\\symfony\\console\\Application.php(192): Symfony\\Component\\Console\\Application->doRun(Object(Symfony\\Component\\Console\\Input\\ArgvInput), Object(Symfony\\Component\\Console\\Output\\ConsoleOutput))
#45 C:\\Users\\David\\Documents\\GitHub\\Practicas-Tecnica-LancerGroup\\Practicas en PHP\\backend\\vendor\\laravel\\framework\\src\\Illuminate\\Foundation\\Console\\Kernel.php(198): Symfony\\Component\\Console\\Application->run(Object(Symfony\\Component\\Console\\Input\\ArgvInput), Object(Symfony\\Component\\Console\\Output\\ConsoleOutput))
#46 C:\\Users\\David\\Documents\\GitHub\\Practicas-Tecnica-LancerGroup\\Practicas en PHP\\backend\\vendor\\laravel\\framework\\src\\Illuminate\\Foundation\\Application.php(1235): Illuminate\\Foundation\\Console\\Kernel->handle(Object(Symfony\\Component\\Console\\Input\\ArgvInput), Object(Symfony\\Component\\Console\\Output\\ConsoleOutput))
#47 C:\\Users\\David\\Documents\\GitHub\\Practicas-Tecnica-LancerGroup\\Practicas en PHP\\backend\\artisan(34): Illuminate\\Foundation\\Application->handleCommand(Object(Symfony\\Component\\Console\\Input\\ArgvInput))
#48 {main}

[previous exception] [object] (PDOException(code: 23000): SQLSTATE[23000]: Integrity constraint violation: 1062 Duplicate entry '978-84-376-0494-7' for key 'books_isbn_unique' at C:\\Users\\David\\Documents\\GitHub\\Practicas-Tecnica-LancerGroup\\Practicas en PHP\\backend\\vendor\\laravel\\framework\\src\\Illuminate\\Database\\MySqlConnection.php:53)
[stacktrace]
#0 C:\\Users\\David\\Documents\\GitHub\\Practicas-Tecnica-LancerGroup\\Practicas en PHP\\backend\\vendor\\laravel\\framework\\src\\Illuminate\\Database\\MySqlConnection.php(53): PDOStatement->execute()
#1 C:\\Users\\David\\Documents\\GitHub\\Practicas-Tecnica-LancerGroup\\Practicas en PHP\\backend\\vendor\\laravel\\framework\\src\\Illuminate\\Database\\Connection.php(812): Illuminate\\Database\\MySqlConnection->Illuminate\\Database\\{closure}('insert into `bo...', Array)
#2 C:\\Users\\David\\Documents\\GitHub\\Practicas-Tecnica-LancerGroup\\Practicas en PHP\\backend\\vendor\\laravel\\framework\\src\\Illuminate\\Database\\Connection.php(779): Illuminate\\Database\\Connection->runQueryCallback('insert into `bo...', Array, Object(Closure))
#3 C:\\Users\\David\\Documents\\GitHub\\Practicas-Tecnica-LancerGroup\\Practicas en PHP\\backend\\vendor\\laravel\\framework\\src\\Illuminate\\Database\\MySqlConnection.php(42): Illuminate\\Database\\Connection->run('insert into `bo...', Array, Object(Closure))
#4 C:\\Users\\David\\Documents\\GitHub\\Practicas-Tecnica-LancerGroup\\Practicas en PHP\\backend\\vendor\\laravel\\framework\\src\\Illuminate\\Database\\Query\\Processors\\MySqlProcessor.php(35): Illuminate\\Database\\MySqlConnection->insert('insert into `bo...', Array, 'id')
#5 C:\\Users\\David\\Documents\\GitHub\\Practicas-Tecnica-LancerGroup\\Practicas en PHP\\backend\\vendor\\laravel\\framework\\src\\Illuminate\\Database\\Query\\Builder.php(3766): Illuminate\\Database\\Query\\Processors\\MySqlProcessor->processInsertGetId(Object(Illuminate\\Database\\Query\\Builder), 'insert into `bo...', Array, 'id')
#6 C:\\Users\\David\\Documents\\GitHub\\Practicas-Tecnica-LancerGroup\\Practicas en PHP\\backend\\vendor\\laravel\\framework\\src\\Illuminate\\Database\\Eloquent\\Builder.php(2120): Illuminate\\Database\\Query\\Builder->insertGetId(Array, 'id')
#7 C:\\Users\\David\\Documents\\GitHub\\Practicas-Tecnica-LancerGroup\\Practicas en PHP\\backend\\vendor\\laravel\\framework\\src\\Illuminate\\Database\\Eloquent\\Model.php(1359): Illuminate\\Database\\Eloquent\\Builder->__call('insertGetId', Array)
#8 C:\\Users\\David\\Documents\\GitHub\\Practicas-Tecnica-LancerGroup\\Practicas en PHP\\backend\\vendor\\laravel\\framework\\src\\Illuminate\\Database\\Eloquent\\Model.php(1324): Illuminate\\Database\\Eloquent\\Model->insertAndSetId(Object(Illuminate\\Database\\Eloquent\\Builder), Array)
#9 C:\\Users\\David\\Documents\\GitHub\\Practicas-Tecnica-LancerGroup\\Practicas en PHP\\backend\\vendor\\laravel\\framework\\src\\Illuminate\\Database\\Eloquent\\Model.php(1163): Illuminate\\Database\\Eloquent\\Model->performInsert(Object(Illuminate\\Database\\Eloquent\\Builder))
#10 C:\\Users\\David\\Documents\\GitHub\\Practicas-Tecnica-LancerGroup\\Practicas en PHP\\backend\\vendor\\laravel\\framework\\src\\Illuminate\\Database\\Eloquent\\Builder.php(1128): Illuminate\\Database\\Eloquent\\Model->save()
#11 C:\\Users\\David\\Documents\\GitHub\\Practicas-Tecnica-LancerGroup\\Practicas en PHP\\backend\\vendor\\laravel\\framework\\src\\Illuminate\\Support\\helpers.php(399): Illuminate\\Database\\Eloquent\\Builder->Illuminate\\Database\\Eloquent\\{closure}(Object(App\\Models\\Book))
#12 C:\\Users\\David\\Documents\\GitHub\\Practicas-Tecnica-LancerGroup\\Practicas en PHP\\backend\\vendor\\laravel\\framework\\src\\Illuminate\\Database\\Eloquent\\Builder.php(1127): tap(Object(App\\Models\\Book), Object(Closure))
#13 C:\\Users\\David\\Documents\\GitHub\\Practicas-Tecnica-LancerGroup\\Practicas en PHP\\backend\\vendor\\laravel\\framework\\src\\Illuminate\\Support\\Traits\\ForwardsCalls.php(23): Illuminate\\Database\\Eloquent\\Builder->create(Array)
#14 C:\\Users\\David\\Documents\\GitHub\\Practicas-Tecnica-LancerGroup\\Practicas en PHP\\backend\\vendor\\laravel\\framework\\src\\Illuminate\\Database\\Eloquent\\Model.php(2372): Illuminate\\Database\\Eloquent\\Model->forwardCallTo(Object(Illuminate\\Database\\Eloquent\\Builder), 'create', Array)
#15 C:\\Users\\David\\Documents\\GitHub\\Practicas-Tecnica-LancerGroup\\Practicas en PHP\\backend\\vendor\\laravel\\framework\\src\\Illuminate\\Database\\Eloquent\\Model.php(2384): Illuminate\\Database\\Eloquent\\Model->__call('create', Array)
#16 C:\\Users\\David\\Documents\\GitHub\\Practicas-Tecnica-LancerGroup\\Practicas en PHP\\backend\\database\\seeders\\BookSeeder.php(80): Illuminate\\Database\\Eloquent\\Model::__callStatic('create', Array)
#17 C:\\Users\\David\\Documents\\GitHub\\Practicas-Tecnica-LancerGroup\\Practicas en PHP\\backend\\vendor\\laravel\\framework\\src\\Illuminate\\Container\\BoundMethod.php(36): Database\\Seeders\\BookSeeder->run()
#18 C:\\Users\\David\\Documents\\GitHub\\Practicas-Tecnica-LancerGroup\\Practicas en PHP\\backend\\vendor\\laravel\\framework\\src\\Illuminate\\Container\\Util.php(43): Illuminate\\Container\\BoundMethod::Illuminate\\Container\\{closure}()
#19 C:\\Users\\David\\Documents\\GitHub\\Practicas-Tecnica-LancerGroup\\Practicas en PHP\\backend\\vendor\\laravel\\framework\\src\\Illuminate\\Container\\BoundMethod.php(95): Illuminate\\Container\\Util::unwrapIfClosure(Object(Closure))
#20 C:\\Users\\David\\Documents\\GitHub\\Practicas-Tecnica-LancerGroup\\Practicas en PHP\\backend\\vendor\\laravel\\framework\\src\\Illuminate\\Container\\BoundMethod.php(35): Illuminate\\Container\\BoundMethod::callBoundMethod(Object(Illuminate\\Foundation\\Application), Array, Object(Closure))
#21 C:\\Users\\David\\Documents\\GitHub\\Practicas-Tecnica-LancerGroup\\Practicas en PHP\\backend\\vendor\\laravel\\framework\\src\\Illuminate\\Container\\Container.php(696): Illuminate\\Container\\BoundMethod::call(Object(Illuminate\\Foundation\\Application), Array, Array, NULL)
#22 C:\\Users\\David\\Documents\\GitHub\\Practicas-Tecnica-LancerGroup\\Practicas en PHP\\backend\\vendor\\laravel\\framework\\src\\Illuminate\\Database\\Seeder.php(188): Illuminate\\Container\\Container->call(Array, Array)
#23 C:\\Users\\David\\Documents\\GitHub\\Practicas-Tecnica-LancerGroup\\Practicas en PHP\\backend\\vendor\\laravel\\framework\\src\\Illuminate\\Database\\Seeder.php(197): Illuminate\\Database\\Seeder->Illuminate\\Database\\{closure}()
#24 C:\\Users\\David\\Documents\\GitHub\\Practicas-Tecnica-LancerGroup\\Practicas en PHP\\backend\\vendor\\laravel\\framework\\src\\Illuminate\\Database\\Seeder.php(61): Illuminate\\Database\\Seeder->__invoke(Array)
#25 C:\\Users\\David\\Documents\\GitHub\\Practicas-Tecnica-LancerGroup\\Practicas en PHP\\backend\\database\\seeders\\DatabaseSeeder.php(14): Illuminate\\Database\\Seeder->call('Database\\\\Seeder...')
#26 C:\\Users\\David\\Documents\\GitHub\\Practicas-Tecnica-LancerGroup\\Practicas en PHP\\backend\\vendor\\laravel\\framework\\src\\Illuminate\\Container\\BoundMethod.php(36): Database\\Seeders\\DatabaseSeeder->run()
#27 C:\\Users\\David\\Documents\\GitHub\\Practicas-Tecnica-LancerGroup\\Practicas en PHP\\backend\\vendor\\laravel\\framework\\src\\Illuminate\\Container\\Util.php(43): Illuminate\\Container\\BoundMethod::Illuminate\\Container\\{closure}()
#28 C:\\Users\\David\\Documents\\GitHub\\Practicas-Tecnica-LancerGroup\\Practicas en PHP\\backend\\vendor\\laravel\\framework\\src\\Illuminate\\Container\\BoundMethod.php(95): Illuminate\\Container\\Util::unwrapIfClosure(Object(Closure))
#29 C:\\Users\\David\\Documents\\GitHub\\Practicas-Tecnica-LancerGroup\\Practicas en PHP\\backend\\vendor\\laravel\\framework\\src\\Illuminate\\Container\\BoundMethod.php(35): Illuminate\\Container\\BoundMethod::callBoundMethod(Object(Illuminate\\Foundation\\Application), Array, Object(Closure))
#30 C:\\Users\\David\\Documents\\GitHub\\Practicas-Tecnica-LancerGroup\\Practicas en PHP\\backend\\vendor\\laravel\\framework\\src\\Illuminate\\Container\\Container.php(696): Illuminate\\Container\\BoundMethod::call(Object(Illuminate\\Foundation\\Application), Array, Array, NULL)
#31 C:\\Users\\David\\Documents\\GitHub\\Practicas-Tecnica-LancerGroup\\Practicas en PHP\\backend\\vendor\\laravel\\framework\\src\\Illuminate\\Database\\Seeder.php(188): Illuminate\\Container\\Container->call(Array, Array)
#32 C:\\Users\\David\\Documents\\GitHub\\Practicas-Tecnica-LancerGroup\\Practicas en PHP\\backend\\vendor\\laravel\\framework\\src\\Illuminate\\Database\\Seeder.php(197): Illuminate\\Database\\Seeder->Illuminate\\Database\\{closure}()
#33 C:\\Users\\David\\Documents\\GitHub\\Practicas-Tecnica-LancerGroup\\Practicas en PHP\\backend\\vendor\\laravel\\framework\\src\\Illuminate\\Database\\Console\\Seeds\\SeedCommand.php(70): Illuminate\\Database\\Seeder->__invoke()
#34 C:\\Users\\David\\Documents\\GitHub\\Practicas-Tecnica-LancerGroup\\Practicas en PHP\\backend\\vendor\\laravel\\framework\\src\\Illuminate\\Database\\Eloquent\\Concerns\\GuardsAttributes.php(155): Illuminate\\Database\\Console\\Seeds\\SeedCommand->Illuminate\\Database\\Console\\Seeds\\{closure}()
#35 C:\\Users\\David\\Documents\\GitHub\\Practicas-Tecnica-LancerGroup\\Practicas en PHP\\backend\\vendor\\laravel\\framework\\src\\Illuminate\\Database\\Console\\Seeds\\SeedCommand.php(69): Illuminate\\Database\\Eloquent\\Model::unguarded(Object(Closure))
#36 C:\\Users\\David\\Documents\\GitHub\\Practicas-Tecnica-LancerGroup\\Practicas en PHP\\backend\\vendor\\laravel\\framework\\src\\Illuminate\\Container\\BoundMethod.php(36): Illuminate\\Database\\Console\\Seeds\\SeedCommand->handle()
#37 C:\\Users\\David\\Documents\\GitHub\\Practicas-Tecnica-LancerGroup\\Practicas en PHP\\backend\\vendor\\laravel\\framework\\src\\Illuminate\\Container\\Util.php(43): Illuminate\\Container\\BoundMethod::Illuminate\\Container\\{closure}()
#38 C:\\Users\\David\\Documents\\GitHub\\Practicas-Tecnica-LancerGroup\\Practicas en PHP\\backend\\vendor\\laravel\\framework\\src\\Illuminate\\Container\\BoundMethod.php(95): Illuminate\\Container\\Util::unwrapIfClosure(Object(Closure))
#39 C:\\Users\\David\\Documents\\GitHub\\Practicas-Tecnica-LancerGroup\\Practicas en PHP\\backend\\vendor\\laravel\\framework\\src\\Illuminate\\Container\\BoundMethod.php(35): Illuminate\\Container\\BoundMethod::callBoundMethod(Object(Illuminate\\Foundation\\Application), Array, Object(Closure))
#40 C:\\Users\\David\\Documents\\GitHub\\Practicas-Tecnica-LancerGroup\\Practicas en PHP\\backend\\vendor\\laravel\\framework\\src\\Illuminate\\Container\\Container.php(696): Illuminate\\Container\\BoundMethod::call(Object(Illuminate\\Foundation\\Application), Array, Array, NULL)
#41 C:\\Users\\David\\Documents\\GitHub\\Practicas-Tecnica-LancerGroup\\Practicas en PHP\\backend\\vendor\\laravel\\framework\\src\\Illuminate\\Console\\Command.php(213): Illuminate\\Container\\Container->call(Array)
#42 C:\\Users\\David\\Documents\\GitHub\\Practicas-Tecnica-LancerGroup\\Practicas en PHP\\backend\\vendor\\symfony\\console\\Command\\Command.php(318): Illuminate\\Console\\Command->execute(Object(Symfony\\Component\\Console\\Input\\ArgvInput), Object(Illuminate\\Console\\OutputStyle))
#43 C:\\Users\\David\\Documents\\GitHub\\Practicas-Tecnica-LancerGroup\\Practicas en PHP\\backend\\vendor\\laravel\\framework\\src\\Illuminate\\Console\\Command.php(182): Symfony\\Component\\Console\\Command\\Command->run(Object(Symfony\\Component\\Console\\Input\\ArgvInput), Object(Illuminate\\Console\\OutputStyle))
#44 C:\\Users\\David\\Documents\\GitHub\\Practicas-Tecnica-LancerGroup\\Practicas en PHP\\backend\\vendor\\symfony\\console\\Application.php(1092): Illuminate\\Console\\Command->run(Object(Symfony\\Component\\Console\\Input\\ArgvInput), Object(Symfony\\Component\\Console\\Output\\ConsoleOutput))
#45 C:\\Users\\David\\Documents\\GitHub\\Practicas-Tecnica-LancerGroup\\Practicas en PHP\\backend\\vendor\\symfony\\console\\Application.php(341): Symfony\\Component\\Console\\Application->doRunCommand(Object(Illuminate\\Database\\Console\\Seeds\\SeedCommand), Object(Symfony\\Component\\Console\\Input\\ArgvInput), Object(Symfony\\Component\\Console\\Output\\ConsoleOutput))
#46 C:\\Users\\David\\Documents\\GitHub\\Practicas-Tecnica-LancerGroup\\Practicas en PHP\\backend\\vendor\\symfony\\console\\Application.php(192): Symfony\\Component\\Console\\Application->doRun(Object(Symfony\\Component\\Console\\Input\\ArgvInput), Object(Symfony\\Component\\Console\\Output\\ConsoleOutput))
#47 C:\\Users\\David\\Documents\\GitHub\\Practicas-Tecnica-LancerGroup\\Practicas en PHP\\backend\\vendor\\laravel\\framework\\src\\Illuminate\\Foundation\\Console\\Kernel.php(198): Symfony\\Component\\Console\\Application->run(Object(Symfony\\Component\\Console\\Input\\ArgvInput), Object(Symfony\\Component\\Console\\Output\\ConsoleOutput))
#48 C:\\Users\\David\\Documents\\GitHub\\Practicas-Tecnica-LancerGroup\\Practicas en PHP\\backend\\vendor\\laravel\\framework\\src\\Illuminate\\Foundation\\Application.php(1235): Illuminate\\Foundation\\Console\\Kernel->handle(Object(Symfony\\Component\\Console\\Input\\ArgvInput), Object(Symfony\\Component\\Console\\Output\\ConsoleOutput))
#49 C:\\Users\\David\\Documents\\GitHub\\Practicas-Tecnica-LancerGroup\\Practicas en PHP\\backend\\artisan(34): Illuminate\\Foundation\\Application->handleCommand(Object(Symfony\\Component\\Console\\Input\\ArgvInput))
#50 {main}
"} 
[2025-06-12 01:50:29] local.ERROR: Class "CreateAuthorsTable" not found {"exception":"[object] (Error(code: 0): Class \"CreateAuthorsTable\" not found at C:\\Users\\David\\Documents\\GitHub\\Practicas-Tecnica-LancerGroup\\Practicas en PHP\\backend\\vendor\\laravel\\framework\\src\\Illuminate\\Database\\Migrations\\Migrator.php:548)
[stacktrace]
#0 C:\\Users\\David\\Documents\\GitHub\\Practicas-Tecnica-LancerGroup\\Practicas en PHP\\backend\\vendor\\laravel\\framework\\src\\Illuminate\\Database\\Migrations\\Migrator.php(236): Illuminate\\Database\\Migrations\\Migrator->resolvePath('C:\\\\Users\\\\David\\\\...')
#1 C:\\Users\\David\\Documents\\GitHub\\Practicas-Tecnica-LancerGroup\\Practicas en PHP\\backend\\vendor\\laravel\\framework\\src\\Illuminate\\Database\\Migrations\\Migrator.php(211): Illuminate\\Database\\Migrations\\Migrator->runUp('C:\\\\Users\\\\David\\\\...', 1, false)
#2 C:\\Users\\David\\Documents\\GitHub\\Practicas-Tecnica-LancerGroup\\Practicas en PHP\\backend\\vendor\\laravel\\framework\\src\\Illuminate\\Database\\Migrations\\Migrator.php(138): Illuminate\\Database\\Migrations\\Migrator->runPending(Array, Array)
#3 C:\\Users\\David\\Documents\\GitHub\\Practicas-Tecnica-LancerGroup\\Practicas en PHP\\backend\\vendor\\laravel\\framework\\src\\Illuminate\\Database\\Console\\Migrations\\MigrateCommand.php(117): Illuminate\\Database\\Migrations\\Migrator->run(Array, Array)
#4 C:\\Users\\David\\Documents\\GitHub\\Practicas-Tecnica-LancerGroup\\Practicas en PHP\\backend\\vendor\\laravel\\framework\\src\\Illuminate\\Database\\Migrations\\Migrator.php(658): Illuminate\\Database\\Console\\Migrations\\MigrateCommand->Illuminate\\Database\\Console\\Migrations\\{closure}()
#5 C:\\Users\\David\\Documents\\GitHub\\Practicas-Tecnica-LancerGroup\\Practicas en PHP\\backend\\vendor\\laravel\\framework\\src\\Illuminate\\Database\\Console\\Migrations\\MigrateCommand.php(110): Illuminate\\Database\\Migrations\\Migrator->usingConnection(NULL, Object(Closure))
#6 C:\\Users\\David\\Documents\\GitHub\\Practicas-Tecnica-LancerGroup\\Practicas en PHP\\backend\\vendor\\laravel\\framework\\src\\Illuminate\\Database\\Console\\Migrations\\MigrateCommand.php(89): Illuminate\\Database\\Console\\Migrations\\MigrateCommand->runMigrations()
#7 C:\\Users\\David\\Documents\\GitHub\\Practicas-Tecnica-LancerGroup\\Practicas en PHP\\backend\\vendor\\laravel\\framework\\src\\Illuminate\\Container\\BoundMethod.php(36): Illuminate\\Database\\Console\\Migrations\\MigrateCommand->handle()
#8 C:\\Users\\David\\Documents\\GitHub\\Practicas-Tecnica-LancerGroup\\Practicas en PHP\\backend\\vendor\\laravel\\framework\\src\\Illuminate\\Container\\Util.php(43): Illuminate\\Container\\BoundMethod::Illuminate\\Container\\{closure}()
#9 C:\\Users\\David\\Documents\\GitHub\\Practicas-Tecnica-LancerGroup\\Practicas en PHP\\backend\\vendor\\laravel\\framework\\src\\Illuminate\\Container\\BoundMethod.php(95): Illuminate\\Container\\Util::unwrapIfClosure(Object(Closure))
#10 C:\\Users\\David\\Documents\\GitHub\\Practicas-Tecnica-LancerGroup\\Practicas en PHP\\backend\\vendor\\laravel\\framework\\src\\Illuminate\\Container\\BoundMethod.php(35): Illuminate\\Container\\BoundMethod::callBoundMethod(Object(Illuminate\\Foundation\\Application), Array, Object(Closure))
#11 C:\\Users\\David\\Documents\\GitHub\\Practicas-Tecnica-LancerGroup\\Practicas en PHP\\backend\\vendor\\laravel\\framework\\src\\Illuminate\\Container\\Container.php(696): Illuminate\\Container\\BoundMethod::call(Object(Illuminate\\Foundation\\Application), Array, Array, NULL)
#12 C:\\Users\\David\\Documents\\GitHub\\Practicas-Tecnica-LancerGroup\\Practicas en PHP\\backend\\vendor\\laravel\\framework\\src\\Illuminate\\Console\\Command.php(213): Illuminate\\Container\\Container->call(Array)
#13 C:\\Users\\David\\Documents\\GitHub\\Practicas-Tecnica-LancerGroup\\Practicas en PHP\\backend\\vendor\\symfony\\console\\Command\\Command.php(318): Illuminate\\Console\\Command->execute(Object(Symfony\\Component\\Console\\Input\\ArrayInput), Object(Illuminate\\Console\\OutputStyle))
#14 C:\\Users\\David\\Documents\\GitHub\\Practicas-Tecnica-LancerGroup\\Practicas en PHP\\backend\\vendor\\laravel\\framework\\src\\Illuminate\\Console\\Command.php(182): Symfony\\Component\\Console\\Command\\Command->run(Object(Symfony\\Component\\Console\\Input\\ArrayInput), Object(Illuminate\\Console\\OutputStyle))
#15 C:\\Users\\David\\Documents\\GitHub\\Practicas-Tecnica-LancerGroup\\Practicas en PHP\\backend\\vendor\\laravel\\framework\\src\\Illuminate\\Console\\Concerns\\CallsCommands.php(68): Illuminate\\Console\\Command->run(Object(Symfony\\Component\\Console\\Input\\ArrayInput), Object(Illuminate\\Console\\OutputStyle))
#16 C:\\Users\\David\\Documents\\GitHub\\Practicas-Tecnica-LancerGroup\\Practicas en PHP\\backend\\vendor\\laravel\\framework\\src\\Illuminate\\Console\\Concerns\\CallsCommands.php(29): Illuminate\\Console\\Command->runCommand('migrate', Array, Object(Illuminate\\Console\\OutputStyle))
#17 C:\\Users\\David\\Documents\\GitHub\\Practicas-Tecnica-LancerGroup\\Practicas en PHP\\backend\\vendor\\laravel\\framework\\src\\Illuminate\\Database\\Console\\Migrations\\FreshCommand.php(82): Illuminate\\Console\\Command->call('migrate', Array)
#18 C:\\Users\\David\\Documents\\GitHub\\Practicas-Tecnica-LancerGroup\\Practicas en PHP\\backend\\vendor\\laravel\\framework\\src\\Illuminate\\Container\\BoundMethod.php(36): Illuminate\\Database\\Console\\Migrations\\FreshCommand->handle()
#19 C:\\Users\\David\\Documents\\GitHub\\Practicas-Tecnica-LancerGroup\\Practicas en PHP\\backend\\vendor\\laravel\\framework\\src\\Illuminate\\Container\\Util.php(43): Illuminate\\Container\\BoundMethod::Illuminate\\Container\\{closure}()
#20 C:\\Users\\David\\Documents\\GitHub\\Practicas-Tecnica-LancerGroup\\Practicas en PHP\\backend\\vendor\\laravel\\framework\\src\\Illuminate\\Container\\BoundMethod.php(95): Illuminate\\Container\\Util::unwrapIfClosure(Object(Closure))
#21 C:\\Users\\David\\Documents\\GitHub\\Practicas-Tecnica-LancerGroup\\Practicas en PHP\\backend\\vendor\\laravel\\framework\\src\\Illuminate\\Container\\BoundMethod.php(35): Illuminate\\Container\\BoundMethod::callBoundMethod(Object(Illuminate\\Foundation\\Application), Array, Object(Closure))
#22 C:\\Users\\David\\Documents\\GitHub\\Practicas-Tecnica-LancerGroup\\Practicas en PHP\\backend\\vendor\\laravel\\framework\\src\\Illuminate\\Container\\Container.php(696): Illuminate\\Container\\BoundMethod::call(Object(Illuminate\\Foundation\\Application), Array, Array, NULL)
#23 C:\\Users\\David\\Documents\\GitHub\\Practicas-Tecnica-LancerGroup\\Practicas en PHP\\backend\\vendor\\laravel\\framework\\src\\Illuminate\\Console\\Command.php(213): Illuminate\\Container\\Container->call(Array)
#24 C:\\Users\\David\\Documents\\GitHub\\Practicas-Tecnica-LancerGroup\\Practicas en PHP\\backend\\vendor\\symfony\\console\\Command\\Command.php(318): Illuminate\\Console\\Command->execute(Object(Symfony\\Component\\Console\\Input\\ArgvInput), Object(Illuminate\\Console\\OutputStyle))
#25 C:\\Users\\David\\Documents\\GitHub\\Practicas-Tecnica-LancerGroup\\Practicas en PHP\\backend\\vendor\\laravel\\framework\\src\\Illuminate\\Console\\Command.php(182): Symfony\\Component\\Console\\Command\\Command->run(Object(Symfony\\Component\\Console\\Input\\ArgvInput), Object(Illuminate\\Console\\OutputStyle))
#26 C:\\Users\\David\\Documents\\GitHub\\Practicas-Tecnica-LancerGroup\\Practicas en PHP\\backend\\vendor\\symfony\\console\\Application.php(1092): Illuminate\\Console\\Command->run(Object(Symfony\\Component\\Console\\Input\\ArgvInput), Object(Symfony\\Component\\Console\\Output\\ConsoleOutput))
#27 C:\\Users\\David\\Documents\\GitHub\\Practicas-Tecnica-LancerGroup\\Practicas en PHP\\backend\\vendor\\symfony\\console\\Application.php(341): Symfony\\Component\\Console\\Application->doRunCommand(Object(Illuminate\\Database\\Console\\Migrations\\FreshCommand), Object(Symfony\\Component\\Console\\Input\\ArgvInput), Object(Symfony\\Component\\Console\\Output\\ConsoleOutput))
#28 C:\\Users\\David\\Documents\\GitHub\\Practicas-Tecnica-LancerGroup\\Practicas en PHP\\backend\\vendor\\symfony\\console\\Application.php(192): Symfony\\Component\\Console\\Application->doRun(Object(Symfony\\Component\\Console\\Input\\ArgvInput), Object(Symfony\\Component\\Console\\Output\\ConsoleOutput))
#29 C:\\Users\\David\\Documents\\GitHub\\Practicas-Tecnica-LancerGroup\\Practicas en PHP\\backend\\vendor\\laravel\\framework\\src\\Illuminate\\Foundation\\Console\\Kernel.php(198): Symfony\\Component\\Console\\Application->run(Object(Symfony\\Component\\Console\\Input\\ArgvInput), Object(Symfony\\Component\\Console\\Output\\ConsoleOutput))
#30 C:\\Users\\David\\Documents\\GitHub\\Practicas-Tecnica-LancerGroup\\Practicas en PHP\\backend\\vendor\\laravel\\framework\\src\\Illuminate\\Foundation\\Application.php(1235): Illuminate\\Foundation\\Console\\Kernel->handle(Object(Symfony\\Component\\Console\\Input\\ArgvInput), Object(Symfony\\Component\\Console\\Output\\ConsoleOutput))
#31 C:\\Users\\David\\Documents\\GitHub\\Practicas-Tecnica-LancerGroup\\Practicas en PHP\\backend\\artisan(34): Illuminate\\Foundation\\Application->handleCommand(Object(Symfony\\Component\\Console\\Input\\ArgvInput))
#32 {main}
"} 
[2025-06-12 01:52:00] local.ERROR: Class "CreateAuthorsTable" not found {"exception":"[object] (Error(code: 0): Class \"CreateAuthorsTable\" not found at C:\\Users\\David\\Documents\\GitHub\\Practicas-Tecnica-LancerGroup\\Practicas en PHP\\backend\\vendor\\laravel\\framework\\src\\Illuminate\\Database\\Migrations\\Migrator.php:548)
[stacktrace]
#0 C:\\Users\\David\\Documents\\GitHub\\Practicas-Tecnica-LancerGroup\\Practicas en PHP\\backend\\vendor\\laravel\\framework\\src\\Illuminate\\Database\\Migrations\\Migrator.php(236): Illuminate\\Database\\Migrations\\Migrator->resolvePath('C:\\\\Users\\\\David\\\\...')
#1 C:\\Users\\David\\Documents\\GitHub\\Practicas-Tecnica-LancerGroup\\Practicas en PHP\\backend\\vendor\\laravel\\framework\\src\\Illuminate\\Database\\Migrations\\Migrator.php(211): Illuminate\\Database\\Migrations\\Migrator->runUp('C:\\\\Users\\\\David\\\\...', 1, false)
#2 C:\\Users\\David\\Documents\\GitHub\\Practicas-Tecnica-LancerGroup\\Practicas en PHP\\backend\\vendor\\laravel\\framework\\src\\Illuminate\\Database\\Migrations\\Migrator.php(138): Illuminate\\Database\\Migrations\\Migrator->runPending(Array, Array)
#3 C:\\Users\\David\\Documents\\GitHub\\Practicas-Tecnica-LancerGroup\\Practicas en PHP\\backend\\vendor\\laravel\\framework\\src\\Illuminate\\Database\\Console\\Migrations\\MigrateCommand.php(117): Illuminate\\Database\\Migrations\\Migrator->run(Array, Array)
#4 C:\\Users\\David\\Documents\\GitHub\\Practicas-Tecnica-LancerGroup\\Practicas en PHP\\backend\\vendor\\laravel\\framework\\src\\Illuminate\\Database\\Migrations\\Migrator.php(658): Illuminate\\Database\\Console\\Migrations\\MigrateCommand->Illuminate\\Database\\Console\\Migrations\\{closure}()
#5 C:\\Users\\David\\Documents\\GitHub\\Practicas-Tecnica-LancerGroup\\Practicas en PHP\\backend\\vendor\\laravel\\framework\\src\\Illuminate\\Database\\Console\\Migrations\\MigrateCommand.php(110): Illuminate\\Database\\Migrations\\Migrator->usingConnection(NULL, Object(Closure))
#6 C:\\Users\\David\\Documents\\GitHub\\Practicas-Tecnica-LancerGroup\\Practicas en PHP\\backend\\vendor\\laravel\\framework\\src\\Illuminate\\Database\\Console\\Migrations\\MigrateCommand.php(89): Illuminate\\Database\\Console\\Migrations\\MigrateCommand->runMigrations()
#7 C:\\Users\\David\\Documents\\GitHub\\Practicas-Tecnica-LancerGroup\\Practicas en PHP\\backend\\vendor\\laravel\\framework\\src\\Illuminate\\Container\\BoundMethod.php(36): Illuminate\\Database\\Console\\Migrations\\MigrateCommand->handle()
#8 C:\\Users\\David\\Documents\\GitHub\\Practicas-Tecnica-LancerGroup\\Practicas en PHP\\backend\\vendor\\laravel\\framework\\src\\Illuminate\\Container\\Util.php(43): Illuminate\\Container\\BoundMethod::Illuminate\\Container\\{closure}()
#9 C:\\Users\\David\\Documents\\GitHub\\Practicas-Tecnica-LancerGroup\\Practicas en PHP\\backend\\vendor\\laravel\\framework\\src\\Illuminate\\Container\\BoundMethod.php(95): Illuminate\\Container\\Util::unwrapIfClosure(Object(Closure))
#10 C:\\Users\\David\\Documents\\GitHub\\Practicas-Tecnica-LancerGroup\\Practicas en PHP\\backend\\vendor\\laravel\\framework\\src\\Illuminate\\Container\\BoundMethod.php(35): Illuminate\\Container\\BoundMethod::callBoundMethod(Object(Illuminate\\Foundation\\Application), Array, Object(Closure))
#11 C:\\Users\\David\\Documents\\GitHub\\Practicas-Tecnica-LancerGroup\\Practicas en PHP\\backend\\vendor\\laravel\\framework\\src\\Illuminate\\Container\\Container.php(696): Illuminate\\Container\\BoundMethod::call(Object(Illuminate\\Foundation\\Application), Array, Array, NULL)
#12 C:\\Users\\David\\Documents\\GitHub\\Practicas-Tecnica-LancerGroup\\Practicas en PHP\\backend\\vendor\\laravel\\framework\\src\\Illuminate\\Console\\Command.php(213): Illuminate\\Container\\Container->call(Array)
#13 C:\\Users\\David\\Documents\\GitHub\\Practicas-Tecnica-LancerGroup\\Practicas en PHP\\backend\\vendor\\symfony\\console\\Command\\Command.php(318): Illuminate\\Console\\Command->execute(Object(Symfony\\Component\\Console\\Input\\ArrayInput), Object(Illuminate\\Console\\OutputStyle))
#14 C:\\Users\\David\\Documents\\GitHub\\Practicas-Tecnica-LancerGroup\\Practicas en PHP\\backend\\vendor\\laravel\\framework\\src\\Illuminate\\Console\\Command.php(182): Symfony\\Component\\Console\\Command\\Command->run(Object(Symfony\\Component\\Console\\Input\\ArrayInput), Object(Illuminate\\Console\\OutputStyle))
#15 C:\\Users\\David\\Documents\\GitHub\\Practicas-Tecnica-LancerGroup\\Practicas en PHP\\backend\\vendor\\laravel\\framework\\src\\Illuminate\\Console\\Concerns\\CallsCommands.php(68): Illuminate\\Console\\Command->run(Object(Symfony\\Component\\Console\\Input\\ArrayInput), Object(Illuminate\\Console\\OutputStyle))
#16 C:\\Users\\David\\Documents\\GitHub\\Practicas-Tecnica-LancerGroup\\Practicas en PHP\\backend\\vendor\\laravel\\framework\\src\\Illuminate\\Console\\Concerns\\CallsCommands.php(29): Illuminate\\Console\\Command->runCommand('migrate', Array, Object(Illuminate\\Console\\OutputStyle))
#17 C:\\Users\\David\\Documents\\GitHub\\Practicas-Tecnica-LancerGroup\\Practicas en PHP\\backend\\vendor\\laravel\\framework\\src\\Illuminate\\Database\\Console\\Migrations\\FreshCommand.php(82): Illuminate\\Console\\Command->call('migrate', Array)
#18 C:\\Users\\David\\Documents\\GitHub\\Practicas-Tecnica-LancerGroup\\Practicas en PHP\\backend\\vendor\\laravel\\framework\\src\\Illuminate\\Container\\BoundMethod.php(36): Illuminate\\Database\\Console\\Migrations\\FreshCommand->handle()
#19 C:\\Users\\David\\Documents\\GitHub\\Practicas-Tecnica-LancerGroup\\Practicas en PHP\\backend\\vendor\\laravel\\framework\\src\\Illuminate\\Container\\Util.php(43): Illuminate\\Container\\BoundMethod::Illuminate\\Container\\{closure}()
#20 C:\\Users\\David\\Documents\\GitHub\\Practicas-Tecnica-LancerGroup\\Practicas en PHP\\backend\\vendor\\laravel\\framework\\src\\Illuminate\\Container\\BoundMethod.php(95): Illuminate\\Container\\Util::unwrapIfClosure(Object(Closure))
#21 C:\\Users\\David\\Documents\\GitHub\\Practicas-Tecnica-LancerGroup\\Practicas en PHP\\backend\\vendor\\laravel\\framework\\src\\Illuminate\\Container\\BoundMethod.php(35): Illuminate\\Container\\BoundMethod::callBoundMethod(Object(Illuminate\\Foundation\\Application), Array, Object(Closure))
#22 C:\\Users\\David\\Documents\\GitHub\\Practicas-Tecnica-LancerGroup\\Practicas en PHP\\backend\\vendor\\laravel\\framework\\src\\Illuminate\\Container\\Container.php(696): Illuminate\\Container\\BoundMethod::call(Object(Illuminate\\Foundation\\Application), Array, Array, NULL)
#23 C:\\Users\\David\\Documents\\GitHub\\Practicas-Tecnica-LancerGroup\\Practicas en PHP\\backend\\vendor\\laravel\\framework\\src\\Illuminate\\Console\\Command.php(213): Illuminate\\Container\\Container->call(Array)
#24 C:\\Users\\David\\Documents\\GitHub\\Practicas-Tecnica-LancerGroup\\Practicas en PHP\\backend\\vendor\\symfony\\console\\Command\\Command.php(318): Illuminate\\Console\\Command->execute(Object(Symfony\\Component\\Console\\Input\\ArgvInput), Object(Illuminate\\Console\\OutputStyle))
#25 C:\\Users\\David\\Documents\\GitHub\\Practicas-Tecnica-LancerGroup\\Practicas en PHP\\backend\\vendor\\laravel\\framework\\src\\Illuminate\\Console\\Command.php(182): Symfony\\Component\\Console\\Command\\Command->run(Object(Symfony\\Component\\Console\\Input\\ArgvInput), Object(Illuminate\\Console\\OutputStyle))
#26 C:\\Users\\David\\Documents\\GitHub\\Practicas-Tecnica-LancerGroup\\Practicas en PHP\\backend\\vendor\\symfony\\console\\Application.php(1092): Illuminate\\Console\\Command->run(Object(Symfony\\Component\\Console\\Input\\ArgvInput), Object(Symfony\\Component\\Console\\Output\\ConsoleOutput))
#27 C:\\Users\\David\\Documents\\GitHub\\Practicas-Tecnica-LancerGroup\\Practicas en PHP\\backend\\vendor\\symfony\\console\\Application.php(341): Symfony\\Component\\Console\\Application->doRunCommand(Object(Illuminate\\Database\\Console\\Migrations\\FreshCommand), Object(Symfony\\Component\\Console\\Input\\ArgvInput), Object(Symfony\\Component\\Console\\Output\\ConsoleOutput))
#28 C:\\Users\\David\\Documents\\GitHub\\Practicas-Tecnica-LancerGroup\\Practicas en PHP\\backend\\vendor\\symfony\\console\\Application.php(192): Symfony\\Component\\Console\\Application->doRun(Object(Symfony\\Component\\Console\\Input\\ArgvInput), Object(Symfony\\Component\\Console\\Output\\ConsoleOutput))
#29 C:\\Users\\David\\Documents\\GitHub\\Practicas-Tecnica-LancerGroup\\Practicas en PHP\\backend\\vendor\\laravel\\framework\\src\\Illuminate\\Foundation\\Console\\Kernel.php(198): Symfony\\Component\\Console\\Application->run(Object(Symfony\\Component\\Console\\Input\\ArgvInput), Object(Symfony\\Component\\Console\\Output\\ConsoleOutput))
#30 C:\\Users\\David\\Documents\\GitHub\\Practicas-Tecnica-LancerGroup\\Practicas en PHP\\backend\\vendor\\laravel\\framework\\src\\Illuminate\\Foundation\\Application.php(1235): Illuminate\\Foundation\\Console\\Kernel->handle(Object(Symfony\\Component\\Console\\Input\\ArgvInput), Object(Symfony\\Component\\Console\\Output\\ConsoleOutput))
#31 C:\\Users\\David\\Documents\\GitHub\\Practicas-Tecnica-LancerGroup\\Practicas en PHP\\backend\\artisan(34): Illuminate\\Foundation\\Application->handleCommand(Object(Symfony\\Component\\Console\\Input\\ArgvInput))
#32 {main}
"} 
[2025-06-12 02:12:46] local.ERROR: SQLSTATE[HY000]: General error: 1005 Can't create table `practicas_db`.`author_book` (errno: 150 "Foreign key constraint is incorrectly formed") (Connection: mysql, SQL: alter table `author_book` add constraint `author_book_author_id_foreign` foreign key (`author_id`) references `authors` (`id`) on delete cascade) {"exception":"[object] (Illuminate\\Database\\QueryException(code: HY000): SQLSTATE[HY000]: General error: 1005 Can't create table `practicas_db`.`author_book` (errno: 150 \"Foreign key constraint is incorrectly formed\") (Connection: mysql, SQL: alter table `author_book` add constraint `author_book_author_id_foreign` foreign key (`author_id`) references `authors` (`id`) on delete cascade) at C:\\Users\\David\\Documents\\GitHub\\Practicas-Tecnica-LancerGroup\\Practicas en PHP\\backend\\vendor\\laravel\\framework\\src\\Illuminate\\Database\\Connection.php:825)
[stacktrace]
#0 C:\\Users\\David\\Documents\\GitHub\\Practicas-Tecnica-LancerGroup\\Practicas en PHP\\backend\\vendor\\laravel\\framework\\src\\Illuminate\\Database\\Connection.php(779): Illuminate\\Database\\Connection->runQueryCallback('alter table `au...', Array, Object(Closure))
#1 C:\\Users\\David\\Documents\\GitHub\\Practicas-Tecnica-LancerGroup\\Practicas en PHP\\backend\\vendor\\laravel\\framework\\src\\Illuminate\\Database\\Connection.php(560): Illuminate\\Database\\Connection->run('alter table `au...', Array, Object(Closure))
#2 C:\\Users\\David\\Documents\\GitHub\\Practicas-Tecnica-LancerGroup\\Practicas en PHP\\backend\\vendor\\laravel\\framework\\src\\Illuminate\\Database\\Schema\\Blueprint.php(118): Illuminate\\Database\\Connection->statement('alter table `au...')
#3 C:\\Users\\David\\Documents\\GitHub\\Practicas-Tecnica-LancerGroup\\Practicas en PHP\\backend\\vendor\\laravel\\framework\\src\\Illuminate\\Database\\Schema\\Builder.php(564): Illuminate\\Database\\Schema\\Blueprint->build(Object(Illuminate\\Database\\MySqlConnection), Object(Illuminate\\Database\\Schema\\Grammars\\MySqlGrammar))
#4 C:\\Users\\David\\Documents\\GitHub\\Practicas-Tecnica-LancerGroup\\Practicas en PHP\\backend\\vendor\\laravel\\framework\\src\\Illuminate\\Database\\Schema\\Builder.php(418): Illuminate\\Database\\Schema\\Builder->build(Object(Illuminate\\Database\\Schema\\Blueprint))
#5 C:\\Users\\David\\Documents\\GitHub\\Practicas-Tecnica-LancerGroup\\Practicas en PHP\\backend\\vendor\\laravel\\framework\\src\\Illuminate\\Support\\Facades\\Facade.php(361): Illuminate\\Database\\Schema\\Builder->create('author_book', Object(Closure))
#6 C:\\Users\\David\\Documents\\GitHub\\Practicas-Tecnica-LancerGroup\\Practicas en PHP\\backend\\database\\migrations\\author_book.php(13): Illuminate\\Support\\Facades\\Facade::__callStatic('create', Array)
#7 C:\\Users\\David\\Documents\\GitHub\\Practicas-Tecnica-LancerGroup\\Practicas en PHP\\backend\\vendor\\laravel\\framework\\src\\Illuminate\\Database\\Migrations\\Migrator.php(507): Illuminate\\Database\\Migrations\\Migration@anonymous->up()
#8 C:\\Users\\David\\Documents\\GitHub\\Practicas-Tecnica-LancerGroup\\Practicas en PHP\\backend\\vendor\\laravel\\framework\\src\\Illuminate\\Database\\Migrations\\Migrator.php(432): Illuminate\\Database\\Migrations\\Migrator->runMethod(Object(Illuminate\\Database\\MySqlConnection), Object(Illuminate\\Database\\Migrations\\Migration@anonymous), 'up')
#9 C:\\Users\\David\\Documents\\GitHub\\Practicas-Tecnica-LancerGroup\\Practicas en PHP\\backend\\vendor\\laravel\\framework\\src\\Illuminate\\Database\\Migrations\\Migrator.php(441): Illuminate\\Database\\Migrations\\Migrator->Illuminate\\Database\\Migrations\\{closure}()
#10 C:\\Users\\David\\Documents\\GitHub\\Practicas-Tecnica-LancerGroup\\Practicas en PHP\\backend\\vendor\\laravel\\framework\\src\\Illuminate\\Database\\Migrations\\Migrator.php(244): Illuminate\\Database\\Migrations\\Migrator->runMigration(Object(Illuminate\\Database\\Migrations\\Migration@anonymous), 'up')
#11 C:\\Users\\David\\Documents\\GitHub\\Practicas-Tecnica-LancerGroup\\Practicas en PHP\\backend\\vendor\\laravel\\framework\\src\\Illuminate\\Console\\View\\Components\\Task.php(40): Illuminate\\Database\\Migrations\\Migrator->Illuminate\\Database\\Migrations\\{closure}()
#12 C:\\Users\\David\\Documents\\GitHub\\Practicas-Tecnica-LancerGroup\\Practicas en PHP\\backend\\vendor\\laravel\\framework\\src\\Illuminate\\Database\\Migrations\\Migrator.php(798): Illuminate\\Console\\View\\Components\\Task->render('author_book', Object(Closure))
#13 C:\\Users\\David\\Documents\\GitHub\\Practicas-Tecnica-LancerGroup\\Practicas en PHP\\backend\\vendor\\laravel\\framework\\src\\Illuminate\\Database\\Migrations\\Migrator.php(244): Illuminate\\Database\\Migrations\\Migrator->write('Illuminate\\\\Cons...', 'author_book', Object(Closure))
#14 C:\\Users\\David\\Documents\\GitHub\\Practicas-Tecnica-LancerGroup\\Practicas en PHP\\backend\\vendor\\laravel\\framework\\src\\Illuminate\\Database\\Migrations\\Migrator.php(211): Illuminate\\Database\\Migrations\\Migrator->runUp('C:\\\\Users\\\\David\\\\...', 1, false)
#15 C:\\Users\\David\\Documents\\GitHub\\Practicas-Tecnica-LancerGroup\\Practicas en PHP\\backend\\vendor\\laravel\\framework\\src\\Illuminate\\Database\\Migrations\\Migrator.php(138): Illuminate\\Database\\Migrations\\Migrator->runPending(Array, Array)
#16 C:\\Users\\David\\Documents\\GitHub\\Practicas-Tecnica-LancerGroup\\Practicas en PHP\\backend\\vendor\\laravel\\framework\\src\\Illuminate\\Database\\Console\\Migrations\\MigrateCommand.php(117): Illuminate\\Database\\Migrations\\Migrator->run(Array, Array)
#17 C:\\Users\\David\\Documents\\GitHub\\Practicas-Tecnica-LancerGroup\\Practicas en PHP\\backend\\vendor\\laravel\\framework\\src\\Illuminate\\Database\\Migrations\\Migrator.php(658): Illuminate\\Database\\Console\\Migrations\\MigrateCommand->Illuminate\\Database\\Console\\Migrations\\{closure}()
#18 C:\\Users\\David\\Documents\\GitHub\\Practicas-Tecnica-LancerGroup\\Practicas en PHP\\backend\\vendor\\laravel\\framework\\src\\Illuminate\\Database\\Console\\Migrations\\MigrateCommand.php(110): Illuminate\\Database\\Migrations\\Migrator->usingConnection(NULL, Object(Closure))
#19 C:\\Users\\David\\Documents\\GitHub\\Practicas-Tecnica-LancerGroup\\Practicas en PHP\\backend\\vendor\\laravel\\framework\\src\\Illuminate\\Database\\Console\\Migrations\\MigrateCommand.php(89): Illuminate\\Database\\Console\\Migrations\\MigrateCommand->runMigrations()
#20 C:\\Users\\David\\Documents\\GitHub\\Practicas-Tecnica-LancerGroup\\Practicas en PHP\\backend\\vendor\\laravel\\framework\\src\\Illuminate\\Container\\BoundMethod.php(36): Illuminate\\Database\\Console\\Migrations\\MigrateCommand->handle()
#21 C:\\Users\\David\\Documents\\GitHub\\Practicas-Tecnica-LancerGroup\\Practicas en PHP\\backend\\vendor\\laravel\\framework\\src\\Illuminate\\Container\\Util.php(43): Illuminate\\Container\\BoundMethod::Illuminate\\Container\\{closure}()
#22 C:\\Users\\David\\Documents\\GitHub\\Practicas-Tecnica-LancerGroup\\Practicas en PHP\\backend\\vendor\\laravel\\framework\\src\\Illuminate\\Container\\BoundMethod.php(95): Illuminate\\Container\\Util::unwrapIfClosure(Object(Closure))
#23 C:\\Users\\David\\Documents\\GitHub\\Practicas-Tecnica-LancerGroup\\Practicas en PHP\\backend\\vendor\\laravel\\framework\\src\\Illuminate\\Container\\BoundMethod.php(35): Illuminate\\Container\\BoundMethod::callBoundMethod(Object(Illuminate\\Foundation\\Application), Array, Object(Closure))
#24 C:\\Users\\David\\Documents\\GitHub\\Practicas-Tecnica-LancerGroup\\Practicas en PHP\\backend\\vendor\\laravel\\framework\\src\\Illuminate\\Container\\Container.php(696): Illuminate\\Container\\BoundMethod::call(Object(Illuminate\\Foundation\\Application), Array, Array, NULL)
#25 C:\\Users\\David\\Documents\\GitHub\\Practicas-Tecnica-LancerGroup\\Practicas en PHP\\backend\\vendor\\laravel\\framework\\src\\Illuminate\\Console\\Command.php(213): Illuminate\\Container\\Container->call(Array)
#26 C:\\Users\\David\\Documents\\GitHub\\Practicas-Tecnica-LancerGroup\\Practicas en PHP\\backend\\vendor\\symfony\\console\\Command\\Command.php(318): Illuminate\\Console\\Command->execute(Object(Symfony\\Component\\Console\\Input\\ArrayInput), Object(Illuminate\\Console\\OutputStyle))
#27 C:\\Users\\David\\Documents\\GitHub\\Practicas-Tecnica-LancerGroup\\Practicas en PHP\\backend\\vendor\\laravel\\framework\\src\\Illuminate\\Console\\Command.php(182): Symfony\\Component\\Console\\Command\\Command->run(Object(Symfony\\Component\\Console\\Input\\ArrayInput), Object(Illuminate\\Console\\OutputStyle))
#28 C:\\Users\\David\\Documents\\GitHub\\Practicas-Tecnica-LancerGroup\\Practicas en PHP\\backend\\vendor\\laravel\\framework\\src\\Illuminate\\Console\\Concerns\\CallsCommands.php(68): Illuminate\\Console\\Command->run(Object(Symfony\\Component\\Console\\Input\\ArrayInput), Object(Illuminate\\Console\\OutputStyle))
#29 C:\\Users\\David\\Documents\\GitHub\\Practicas-Tecnica-LancerGroup\\Practicas en PHP\\backend\\vendor\\laravel\\framework\\src\\Illuminate\\Console\\Concerns\\CallsCommands.php(29): Illuminate\\Console\\Command->runCommand('migrate', Array, Object(Illuminate\\Console\\OutputStyle))
#30 C:\\Users\\David\\Documents\\GitHub\\Practicas-Tecnica-LancerGroup\\Practicas en PHP\\backend\\vendor\\laravel\\framework\\src\\Illuminate\\Database\\Console\\Migrations\\FreshCommand.php(82): Illuminate\\Console\\Command->call('migrate', Array)
#31 C:\\Users\\David\\Documents\\GitHub\\Practicas-Tecnica-LancerGroup\\Practicas en PHP\\backend\\vendor\\laravel\\framework\\src\\Illuminate\\Container\\BoundMethod.php(36): Illuminate\\Database\\Console\\Migrations\\FreshCommand->handle()
#32 C:\\Users\\David\\Documents\\GitHub\\Practicas-Tecnica-LancerGroup\\Practicas en PHP\\backend\\vendor\\laravel\\framework\\src\\Illuminate\\Container\\Util.php(43): Illuminate\\Container\\BoundMethod::Illuminate\\Container\\{closure}()
#33 C:\\Users\\David\\Documents\\GitHub\\Practicas-Tecnica-LancerGroup\\Practicas en PHP\\backend\\vendor\\laravel\\framework\\src\\Illuminate\\Container\\BoundMethod.php(95): Illuminate\\Container\\Util::unwrapIfClosure(Object(Closure))
#34 C:\\Users\\David\\Documents\\GitHub\\Practicas-Tecnica-LancerGroup\\Practicas en PHP\\backend\\vendor\\laravel\\framework\\src\\Illuminate\\Container\\BoundMethod.php(35): Illuminate\\Container\\BoundMethod::callBoundMethod(Object(Illuminate\\Foundation\\Application), Array, Object(Closure))
#35 C:\\Users\\David\\Documents\\GitHub\\Practicas-Tecnica-LancerGroup\\Practicas en PHP\\backend\\vendor\\laravel\\framework\\src\\Illuminate\\Container\\Container.php(696): Illuminate\\Container\\BoundMethod::call(Object(Illuminate\\Foundation\\Application), Array, Array, NULL)
#36 C:\\Users\\David\\Documents\\GitHub\\Practicas-Tecnica-LancerGroup\\Practicas en PHP\\backend\\vendor\\laravel\\framework\\src\\Illuminate\\Console\\Command.php(213): Illuminate\\Container\\Container->call(Array)
#37 C:\\Users\\David\\Documents\\GitHub\\Practicas-Tecnica-LancerGroup\\Practicas en PHP\\backend\\vendor\\symfony\\console\\Command\\Command.php(318): Illuminate\\Console\\Command->execute(Object(Symfony\\Component\\Console\\Input\\ArgvInput), Object(Illuminate\\Console\\OutputStyle))
#38 C:\\Users\\David\\Documents\\GitHub\\Practicas-Tecnica-LancerGroup\\Practicas en PHP\\backend\\vendor\\laravel\\framework\\src\\Illuminate\\Console\\Command.php(182): Symfony\\Component\\Console\\Command\\Command->run(Object(Symfony\\Component\\Console\\Input\\ArgvInput), Object(Illuminate\\Console\\OutputStyle))
#39 C:\\Users\\David\\Documents\\GitHub\\Practicas-Tecnica-LancerGroup\\Practicas en PHP\\backend\\vendor\\symfony\\console\\Application.php(1092): Illuminate\\Console\\Command->run(Object(Symfony\\Component\\Console\\Input\\ArgvInput), Object(Symfony\\Component\\Console\\Output\\ConsoleOutput))
#40 C:\\Users\\David\\Documents\\GitHub\\Practicas-Tecnica-LancerGroup\\Practicas en PHP\\backend\\vendor\\symfony\\console\\Application.php(341): Symfony\\Component\\Console\\Application->doRunCommand(Object(Illuminate\\Database\\Console\\Migrations\\FreshCommand), Object(Symfony\\Component\\Console\\Input\\ArgvInput), Object(Symfony\\Component\\Console\\Output\\ConsoleOutput))
#41 C:\\Users\\David\\Documents\\GitHub\\Practicas-Tecnica-LancerGroup\\Practicas en PHP\\backend\\vendor\\symfony\\console\\Application.php(192): Symfony\\Component\\Console\\Application->doRun(Object(Symfony\\Component\\Console\\Input\\ArgvInput), Object(Symfony\\Component\\Console\\Output\\ConsoleOutput))
#42 C:\\Users\\David\\Documents\\GitHub\\Practicas-Tecnica-LancerGroup\\Practicas en PHP\\backend\\vendor\\laravel\\framework\\src\\Illuminate\\Foundation\\Console\\Kernel.php(198): Symfony\\Component\\Console\\Application->run(Object(Symfony\\Component\\Console\\Input\\ArgvInput), Object(Symfony\\Component\\Console\\Output\\ConsoleOutput))
#43 C:\\Users\\David\\Documents\\GitHub\\Practicas-Tecnica-LancerGroup\\Practicas en PHP\\backend\\vendor\\laravel\\framework\\src\\Illuminate\\Foundation\\Application.php(1235): Illuminate\\Foundation\\Console\\Kernel->handle(Object(Symfony\\Component\\Console\\Input\\ArgvInput), Object(Symfony\\Component\\Console\\Output\\ConsoleOutput))
#44 C:\\Users\\David\\Documents\\GitHub\\Practicas-Tecnica-LancerGroup\\Practicas en PHP\\backend\\artisan(34): Illuminate\\Foundation\\Application->handleCommand(Object(Symfony\\Component\\Console\\Input\\ArgvInput))
#45 {main}

[previous exception] [object] (PDOException(code: HY000): SQLSTATE[HY000]: General error: 1005 Can't create table `practicas_db`.`author_book` (errno: 150 \"Foreign key constraint is incorrectly formed\") at C:\\Users\\David\\Documents\\GitHub\\Practicas-Tecnica-LancerGroup\\Practicas en PHP\\backend\\vendor\\laravel\\framework\\src\\Illuminate\\Database\\Connection.php:571)
[stacktrace]
#0 C:\\Users\\David\\Documents\\GitHub\\Practicas-Tecnica-LancerGroup\\Practicas en PHP\\backend\\vendor\\laravel\\framework\\src\\Illuminate\\Database\\Connection.php(571): PDOStatement->execute()
#1 C:\\Users\\David\\Documents\\GitHub\\Practicas-Tecnica-LancerGroup\\Practicas en PHP\\backend\\vendor\\laravel\\framework\\src\\Illuminate\\Database\\Connection.php(812): Illuminate\\Database\\Connection->Illuminate\\Database\\{closure}('alter table `au...', Array)
#2 C:\\Users\\David\\Documents\\GitHub\\Practicas-Tecnica-LancerGroup\\Practicas en PHP\\backend\\vendor\\laravel\\framework\\src\\Illuminate\\Database\\Connection.php(779): Illuminate\\Database\\Connection->runQueryCallback('alter table `au...', Array, Object(Closure))
#3 C:\\Users\\David\\Documents\\GitHub\\Practicas-Tecnica-LancerGroup\\Practicas en PHP\\backend\\vendor\\laravel\\framework\\src\\Illuminate\\Database\\Connection.php(560): Illuminate\\Database\\Connection->run('alter table `au...', Array, Object(Closure))
#4 C:\\Users\\David\\Documents\\GitHub\\Practicas-Tecnica-LancerGroup\\Practicas en PHP\\backend\\vendor\\laravel\\framework\\src\\Illuminate\\Database\\Schema\\Blueprint.php(118): Illuminate\\Database\\Connection->statement('alter table `au...')
#5 C:\\Users\\David\\Documents\\GitHub\\Practicas-Tecnica-LancerGroup\\Practicas en PHP\\backend\\vendor\\laravel\\framework\\src\\Illuminate\\Database\\Schema\\Builder.php(564): Illuminate\\Database\\Schema\\Blueprint->build(Object(Illuminate\\Database\\MySqlConnection), Object(Illuminate\\Database\\Schema\\Grammars\\MySqlGrammar))
#6 C:\\Users\\David\\Documents\\GitHub\\Practicas-Tecnica-LancerGroup\\Practicas en PHP\\backend\\vendor\\laravel\\framework\\src\\Illuminate\\Database\\Schema\\Builder.php(418): Illuminate\\Database\\Schema\\Builder->build(Object(Illuminate\\Database\\Schema\\Blueprint))
#7 C:\\Users\\David\\Documents\\GitHub\\Practicas-Tecnica-LancerGroup\\Practicas en PHP\\backend\\vendor\\laravel\\framework\\src\\Illuminate\\Support\\Facades\\Facade.php(361): Illuminate\\Database\\Schema\\Builder->create('author_book', Object(Closure))
#8 C:\\Users\\David\\Documents\\GitHub\\Practicas-Tecnica-LancerGroup\\Practicas en PHP\\backend\\database\\migrations\\author_book.php(13): Illuminate\\Support\\Facades\\Facade::__callStatic('create', Array)
#9 C:\\Users\\David\\Documents\\GitHub\\Practicas-Tecnica-LancerGroup\\Practicas en PHP\\backend\\vendor\\laravel\\framework\\src\\Illuminate\\Database\\Migrations\\Migrator.php(507): Illuminate\\Database\\Migrations\\Migration@anonymous->up()
#10 C:\\Users\\David\\Documents\\GitHub\\Practicas-Tecnica-LancerGroup\\Practicas en PHP\\backend\\vendor\\laravel\\framework\\src\\Illuminate\\Database\\Migrations\\Migrator.php(432): Illuminate\\Database\\Migrations\\Migrator->runMethod(Object(Illuminate\\Database\\MySqlConnection), Object(Illuminate\\Database\\Migrations\\Migration@anonymous), 'up')
#11 C:\\Users\\David\\Documents\\GitHub\\Practicas-Tecnica-LancerGroup\\Practicas en PHP\\backend\\vendor\\laravel\\framework\\src\\Illuminate\\Database\\Migrations\\Migrator.php(441): Illuminate\\Database\\Migrations\\Migrator->Illuminate\\Database\\Migrations\\{closure}()
#12 C:\\Users\\David\\Documents\\GitHub\\Practicas-Tecnica-LancerGroup\\Practicas en PHP\\backend\\vendor\\laravel\\framework\\src\\Illuminate\\Database\\Migrations\\Migrator.php(244): Illuminate\\Database\\Migrations\\Migrator->runMigration(Object(Illuminate\\Database\\Migrations\\Migration@anonymous), 'up')
#13 C:\\Users\\David\\Documents\\GitHub\\Practicas-Tecnica-LancerGroup\\Practicas en PHP\\backend\\vendor\\laravel\\framework\\src\\Illuminate\\Console\\View\\Components\\Task.php(40): Illuminate\\Database\\Migrations\\Migrator->Illuminate\\Database\\Migrations\\{closure}()
#14 C:\\Users\\David\\Documents\\GitHub\\Practicas-Tecnica-LancerGroup\\Practicas en PHP\\backend\\vendor\\laravel\\framework\\src\\Illuminate\\Database\\Migrations\\Migrator.php(798): Illuminate\\Console\\View\\Components\\Task->render('author_book', Object(Closure))
#15 C:\\Users\\David\\Documents\\GitHub\\Practicas-Tecnica-LancerGroup\\Practicas en PHP\\backend\\vendor\\laravel\\framework\\src\\Illuminate\\Database\\Migrations\\Migrator.php(244): Illuminate\\Database\\Migrations\\Migrator->write('Illuminate\\\\Cons...', 'author_book', Object(Closure))
#16 C:\\Users\\David\\Documents\\GitHub\\Practicas-Tecnica-LancerGroup\\Practicas en PHP\\backend\\vendor\\laravel\\framework\\src\\Illuminate\\Database\\Migrations\\Migrator.php(211): Illuminate\\Database\\Migrations\\Migrator->runUp('C:\\\\Users\\\\David\\\\...', 1, false)
#17 C:\\Users\\David\\Documents\\GitHub\\Practicas-Tecnica-LancerGroup\\Practicas en PHP\\backend\\vendor\\laravel\\framework\\src\\Illuminate\\Database\\Migrations\\Migrator.php(138): Illuminate\\Database\\Migrations\\Migrator->runPending(Array, Array)
#18 C:\\Users\\David\\Documents\\GitHub\\Practicas-Tecnica-LancerGroup\\Practicas en PHP\\backend\\vendor\\laravel\\framework\\src\\Illuminate\\Database\\Console\\Migrations\\MigrateCommand.php(117): Illuminate\\Database\\Migrations\\Migrator->run(Array, Array)
#19 C:\\Users\\David\\Documents\\GitHub\\Practicas-Tecnica-LancerGroup\\Practicas en PHP\\backend\\vendor\\laravel\\framework\\src\\Illuminate\\Database\\Migrations\\Migrator.php(658): Illuminate\\Database\\Console\\Migrations\\MigrateCommand->Illuminate\\Database\\Console\\Migrations\\{closure}()
#20 C:\\Users\\David\\Documents\\GitHub\\Practicas-Tecnica-LancerGroup\\Practicas en PHP\\backend\\vendor\\laravel\\framework\\src\\Illuminate\\Database\\Console\\Migrations\\MigrateCommand.php(110): Illuminate\\Database\\Migrations\\Migrator->usingConnection(NULL, Object(Closure))
#21 C:\\Users\\David\\Documents\\GitHub\\Practicas-Tecnica-LancerGroup\\Practicas en PHP\\backend\\vendor\\laravel\\framework\\src\\Illuminate\\Database\\Console\\Migrations\\MigrateCommand.php(89): Illuminate\\Database\\Console\\Migrations\\MigrateCommand->runMigrations()
#22 C:\\Users\\David\\Documents\\GitHub\\Practicas-Tecnica-LancerGroup\\Practicas en PHP\\backend\\vendor\\laravel\\framework\\src\\Illuminate\\Container\\BoundMethod.php(36): Illuminate\\Database\\Console\\Migrations\\MigrateCommand->handle()
#23 C:\\Users\\David\\Documents\\GitHub\\Practicas-Tecnica-LancerGroup\\Practicas en PHP\\backend\\vendor\\laravel\\framework\\src\\Illuminate\\Container\\Util.php(43): Illuminate\\Container\\BoundMethod::Illuminate\\Container\\{closure}()
#24 C:\\Users\\David\\Documents\\GitHub\\Practicas-Tecnica-LancerGroup\\Practicas en PHP\\backend\\vendor\\laravel\\framework\\src\\Illuminate\\Container\\BoundMethod.php(95): Illuminate\\Container\\Util::unwrapIfClosure(Object(Closure))
#25 C:\\Users\\David\\Documents\\GitHub\\Practicas-Tecnica-LancerGroup\\Practicas en PHP\\backend\\vendor\\laravel\\framework\\src\\Illuminate\\Container\\BoundMethod.php(35): Illuminate\\Container\\BoundMethod::callBoundMethod(Object(Illuminate\\Foundation\\Application), Array, Object(Closure))
#26 C:\\Users\\David\\Documents\\GitHub\\Practicas-Tecnica-LancerGroup\\Practicas en PHP\\backend\\vendor\\laravel\\framework\\src\\Illuminate\\Container\\Container.php(696): Illuminate\\Container\\BoundMethod::call(Object(Illuminate\\Foundation\\Application), Array, Array, NULL)
#27 C:\\Users\\David\\Documents\\GitHub\\Practicas-Tecnica-LancerGroup\\Practicas en PHP\\backend\\vendor\\laravel\\framework\\src\\Illuminate\\Console\\Command.php(213): Illuminate\\Container\\Container->call(Array)
#28 C:\\Users\\David\\Documents\\GitHub\\Practicas-Tecnica-LancerGroup\\Practicas en PHP\\backend\\vendor\\symfony\\console\\Command\\Command.php(318): Illuminate\\Console\\Command->execute(Object(Symfony\\Component\\Console\\Input\\ArrayInput), Object(Illuminate\\Console\\OutputStyle))
#29 C:\\Users\\David\\Documents\\GitHub\\Practicas-Tecnica-LancerGroup\\Practicas en PHP\\backend\\vendor\\laravel\\framework\\src\\Illuminate\\Console\\Command.php(182): Symfony\\Component\\Console\\Command\\Command->run(Object(Symfony\\Component\\Console\\Input\\ArrayInput), Object(Illuminate\\Console\\OutputStyle))
#30 C:\\Users\\David\\Documents\\GitHub\\Practicas-Tecnica-LancerGroup\\Practicas en PHP\\backend\\vendor\\laravel\\framework\\src\\Illuminate\\Console\\Concerns\\CallsCommands.php(68): Illuminate\\Console\\Command->run(Object(Symfony\\Component\\Console\\Input\\ArrayInput), Object(Illuminate\\Console\\OutputStyle))
#31 C:\\Users\\David\\Documents\\GitHub\\Practicas-Tecnica-LancerGroup\\Practicas en PHP\\backend\\vendor\\laravel\\framework\\src\\Illuminate\\Console\\Concerns\\CallsCommands.php(29): Illuminate\\Console\\Command->runCommand('migrate', Array, Object(Illuminate\\Console\\OutputStyle))
#32 C:\\Users\\David\\Documents\\GitHub\\Practicas-Tecnica-LancerGroup\\Practicas en PHP\\backend\\vendor\\laravel\\framework\\src\\Illuminate\\Database\\Console\\Migrations\\FreshCommand.php(82): Illuminate\\Console\\Command->call('migrate', Array)
#33 C:\\Users\\David\\Documents\\GitHub\\Practicas-Tecnica-LancerGroup\\Practicas en PHP\\backend\\vendor\\laravel\\framework\\src\\Illuminate\\Container\\BoundMethod.php(36): Illuminate\\Database\\Console\\Migrations\\FreshCommand->handle()
#34 C:\\Users\\David\\Documents\\GitHub\\Practicas-Tecnica-LancerGroup\\Practicas en PHP\\backend\\vendor\\laravel\\framework\\src\\Illuminate\\Container\\Util.php(43): Illuminate\\Container\\BoundMethod::Illuminate\\Container\\{closure}()
#35 C:\\Users\\David\\Documents\\GitHub\\Practicas-Tecnica-LancerGroup\\Practicas en PHP\\backend\\vendor\\laravel\\framework\\src\\Illuminate\\Container\\BoundMethod.php(95): Illuminate\\Container\\Util::unwrapIfClosure(Object(Closure))
#36 C:\\Users\\David\\Documents\\GitHub\\Practicas-Tecnica-LancerGroup\\Practicas en PHP\\backend\\vendor\\laravel\\framework\\src\\Illuminate\\Container\\BoundMethod.php(35): Illuminate\\Container\\BoundMethod::callBoundMethod(Object(Illuminate\\Foundation\\Application), Array, Object(Closure))
#37 C:\\Users\\David\\Documents\\GitHub\\Practicas-Tecnica-LancerGroup\\Practicas en PHP\\backend\\vendor\\laravel\\framework\\src\\Illuminate\\Container\\Container.php(696): Illuminate\\Container\\BoundMethod::call(Object(Illuminate\\Foundation\\Application), Array, Array, NULL)
#38 C:\\Users\\David\\Documents\\GitHub\\Practicas-Tecnica-LancerGroup\\Practicas en PHP\\backend\\vendor\\laravel\\framework\\src\\Illuminate\\Console\\Command.php(213): Illuminate\\Container\\Container->call(Array)
#39 C:\\Users\\David\\Documents\\GitHub\\Practicas-Tecnica-LancerGroup\\Practicas en PHP\\backend\\vendor\\symfony\\console\\Command\\Command.php(318): Illuminate\\Console\\Command->execute(Object(Symfony\\Component\\Console\\Input\\ArgvInput), Object(Illuminate\\Console\\OutputStyle))
#40 C:\\Users\\David\\Documents\\GitHub\\Practicas-Tecnica-LancerGroup\\Practicas en PHP\\backend\\vendor\\laravel\\framework\\src\\Illuminate\\Console\\Command.php(182): Symfony\\Component\\Console\\Command\\Command->run(Object(Symfony\\Component\\Console\\Input\\ArgvInput), Object(Illuminate\\Console\\OutputStyle))
#41 C:\\Users\\David\\Documents\\GitHub\\Practicas-Tecnica-LancerGroup\\Practicas en PHP\\backend\\vendor\\symfony\\console\\Application.php(1092): Illuminate\\Console\\Command->run(Object(Symfony\\Component\\Console\\Input\\ArgvInput), Object(Symfony\\Component\\Console\\Output\\ConsoleOutput))
#42 C:\\Users\\David\\Documents\\GitHub\\Practicas-Tecnica-LancerGroup\\Practicas en PHP\\backend\\vendor\\symfony\\console\\Application.php(341): Symfony\\Component\\Console\\Application->doRunCommand(Object(Illuminate\\Database\\Console\\Migrations\\FreshCommand), Object(Symfony\\Component\\Console\\Input\\ArgvInput), Object(Symfony\\Component\\Console\\Output\\ConsoleOutput))
#43 C:\\Users\\David\\Documents\\GitHub\\Practicas-Tecnica-LancerGroup\\Practicas en PHP\\backend\\vendor\\symfony\\console\\Application.php(192): Symfony\\Component\\Console\\Application->doRun(Object(Symfony\\Component\\Console\\Input\\ArgvInput), Object(Symfony\\Component\\Console\\Output\\ConsoleOutput))
#44 C:\\Users\\David\\Documents\\GitHub\\Practicas-Tecnica-LancerGroup\\Practicas en PHP\\backend\\vendor\\laravel\\framework\\src\\Illuminate\\Foundation\\Console\\Kernel.php(198): Symfony\\Component\\Console\\Application->run(Object(Symfony\\Component\\Console\\Input\\ArgvInput), Object(Symfony\\Component\\Console\\Output\\ConsoleOutput))
#45 C:\\Users\\David\\Documents\\GitHub\\Practicas-Tecnica-LancerGroup\\Practicas en PHP\\backend\\vendor\\laravel\\framework\\src\\Illuminate\\Foundation\\Application.php(1235): Illuminate\\Foundation\\Console\\Kernel->handle(Object(Symfony\\Component\\Console\\Input\\ArgvInput), Object(Symfony\\Component\\Console\\Output\\ConsoleOutput))
#46 C:\\Users\\David\\Documents\\GitHub\\Practicas-Tecnica-LancerGroup\\Practicas en PHP\\backend\\artisan(34): Illuminate\\Foundation\\Application->handleCommand(Object(Symfony\\Component\\Console\\Input\\ArgvInput))
#47 {main}
"} 
[2025-06-12 02:36:04] local.ERROR: SQLSTATE[42S02]: Base table or view not found: 1146 Table 'practicas_db.cache' doesn't exist (Connection: mysql, SQL: delete from `cache`) {"exception":"[object] (Illuminate\\Database\\QueryException(code: 42S02): SQLSTATE[42S02]: Base table or view not found: 1146 Table 'practicas_db.cache' doesn't exist (Connection: mysql, SQL: delete from `cache`) at C:\\Users\\David\\Documents\\GitHub\\Practicas-Tecnica-LancerGroup\\Practicas en PHP\\backend\\vendor\\laravel\\framework\\src\\Illuminate\\Database\\Connection.php:825)
[stacktrace]
#0 C:\\Users\\David\\Documents\\GitHub\\Practicas-Tecnica-LancerGroup\\Practicas en PHP\\backend\\vendor\\laravel\\framework\\src\\Illuminate\\Database\\Connection.php(779): Illuminate\\Database\\Connection->runQueryCallback('delete from `ca...', Array, Object(Closure))
#1 C:\\Users\\David\\Documents\\GitHub\\Practicas-Tecnica-LancerGroup\\Practicas en PHP\\backend\\vendor\\laravel\\framework\\src\\Illuminate\\Database\\Connection.php(584): Illuminate\\Database\\Connection->run('delete from `ca...', Array, Object(Closure))
#2 C:\\Users\\David\\Documents\\GitHub\\Practicas-Tecnica-LancerGroup\\Practicas en PHP\\backend\\vendor\\laravel\\framework\\src\\Illuminate\\Database\\Connection.php(548): Illuminate\\Database\\Connection->affectingStatement('delete from `ca...', Array)
#3 C:\\Users\\David\\Documents\\GitHub\\Practicas-Tecnica-LancerGroup\\Practicas en PHP\\backend\\vendor\\laravel\\framework\\src\\Illuminate\\Database\\Query\\Builder.php(4024): Illuminate\\Database\\Connection->delete('delete from `ca...', Array)
#4 C:\\Users\\David\\Documents\\GitHub\\Practicas-Tecnica-LancerGroup\\Practicas en PHP\\backend\\vendor\\laravel\\framework\\src\\Illuminate\\Cache\\DatabaseStore.php(422): Illuminate\\Database\\Query\\Builder->delete()
#5 C:\\Users\\David\\Documents\\GitHub\\Practicas-Tecnica-LancerGroup\\Practicas en PHP\\backend\\vendor\\laravel\\framework\\src\\Illuminate\\Cache\\Repository.php(792): Illuminate\\Cache\\DatabaseStore->flush()
#6 C:\\Users\\David\\Documents\\GitHub\\Practicas-Tecnica-LancerGroup\\Practicas en PHP\\backend\\vendor\\laravel\\framework\\src\\Illuminate\\Cache\\Console\\ClearCommand.php(69): Illuminate\\Cache\\Repository->__call('flush', Array)
#7 C:\\Users\\David\\Documents\\GitHub\\Practicas-Tecnica-LancerGroup\\Practicas en PHP\\backend\\vendor\\laravel\\framework\\src\\Illuminate\\Container\\BoundMethod.php(36): Illuminate\\Cache\\Console\\ClearCommand->handle()
#8 C:\\Users\\David\\Documents\\GitHub\\Practicas-Tecnica-LancerGroup\\Practicas en PHP\\backend\\vendor\\laravel\\framework\\src\\Illuminate\\Container\\Util.php(43): Illuminate\\Container\\BoundMethod::Illuminate\\Container\\{closure}()
#9 C:\\Users\\David\\Documents\\GitHub\\Practicas-Tecnica-LancerGroup\\Practicas en PHP\\backend\\vendor\\laravel\\framework\\src\\Illuminate\\Container\\BoundMethod.php(95): Illuminate\\Container\\Util::unwrapIfClosure(Object(Closure))
#10 C:\\Users\\David\\Documents\\GitHub\\Practicas-Tecnica-LancerGroup\\Practicas en PHP\\backend\\vendor\\laravel\\framework\\src\\Illuminate\\Container\\BoundMethod.php(35): Illuminate\\Container\\BoundMethod::callBoundMethod(Object(Illuminate\\Foundation\\Application), Array, Object(Closure))
#11 C:\\Users\\David\\Documents\\GitHub\\Practicas-Tecnica-LancerGroup\\Practicas en PHP\\backend\\vendor\\laravel\\framework\\src\\Illuminate\\Container\\Container.php(696): Illuminate\\Container\\BoundMethod::call(Object(Illuminate\\Foundation\\Application), Array, Array, NULL)
#12 C:\\Users\\David\\Documents\\GitHub\\Practicas-Tecnica-LancerGroup\\Practicas en PHP\\backend\\vendor\\laravel\\framework\\src\\Illuminate\\Console\\Command.php(213): Illuminate\\Container\\Container->call(Array)
#13 C:\\Users\\David\\Documents\\GitHub\\Practicas-Tecnica-LancerGroup\\Practicas en PHP\\backend\\vendor\\symfony\\console\\Command\\Command.php(318): Illuminate\\Console\\Command->execute(Object(Symfony\\Component\\Console\\Input\\ArgvInput), Object(Illuminate\\Console\\OutputStyle))
#14 C:\\Users\\David\\Documents\\GitHub\\Practicas-Tecnica-LancerGroup\\Practicas en PHP\\backend\\vendor\\laravel\\framework\\src\\Illuminate\\Console\\Command.php(182): Symfony\\Component\\Console\\Command\\Command->run(Object(Symfony\\Component\\Console\\Input\\ArgvInput), Object(Illuminate\\Console\\OutputStyle))
#15 C:\\Users\\David\\Documents\\GitHub\\Practicas-Tecnica-LancerGroup\\Practicas en PHP\\backend\\vendor\\symfony\\console\\Application.php(1092): Illuminate\\Console\\Command->run(Object(Symfony\\Component\\Console\\Input\\ArgvInput), Object(Symfony\\Component\\Console\\Output\\ConsoleOutput))
#16 C:\\Users\\David\\Documents\\GitHub\\Practicas-Tecnica-LancerGroup\\Practicas en PHP\\backend\\vendor\\symfony\\console\\Application.php(341): Symfony\\Component\\Console\\Application->doRunCommand(Object(Illuminate\\Cache\\Console\\ClearCommand), Object(Symfony\\Component\\Console\\Input\\ArgvInput), Object(Symfony\\Component\\Console\\Output\\ConsoleOutput))
#17 C:\\Users\\David\\Documents\\GitHub\\Practicas-Tecnica-LancerGroup\\Practicas en PHP\\backend\\vendor\\symfony\\console\\Application.php(192): Symfony\\Component\\Console\\Application->doRun(Object(Symfony\\Component\\Console\\Input\\ArgvInput), Object(Symfony\\Component\\Console\\Output\\ConsoleOutput))
#18 C:\\Users\\David\\Documents\\GitHub\\Practicas-Tecnica-LancerGroup\\Practicas en PHP\\backend\\vendor\\laravel\\framework\\src\\Illuminate\\Foundation\\Console\\Kernel.php(198): Symfony\\Component\\Console\\Application->run(Object(Symfony\\Component\\Console\\Input\\ArgvInput), Object(Symfony\\Component\\Console\\Output\\ConsoleOutput))
#19 C:\\Users\\David\\Documents\\GitHub\\Practicas-Tecnica-LancerGroup\\Practicas en PHP\\backend\\vendor\\laravel\\framework\\src\\Illuminate\\Foundation\\Application.php(1235): Illuminate\\Foundation\\Console\\Kernel->handle(Object(Symfony\\Component\\Console\\Input\\ArgvInput), Object(Symfony\\Component\\Console\\Output\\ConsoleOutput))
#20 C:\\Users\\David\\Documents\\GitHub\\Practicas-Tecnica-LancerGroup\\Practicas en PHP\\backend\\artisan(34): Illuminate\\Foundation\\Application->handleCommand(Object(Symfony\\Component\\Console\\Input\\ArgvInput))
#21 {main}

[previous exception] [object] (PDOException(code: 42S02): SQLSTATE[42S02]: Base table or view not found: 1146 Table 'practicas_db.cache' doesn't exist at C:\\Users\\David\\Documents\\GitHub\\Practicas-Tecnica-LancerGroup\\Practicas en PHP\\backend\\vendor\\laravel\\framework\\src\\Illuminate\\Database\\Connection.php:592)
[stacktrace]
#0 C:\\Users\\David\\Documents\\GitHub\\Practicas-Tecnica-LancerGroup\\Practicas en PHP\\backend\\vendor\\laravel\\framework\\src\\Illuminate\\Database\\Connection.php(592): PDO->prepare('delete from `ca...')
#1 C:\\Users\\David\\Documents\\GitHub\\Practicas-Tecnica-LancerGroup\\Practicas en PHP\\backend\\vendor\\laravel\\framework\\src\\Illuminate\\Database\\Connection.php(812): Illuminate\\Database\\Connection->Illuminate\\Database\\{closure}('delete from `ca...', Array)
#2 C:\\Users\\David\\Documents\\GitHub\\Practicas-Tecnica-LancerGroup\\Practicas en PHP\\backend\\vendor\\laravel\\framework\\src\\Illuminate\\Database\\Connection.php(779): Illuminate\\Database\\Connection->runQueryCallback('delete from `ca...', Array, Object(Closure))
#3 C:\\Users\\David\\Documents\\GitHub\\Practicas-Tecnica-LancerGroup\\Practicas en PHP\\backend\\vendor\\laravel\\framework\\src\\Illuminate\\Database\\Connection.php(584): Illuminate\\Database\\Connection->run('delete from `ca...', Array, Object(Closure))
#4 C:\\Users\\David\\Documents\\GitHub\\Practicas-Tecnica-LancerGroup\\Practicas en PHP\\backend\\vendor\\laravel\\framework\\src\\Illuminate\\Database\\Connection.php(548): Illuminate\\Database\\Connection->affectingStatement('delete from `ca...', Array)
#5 C:\\Users\\David\\Documents\\GitHub\\Practicas-Tecnica-LancerGroup\\Practicas en PHP\\backend\\vendor\\laravel\\framework\\src\\Illuminate\\Database\\Query\\Builder.php(4024): Illuminate\\Database\\Connection->delete('delete from `ca...', Array)
#6 C:\\Users\\David\\Documents\\GitHub\\Practicas-Tecnica-LancerGroup\\Practicas en PHP\\backend\\vendor\\laravel\\framework\\src\\Illuminate\\Cache\\DatabaseStore.php(422): Illuminate\\Database\\Query\\Builder->delete()
#7 C:\\Users\\David\\Documents\\GitHub\\Practicas-Tecnica-LancerGroup\\Practicas en PHP\\backend\\vendor\\laravel\\framework\\src\\Illuminate\\Cache\\Repository.php(792): Illuminate\\Cache\\DatabaseStore->flush()
#8 C:\\Users\\David\\Documents\\GitHub\\Practicas-Tecnica-LancerGroup\\Practicas en PHP\\backend\\vendor\\laravel\\framework\\src\\Illuminate\\Cache\\Console\\ClearCommand.php(69): Illuminate\\Cache\\Repository->__call('flush', Array)
#9 C:\\Users\\David\\Documents\\GitHub\\Practicas-Tecnica-LancerGroup\\Practicas en PHP\\backend\\vendor\\laravel\\framework\\src\\Illuminate\\Container\\BoundMethod.php(36): Illuminate\\Cache\\Console\\ClearCommand->handle()
#10 C:\\Users\\David\\Documents\\GitHub\\Practicas-Tecnica-LancerGroup\\Practicas en PHP\\backend\\vendor\\laravel\\framework\\src\\Illuminate\\Container\\Util.php(43): Illuminate\\Container\\BoundMethod::Illuminate\\Container\\{closure}()
#11 C:\\Users\\David\\Documents\\GitHub\\Practicas-Tecnica-LancerGroup\\Practicas en PHP\\backend\\vendor\\laravel\\framework\\src\\Illuminate\\Container\\BoundMethod.php(95): Illuminate\\Container\\Util::unwrapIfClosure(Object(Closure))
#12 C:\\Users\\David\\Documents\\GitHub\\Practicas-Tecnica-LancerGroup\\Practicas en PHP\\backend\\vendor\\laravel\\framework\\src\\Illuminate\\Container\\BoundMethod.php(35): Illuminate\\Container\\BoundMethod::callBoundMethod(Object(Illuminate\\Foundation\\Application), Array, Object(Closure))
#13 C:\\Users\\David\\Documents\\GitHub\\Practicas-Tecnica-LancerGroup\\Practicas en PHP\\backend\\vendor\\laravel\\framework\\src\\Illuminate\\Container\\Container.php(696): Illuminate\\Container\\BoundMethod::call(Object(Illuminate\\Foundation\\Application), Array, Array, NULL)
#14 C:\\Users\\David\\Documents\\GitHub\\Practicas-Tecnica-LancerGroup\\Practicas en PHP\\backend\\vendor\\laravel\\framework\\src\\Illuminate\\Console\\Command.php(213): Illuminate\\Container\\Container->call(Array)
#15 C:\\Users\\David\\Documents\\GitHub\\Practicas-Tecnica-LancerGroup\\Practicas en PHP\\backend\\vendor\\symfony\\console\\Command\\Command.php(318): Illuminate\\Console\\Command->execute(Object(Symfony\\Component\\Console\\Input\\ArgvInput), Object(Illuminate\\Console\\OutputStyle))
#16 C:\\Users\\David\\Documents\\GitHub\\Practicas-Tecnica-LancerGroup\\Practicas en PHP\\backend\\vendor\\laravel\\framework\\src\\Illuminate\\Console\\Command.php(182): Symfony\\Component\\Console\\Command\\Command->run(Object(Symfony\\Component\\Console\\Input\\ArgvInput), Object(Illuminate\\Console\\OutputStyle))
#17 C:\\Users\\David\\Documents\\GitHub\\Practicas-Tecnica-LancerGroup\\Practicas en PHP\\backend\\vendor\\symfony\\console\\Application.php(1092): Illuminate\\Console\\Command->run(Object(Symfony\\Component\\Console\\Input\\ArgvInput), Object(Symfony\\Component\\Console\\Output\\ConsoleOutput))
#18 C:\\Users\\David\\Documents\\GitHub\\Practicas-Tecnica-LancerGroup\\Practicas en PHP\\backend\\vendor\\symfony\\console\\Application.php(341): Symfony\\Component\\Console\\Application->doRunCommand(Object(Illuminate\\Cache\\Console\\ClearCommand), Object(Symfony\\Component\\Console\\Input\\ArgvInput), Object(Symfony\\Component\\Console\\Output\\ConsoleOutput))
#19 C:\\Users\\David\\Documents\\GitHub\\Practicas-Tecnica-LancerGroup\\Practicas en PHP\\backend\\vendor\\symfony\\console\\Application.php(192): Symfony\\Component\\Console\\Application->doRun(Object(Symfony\\Component\\Console\\Input\\ArgvInput), Object(Symfony\\Component\\Console\\Output\\ConsoleOutput))
#20 C:\\Users\\David\\Documents\\GitHub\\Practicas-Tecnica-LancerGroup\\Practicas en PHP\\backend\\vendor\\laravel\\framework\\src\\Illuminate\\Foundation\\Console\\Kernel.php(198): Symfony\\Component\\Console\\Application->run(Object(Symfony\\Component\\Console\\Input\\ArgvInput), Object(Symfony\\Component\\Console\\Output\\ConsoleOutput))
#21 C:\\Users\\David\\Documents\\GitHub\\Practicas-Tecnica-LancerGroup\\Practicas en PHP\\backend\\vendor\\laravel\\framework\\src\\Illuminate\\Foundation\\Application.php(1235): Illuminate\\Foundation\\Console\\Kernel->handle(Object(Symfony\\Component\\Console\\Input\\ArgvInput), Object(Symfony\\Component\\Console\\Output\\ConsoleOutput))
#22 C:\\Users\\David\\Documents\\GitHub\\Practicas-Tecnica-LancerGroup\\Practicas en PHP\\backend\\artisan(34): Illuminate\\Foundation\\Application->handleCommand(Object(Symfony\\Component\\Console\\Input\\ArgvInput))
#23 {main}
"} 
[2025-06-12 04:03:03] local.ERROR: Method Inertia\Response::getContent does not exist. {"exception":"[object] (BadMethodCallException(code: 0): Method Inertia\\Response::getContent does not exist. at C:\\Users\\David\\Documents\\GitHub\\Practicas-Tecnica-LancerGroup\\Practicas en PHP\\backend\\vendor\\laravel\\framework\\src\\Illuminate\\Macroable\\Traits\\Macroable.php:115)
[stacktrace]
#0 C:\\Users\\David\\Documents\\GitHub\\Practicas-Tecnica-LancerGroup\\Practicas en PHP\\backend\\routes\\web.php(68): Inertia\\Response->__call('getContent', Array)
#1 C:\\Users\\David\\Documents\\GitHub\\Practicas-Tecnica-LancerGroup\\Practicas en PHP\\backend\\vendor\\laravel\\framework\\src\\Illuminate\\Routing\\CallableDispatcher.php(40): Illuminate\\Routing\\RouteFileRegistrar->{closure}()
#2 C:\\Users\\David\\Documents\\GitHub\\Practicas-Tecnica-LancerGroup\\Practicas en PHP\\backend\\vendor\\laravel\\framework\\src\\Illuminate\\Routing\\Route.php(244): Illuminate\\Routing\\CallableDispatcher->dispatch(Object(Illuminate\\Routing\\Route), Object(Closure))
#3 C:\\Users\\David\\Documents\\GitHub\\Practicas-Tecnica-LancerGroup\\Practicas en PHP\\backend\\vendor\\laravel\\framework\\src\\Illuminate\\Routing\\Route.php(215): Illuminate\\Routing\\Route->runCallable()
#4 C:\\Users\\David\\Documents\\GitHub\\Practicas-Tecnica-LancerGroup\\Practicas en PHP\\backend\\vendor\\laravel\\framework\\src\\Illuminate\\Routing\\Router.php(808): Illuminate\\Routing\\Route->run()
#5 C:\\Users\\David\\Documents\\GitHub\\Practicas-Tecnica-LancerGroup\\Practicas en PHP\\backend\\vendor\\laravel\\framework\\src\\Illuminate\\Pipeline\\Pipeline.php(170): Illuminate\\Routing\\Router->Illuminate\\Routing\\{closure}(Object(Illuminate\\Http\\Request))
#6 C:\\Users\\David\\Documents\\GitHub\\Practicas-Tecnica-LancerGroup\\Practicas en PHP\\backend\\vendor\\inertiajs\\inertia-laravel\\src\\Middleware.php(86): Illuminate\\Pipeline\\Pipeline->Illuminate\\Pipeline\\{closure}(Object(Illuminate\\Http\\Request))
#7 C:\\Users\\David\\Documents\\GitHub\\Practicas-Tecnica-LancerGroup\\Practicas en PHP\\backend\\vendor\\laravel\\framework\\src\\Illuminate\\Pipeline\\Pipeline.php(209): Inertia\\Middleware->handle(Object(Illuminate\\Http\\Request), Object(Closure))
#8 C:\\Users\\David\\Documents\\GitHub\\Practicas-Tecnica-LancerGroup\\Practicas en PHP\\backend\\vendor\\laravel\\framework\\src\\Illuminate\\Routing\\Middleware\\SubstituteBindings.php(51): Illuminate\\Pipeline\\Pipeline->Illuminate\\Pipeline\\{closure}(Object(Illuminate\\Http\\Request))
#9 C:\\Users\\David\\Documents\\GitHub\\Practicas-Tecnica-LancerGroup\\Practicas en PHP\\backend\\vendor\\laravel\\framework\\src\\Illuminate\\Pipeline\\Pipeline.php(209): Illuminate\\Routing\\Middleware\\SubstituteBindings->handle(Object(Illuminate\\Http\\Request), Object(Closure))
#10 C:\\Users\\David\\Documents\\GitHub\\Practicas-Tecnica-LancerGroup\\Practicas en PHP\\backend\\vendor\\laravel\\framework\\src\\Illuminate\\Foundation\\Http\\Middleware\\VerifyCsrfToken.php(88): Illuminate\\Pipeline\\Pipeline->Illuminate\\Pipeline\\{closure}(Object(Illuminate\\Http\\Request))
#11 C:\\Users\\David\\Documents\\GitHub\\Practicas-Tecnica-LancerGroup\\Practicas en PHP\\backend\\vendor\\laravel\\framework\\src\\Illuminate\\Pipeline\\Pipeline.php(209): Illuminate\\Foundation\\Http\\Middleware\\VerifyCsrfToken->handle(Object(Illuminate\\Http\\Request), Object(Closure))
#12 C:\\Users\\David\\Documents\\GitHub\\Practicas-Tecnica-LancerGroup\\Practicas en PHP\\backend\\vendor\\laravel\\framework\\src\\Illuminate\\View\\Middleware\\ShareErrorsFromSession.php(49): Illuminate\\Pipeline\\Pipeline->Illuminate\\Pipeline\\{closure}(Object(Illuminate\\Http\\Request))
#13 C:\\Users\\David\\Documents\\GitHub\\Practicas-Tecnica-LancerGroup\\Practicas en PHP\\backend\\vendor\\laravel\\framework\\src\\Illuminate\\Pipeline\\Pipeline.php(209): Illuminate\\View\\Middleware\\ShareErrorsFromSession->handle(Object(Illuminate\\Http\\Request), Object(Closure))
#14 C:\\Users\\David\\Documents\\GitHub\\Practicas-Tecnica-LancerGroup\\Practicas en PHP\\backend\\vendor\\laravel\\framework\\src\\Illuminate\\Session\\Middleware\\StartSession.php(121): Illuminate\\Pipeline\\Pipeline->Illuminate\\Pipeline\\{closure}(Object(Illuminate\\Http\\Request))
#15 C:\\Users\\David\\Documents\\GitHub\\Practicas-Tecnica-LancerGroup\\Practicas en PHP\\backend\\vendor\\laravel\\framework\\src\\Illuminate\\Session\\Middleware\\StartSession.php(64): Illuminate\\Session\\Middleware\\StartSession->handleStatefulRequest(Object(Illuminate\\Http\\Request), Object(Illuminate\\Session\\Store), Object(Closure))
#16 C:\\Users\\David\\Documents\\GitHub\\Practicas-Tecnica-LancerGroup\\Practicas en PHP\\backend\\vendor\\laravel\\framework\\src\\Illuminate\\Pipeline\\Pipeline.php(209): Illuminate\\Session\\Middleware\\StartSession->handle(Object(Illuminate\\Http\\Request), Object(Closure))
#17 C:\\Users\\David\\Documents\\GitHub\\Practicas-Tecnica-LancerGroup\\Practicas en PHP\\backend\\vendor\\laravel\\framework\\src\\Illuminate\\Cookie\\Middleware\\AddQueuedCookiesToResponse.php(37): Illuminate\\Pipeline\\Pipeline->Illuminate\\Pipeline\\{closure}(Object(Illuminate\\Http\\Request))
#18 C:\\Users\\David\\Documents\\GitHub\\Practicas-Tecnica-LancerGroup\\Practicas en PHP\\backend\\vendor\\laravel\\framework\\src\\Illuminate\\Pipeline\\Pipeline.php(209): Illuminate\\Cookie\\Middleware\\AddQueuedCookiesToResponse->handle(Object(Illuminate\\Http\\Request), Object(Closure))
#19 C:\\Users\\David\\Documents\\GitHub\\Practicas-Tecnica-LancerGroup\\Practicas en PHP\\backend\\vendor\\laravel\\framework\\src\\Illuminate\\Cookie\\Middleware\\EncryptCookies.php(75): Illuminate\\Pipeline\\Pipeline->Illuminate\\Pipeline\\{closure}(Object(Illuminate\\Http\\Request))
#20 C:\\Users\\David\\Documents\\GitHub\\Practicas-Tecnica-LancerGroup\\Practicas en PHP\\backend\\vendor\\laravel\\framework\\src\\Illuminate\\Pipeline\\Pipeline.php(209): Illuminate\\Cookie\\Middleware\\EncryptCookies->handle(Object(Illuminate\\Http\\Request), Object(Closure))
#21 C:\\Users\\David\\Documents\\GitHub\\Practicas-Tecnica-LancerGroup\\Practicas en PHP\\backend\\vendor\\laravel\\framework\\src\\Illuminate\\Pipeline\\Pipeline.php(127): Illuminate\\Pipeline\\Pipeline->Illuminate\\Pipeline\\{closure}(Object(Illuminate\\Http\\Request))
#22 C:\\Users\\David\\Documents\\GitHub\\Practicas-Tecnica-LancerGroup\\Practicas en PHP\\backend\\vendor\\laravel\\framework\\src\\Illuminate\\Routing\\Router.php(807): Illuminate\\Pipeline\\Pipeline->then(Object(Closure))
#23 C:\\Users\\David\\Documents\\GitHub\\Practicas-Tecnica-LancerGroup\\Practicas en PHP\\backend\\vendor\\laravel\\framework\\src\\Illuminate\\Routing\\Router.php(786): Illuminate\\Routing\\Router->runRouteWithinStack(Object(Illuminate\\Routing\\Route), Object(Illuminate\\Http\\Request))
#24 C:\\Users\\David\\Documents\\GitHub\\Practicas-Tecnica-LancerGroup\\Practicas en PHP\\backend\\vendor\\laravel\\framework\\src\\Illuminate\\Routing\\Router.php(750): Illuminate\\Routing\\Router->runRoute(Object(Illuminate\\Http\\Request), Object(Illuminate\\Routing\\Route))
#25 C:\\Users\\David\\Documents\\GitHub\\Practicas-Tecnica-LancerGroup\\Practicas en PHP\\backend\\vendor\\laravel\\framework\\src\\Illuminate\\Routing\\Router.php(739): Illuminate\\Routing\\Router->dispatchToRoute(Object(Illuminate\\Http\\Request))
#26 C:\\Users\\David\\Documents\\GitHub\\Practicas-Tecnica-LancerGroup\\Practicas en PHP\\backend\\vendor\\laravel\\framework\\src\\Illuminate\\Foundation\\Http\\Kernel.php(201): Illuminate\\Routing\\Router->dispatch(Object(Illuminate\\Http\\Request))
#27 C:\\Users\\David\\Documents\\GitHub\\Practicas-Tecnica-LancerGroup\\Practicas en PHP\\backend\\vendor\\laravel\\framework\\src\\Illuminate\\Pipeline\\Pipeline.php(170): Illuminate\\Foundation\\Http\\Kernel->Illuminate\\Foundation\\Http\\{closure}(Object(Illuminate\\Http\\Request))
#28 C:\\Users\\David\\Documents\\GitHub\\Practicas-Tecnica-LancerGroup\\Practicas en PHP\\backend\\vendor\\laravel\\framework\\src\\Illuminate\\Foundation\\Http\\Middleware\\TransformsRequest.php(21): Illuminate\\Pipeline\\Pipeline->Illuminate\\Pipeline\\{closure}(Object(Illuminate\\Http\\Request))
#29 C:\\Users\\David\\Documents\\GitHub\\Practicas-Tecnica-LancerGroup\\Practicas en PHP\\backend\\vendor\\laravel\\framework\\src\\Illuminate\\Foundation\\Http\\Middleware\\ConvertEmptyStringsToNull.php(31): Illuminate\\Foundation\\Http\\Middleware\\TransformsRequest->handle(Object(Illuminate\\Http\\Request), Object(Closure))
#30 C:\\Users\\David\\Documents\\GitHub\\Practicas-Tecnica-LancerGroup\\Practicas en PHP\\backend\\vendor\\laravel\\framework\\src\\Illuminate\\Pipeline\\Pipeline.php(209): Illuminate\\Foundation\\Http\\Middleware\\ConvertEmptyStringsToNull->handle(Object(Illuminate\\Http\\Request), Object(Closure))
#31 C:\\Users\\David\\Documents\\GitHub\\Practicas-Tecnica-LancerGroup\\Practicas en PHP\\backend\\vendor\\laravel\\framework\\src\\Illuminate\\Foundation\\Http\\Middleware\\TransformsRequest.php(21): Illuminate\\Pipeline\\Pipeline->Illuminate\\Pipeline\\{closure}(Object(Illuminate\\Http\\Request))
#32 C:\\Users\\David\\Documents\\GitHub\\Practicas-Tecnica-LancerGroup\\Practicas en PHP\\backend\\vendor\\laravel\\framework\\src\\Illuminate\\Foundation\\Http\\Middleware\\TrimStrings.php(51): Illuminate\\Foundation\\Http\\Middleware\\TransformsRequest->handle(Object(Illuminate\\Http\\Request), Object(Closure))
#33 C:\\Users\\David\\Documents\\GitHub\\Practicas-Tecnica-LancerGroup\\Practicas en PHP\\backend\\vendor\\laravel\\framework\\src\\Illuminate\\Pipeline\\Pipeline.php(209): Illuminate\\Foundation\\Http\\Middleware\\TrimStrings->handle(Object(Illuminate\\Http\\Request), Object(Closure))
#34 C:\\Users\\David\\Documents\\GitHub\\Practicas-Tecnica-LancerGroup\\Practicas en PHP\\backend\\vendor\\laravel\\framework\\src\\Illuminate\\Http\\Middleware\\ValidatePostSize.php(27): Illuminate\\Pipeline\\Pipeline->Illuminate\\Pipeline\\{closure}(Object(Illuminate\\Http\\Request))
#35 C:\\Users\\David\\Documents\\GitHub\\Practicas-Tecnica-LancerGroup\\Practicas en PHP\\backend\\vendor\\laravel\\framework\\src\\Illuminate\\Pipeline\\Pipeline.php(209): Illuminate\\Http\\Middleware\\ValidatePostSize->handle(Object(Illuminate\\Http\\Request), Object(Closure))
#36 C:\\Users\\David\\Documents\\GitHub\\Practicas-Tecnica-LancerGroup\\Practicas en PHP\\backend\\vendor\\laravel\\framework\\src\\Illuminate\\Foundation\\Http\\Middleware\\PreventRequestsDuringMaintenance.php(110): Illuminate\\Pipeline\\Pipeline->Illuminate\\Pipeline\\{closure}(Object(Illuminate\\Http\\Request))
#37 C:\\Users\\David\\Documents\\GitHub\\Practicas-Tecnica-LancerGroup\\Practicas en PHP\\backend\\vendor\\laravel\\framework\\src\\Illuminate\\Pipeline\\Pipeline.php(209): Illuminate\\Foundation\\Http\\Middleware\\PreventRequestsDuringMaintenance->handle(Object(Illuminate\\Http\\Request), Object(Closure))
#38 C:\\Users\\David\\Documents\\GitHub\\Practicas-Tecnica-LancerGroup\\Practicas en PHP\\backend\\vendor\\laravel\\framework\\src\\Illuminate\\Http\\Middleware\\HandleCors.php(49): Illuminate\\Pipeline\\Pipeline->Illuminate\\Pipeline\\{closure}(Object(Illuminate\\Http\\Request))
#39 C:\\Users\\David\\Documents\\GitHub\\Practicas-Tecnica-LancerGroup\\Practicas en PHP\\backend\\vendor\\laravel\\framework\\src\\Illuminate\\Pipeline\\Pipeline.php(209): Illuminate\\Http\\Middleware\\HandleCors->handle(Object(Illuminate\\Http\\Request), Object(Closure))
#40 C:\\Users\\David\\Documents\\GitHub\\Practicas-Tecnica-LancerGroup\\Practicas en PHP\\backend\\vendor\\laravel\\framework\\src\\Illuminate\\Http\\Middleware\\TrustProxies.php(58): Illuminate\\Pipeline\\Pipeline->Illuminate\\Pipeline\\{closure}(Object(Illuminate\\Http\\Request))
#41 C:\\Users\\David\\Documents\\GitHub\\Practicas-Tecnica-LancerGroup\\Practicas en PHP\\backend\\vendor\\laravel\\framework\\src\\Illuminate\\Pipeline\\Pipeline.php(209): Illuminate\\Http\\Middleware\\TrustProxies->handle(Object(Illuminate\\Http\\Request), Object(Closure))
#42 C:\\Users\\David\\Documents\\GitHub\\Practicas-Tecnica-LancerGroup\\Practicas en PHP\\backend\\vendor\\laravel\\framework\\src\\Illuminate\\Foundation\\Http\\Middleware\\InvokeDeferredCallbacks.php(22): Illuminate\\Pipeline\\Pipeline->Illuminate\\Pipeline\\{closure}(Object(Illuminate\\Http\\Request))
#43 C:\\Users\\David\\Documents\\GitHub\\Practicas-Tecnica-LancerGroup\\Practicas en PHP\\backend\\vendor\\laravel\\framework\\src\\Illuminate\\Pipeline\\Pipeline.php(209): Illuminate\\Foundation\\Http\\Middleware\\InvokeDeferredCallbacks->handle(Object(Illuminate\\Http\\Request), Object(Closure))
#44 C:\\Users\\David\\Documents\\GitHub\\Practicas-Tecnica-LancerGroup\\Practicas en PHP\\backend\\vendor\\laravel\\framework\\src\\Illuminate\\Pipeline\\Pipeline.php(127): Illuminate\\Pipeline\\Pipeline->Illuminate\\Pipeline\\{closure}(Object(Illuminate\\Http\\Request))
#45 C:\\Users\\David\\Documents\\GitHub\\Practicas-Tecnica-LancerGroup\\Practicas en PHP\\backend\\vendor\\laravel\\framework\\src\\Illuminate\\Foundation\\Http\\Kernel.php(176): Illuminate\\Pipeline\\Pipeline->then(Object(Closure))
#46 C:\\Users\\David\\Documents\\GitHub\\Practicas-Tecnica-LancerGroup\\Practicas en PHP\\backend\\vendor\\laravel\\framework\\src\\Illuminate\\Foundation\\Http\\Kernel.php(145): Illuminate\\Foundation\\Http\\Kernel->sendRequestThroughRouter(Object(Illuminate\\Http\\Request))
#47 C:\\Users\\David\\Documents\\GitHub\\Practicas-Tecnica-LancerGroup\\Practicas en PHP\\backend\\vendor\\laravel\\framework\\src\\Illuminate\\Foundation\\Application.php(1220): Illuminate\\Foundation\\Http\\Kernel->handle(Object(Illuminate\\Http\\Request))
#48 C:\\Users\\David\\Documents\\GitHub\\Practicas-Tecnica-LancerGroup\\Practicas en PHP\\backend\\public\\index.php(20): Illuminate\\Foundation\\Application->handleRequest(Object(Illuminate\\Http\\Request))
#49 C:\\Users\\David\\Documents\\GitHub\\Practicas-Tecnica-LancerGroup\\Practicas en PHP\\backend\\vendor\\laravel\\framework\\src\\Illuminate\\Foundation\\resources\\server.php(23): require_once('C:\\\\Users\\\\David\\\\...')
#50 {main}
"} 
[2025-06-12 04:04:37] local.INFO: BookController store() called {"method":"POST","all_data":{"nombre":"dd","fecha_publicacion":"2025-06-10","edicion":"dd","authors":[1]},"headers":{"host":["127.0.0.1:8000"],"connection":["keep-alive"],"content-length":["77"],"sec-ch-ua-platform":["\"Windows\""],"x-xsrf-token":["eyJpdiI6Im5oM0YwVmtUYnN2YUswZnpwSHoxcVE9PSIsInZhbHVlIjoiWFN4UDRjVlpmT2gwSlFKTFpLaDhwcmtxaStZTVRZN1pjaEdHNnJBN2syeDRFbFRadndWV2UrelpYc2kzU2swZ3NCQ1U1NG9OcmJaTGg1ViswMWdRUEZ6K0FQbkRGay9JSitOaUh6anpLOS9oSnFhdXdDVkdEdlNYNHNtU3lBcTciLCJtYWMiOiI4NzVmZDRhNWE3NjE1MjZiNTRlNWUyN2ZjMzhlYWUwY2IyNjEzMjg3N2MyNTIxMmE1ODQ1OTVhN2NhOGM1NWYxIiwidGFnIjoiIn0="],"x-inertia-version":["670428c1b8671d3e9cd12d9871d10721"],"sec-ch-ua":["\"Microsoft Edge\";v=\"137\", \"Chromium\";v=\"137\", \"Not/A)Brand\";v=\"24\""],"x-inertia":["true"],"sec-ch-ua-mobile":["?0"],"x-requested-with":["XMLHttpRequest"],"user-agent":["Mozilla/5.0 (Windows NT 10.0; Win64; x64) AppleWebKit/537.36 (KHTML, like Gecko) Chrome/137.0.0.0 Safari/537.36 Edg/137.0.0.0"],"accept":["text/html, application/xhtml+xml"],"content-type":["application/json"],"origin":["http://127.0.0.1:8000"],"sec-fetch-site":["same-origin"],"sec-fetch-mode":["cors"],"sec-fetch-dest":["empty"],"referer":["http://127.0.0.1:8000/books/create"],"accept-encoding":["gzip, deflate, br, zstd"],"accept-language":["en-US,en;q=0.9,es-ES;q=0.8,es;q=0.7"],"cookie":["XSRF-TOKEN=eyJpdiI6Im5oM0YwVmtUYnN2YUswZnpwSHoxcVE9PSIsInZhbHVlIjoiWFN4UDRjVlpmT2gwSlFKTFpLaDhwcmtxaStZTVRZN1pjaEdHNnJBN2syeDRFbFRadndWV2UrelpYc2kzU2swZ3NCQ1U1NG9OcmJaTGg1ViswMWdRUEZ6K0FQbkRGay9JSitOaUh6anpLOS9oSnFhdXdDVkdEdlNYNHNtU3lBcTciLCJtYWMiOiI4NzVmZDRhNWE3NjE1MjZiNTRlNWUyN2ZjMzhlYWUwY2IyNjEzMjg3N2MyNTIxMmE1ODQ1OTVhN2NhOGM1NWYxIiwidGFnIjoiIn0%3D; practicasenphp_session=eyJpdiI6ImdoT3lXbzRXbEQvUGh5NWNDcVUrakE9PSIsInZhbHVlIjoiQm9ISExuQzNLQ3RVYmNNZnNGbFZFTElqZitMU0laQVVSM1MxY1JyRkxsZlZQT205OEltQVMxS1hOSU5nNFNzUUQxMHUyTVNzWnM4a0MxS3lmVWJBMFhCanc4NVZUcWJOcmlJK20xWks2ZGhjV2ZOUDJSTWZ5UkttdkFjbkdMUFYiLCJtYWMiOiI2OGU3ZGVmODc4NDNkN2Y0YTMwMjEzODVkMTM3N2E1NGE0ODI5Y2I3YTIwMjU0MTFiODQ5MTgxMjNmNzQxOTJhIiwidGFnIjoiIn0%3D"]}} 
[2025-06-12 04:04:37] local.INFO: Validation passed {"nombre":"dd","fecha_publicacion":"2025-06-10","edicion":"dd","authors":[1]} 
[2025-06-12 04:04:37] local.INFO: Book created {"book_id":8} 
[2025-06-12 04:04:37] local.INFO: Authors attached {"authors":[1]} 
[2025-06-12 04:18:19] local.ERROR: PHP Parse error: Syntax error, unexpected T_NS_SEPARATOR on line 1 {"exception":"[object] (Psy\\Exception\\ParseErrorException(code: 0): PHP Parse error: Syntax error, unexpected T_NS_SEPARATOR on line 1 at C:\\Users\\David\\Documents\\GitHub\\Practicas-Tecnica-LancerGroup\\Practicas en PHP\\backend\\vendor\\psy\\psysh\\src\\Exception\\ParseErrorException.php:44)
[stacktrace]
#0 C:\\Users\\David\\Documents\\GitHub\\Practicas-Tecnica-LancerGroup\\Practicas en PHP\\backend\\vendor\\psy\\psysh\\src\\CodeCleaner.php(306): Psy\\Exception\\ParseErrorException::fromParseError(Object(PhpParser\\Error))
#1 C:\\Users\\David\\Documents\\GitHub\\Practicas-Tecnica-LancerGroup\\Practicas en PHP\\backend\\vendor\\psy\\psysh\\src\\CodeCleaner.php(240): Psy\\CodeCleaner->parse('<?php use App\\\\M...', false)
#2 C:\\Users\\David\\Documents\\GitHub\\Practicas-Tecnica-LancerGroup\\Practicas en PHP\\backend\\vendor\\psy\\psysh\\src\\Shell.php(852): Psy\\CodeCleaner->clean(Array, false)
#3 C:\\Users\\David\\Documents\\GitHub\\Practicas-Tecnica-LancerGroup\\Practicas en PHP\\backend\\vendor\\psy\\psysh\\src\\Shell.php(881): Psy\\Shell->addCode('use App\\\\Models\\\\...', true)
#4 C:\\Users\\David\\Documents\\GitHub\\Practicas-Tecnica-LancerGroup\\Practicas en PHP\\backend\\vendor\\psy\\psysh\\src\\Shell.php(1390): Psy\\Shell->setCode('use App\\\\Models\\\\...', true)
#5 C:\\Users\\David\\Documents\\GitHub\\Practicas-Tecnica-LancerGroup\\Practicas en PHP\\backend\\vendor\\laravel\\tinker\\src\\Console\\TinkerCommand.php(76): Psy\\Shell->execute('use App\\\\Models\\\\...')
#6 C:\\Users\\David\\Documents\\GitHub\\Practicas-Tecnica-LancerGroup\\Practicas en PHP\\backend\\vendor\\laravel\\framework\\src\\Illuminate\\Container\\BoundMethod.php(36): Laravel\\Tinker\\Console\\TinkerCommand->handle()
#7 C:\\Users\\David\\Documents\\GitHub\\Practicas-Tecnica-LancerGroup\\Practicas en PHP\\backend\\vendor\\laravel\\framework\\src\\Illuminate\\Container\\Util.php(43): Illuminate\\Container\\BoundMethod::Illuminate\\Container\\{closure}()
#8 C:\\Users\\David\\Documents\\GitHub\\Practicas-Tecnica-LancerGroup\\Practicas en PHP\\backend\\vendor\\laravel\\framework\\src\\Illuminate\\Container\\BoundMethod.php(95): Illuminate\\Container\\Util::unwrapIfClosure(Object(Closure))
#9 C:\\Users\\David\\Documents\\GitHub\\Practicas-Tecnica-LancerGroup\\Practicas en PHP\\backend\\vendor\\laravel\\framework\\src\\Illuminate\\Container\\BoundMethod.php(35): Illuminate\\Container\\BoundMethod::callBoundMethod(Object(Illuminate\\Foundation\\Application), Array, Object(Closure))
#10 C:\\Users\\David\\Documents\\GitHub\\Practicas-Tecnica-LancerGroup\\Practicas en PHP\\backend\\vendor\\laravel\\framework\\src\\Illuminate\\Container\\Container.php(696): Illuminate\\Container\\BoundMethod::call(Object(Illuminate\\Foundation\\Application), Array, Array, NULL)
#11 C:\\Users\\David\\Documents\\GitHub\\Practicas-Tecnica-LancerGroup\\Practicas en PHP\\backend\\vendor\\laravel\\framework\\src\\Illuminate\\Console\\Command.php(213): Illuminate\\Container\\Container->call(Array)
#12 C:\\Users\\David\\Documents\\GitHub\\Practicas-Tecnica-LancerGroup\\Practicas en PHP\\backend\\vendor\\symfony\\console\\Command\\Command.php(318): Illuminate\\Console\\Command->execute(Object(Symfony\\Component\\Console\\Input\\ArgvInput), Object(Illuminate\\Console\\OutputStyle))
#13 C:\\Users\\David\\Documents\\GitHub\\Practicas-Tecnica-LancerGroup\\Practicas en PHP\\backend\\vendor\\laravel\\framework\\src\\Illuminate\\Console\\Command.php(182): Symfony\\Component\\Console\\Command\\Command->run(Object(Symfony\\Component\\Console\\Input\\ArgvInput), Object(Illuminate\\Console\\OutputStyle))
#14 C:\\Users\\David\\Documents\\GitHub\\Practicas-Tecnica-LancerGroup\\Practicas en PHP\\backend\\vendor\\symfony\\console\\Application.php(1092): Illuminate\\Console\\Command->run(Object(Symfony\\Component\\Console\\Input\\ArgvInput), Object(Symfony\\Component\\Console\\Output\\ConsoleOutput))
#15 C:\\Users\\David\\Documents\\GitHub\\Practicas-Tecnica-LancerGroup\\Practicas en PHP\\backend\\vendor\\symfony\\console\\Application.php(341): Symfony\\Component\\Console\\Application->doRunCommand(Object(Laravel\\Tinker\\Console\\TinkerCommand), Object(Symfony\\Component\\Console\\Input\\ArgvInput), Object(Symfony\\Component\\Console\\Output\\ConsoleOutput))
#16 C:\\Users\\David\\Documents\\GitHub\\Practicas-Tecnica-LancerGroup\\Practicas en PHP\\backend\\vendor\\symfony\\console\\Application.php(192): Symfony\\Component\\Console\\Application->doRun(Object(Symfony\\Component\\Console\\Input\\ArgvInput), Object(Symfony\\Component\\Console\\Output\\ConsoleOutput))
#17 C:\\Users\\David\\Documents\\GitHub\\Practicas-Tecnica-LancerGroup\\Practicas en PHP\\backend\\vendor\\laravel\\framework\\src\\Illuminate\\Foundation\\Console\\Kernel.php(198): Symfony\\Component\\Console\\Application->run(Object(Symfony\\Component\\Console\\Input\\ArgvInput), Object(Symfony\\Component\\Console\\Output\\ConsoleOutput))
#18 C:\\Users\\David\\Documents\\GitHub\\Practicas-Tecnica-LancerGroup\\Practicas en PHP\\backend\\vendor\\laravel\\framework\\src\\Illuminate\\Foundation\\Application.php(1235): Illuminate\\Foundation\\Console\\Kernel->handle(Object(Symfony\\Component\\Console\\Input\\ArgvInput), Object(Symfony\\Component\\Console\\Output\\ConsoleOutput))
#19 C:\\Users\\David\\Documents\\GitHub\\Practicas-Tecnica-LancerGroup\\Practicas en PHP\\backend\\artisan(34): Illuminate\\Foundation\\Application->handleCommand(Object(Symfony\\Component\\Console\\Input\\ArgvInput))
#20 {main}
"} 
[2025-06-12 04:19:28] local.ERROR: SQLSTATE[42S02]: Base table or view not found: 1146 Table 'practicas_db.cache' doesn't exist (Connection: mysql, SQL: delete from `cache`) {"exception":"[object] (Illuminate\\Database\\QueryException(code: 42S02): SQLSTATE[42S02]: Base table or view not found: 1146 Table 'practicas_db.cache' doesn't exist (Connection: mysql, SQL: delete from `cache`) at C:\\Users\\David\\Documents\\GitHub\\Practicas-Tecnica-LancerGroup\\Practicas en PHP\\backend\\vendor\\laravel\\framework\\src\\Illuminate\\Database\\Connection.php:825)
[stacktrace]
#0 C:\\Users\\David\\Documents\\GitHub\\Practicas-Tecnica-LancerGroup\\Practicas en PHP\\backend\\vendor\\laravel\\framework\\src\\Illuminate\\Database\\Connection.php(779): Illuminate\\Database\\Connection->runQueryCallback('delete from `ca...', Array, Object(Closure))
#1 C:\\Users\\David\\Documents\\GitHub\\Practicas-Tecnica-LancerGroup\\Practicas en PHP\\backend\\vendor\\laravel\\framework\\src\\Illuminate\\Database\\Connection.php(584): Illuminate\\Database\\Connection->run('delete from `ca...', Array, Object(Closure))
#2 C:\\Users\\David\\Documents\\GitHub\\Practicas-Tecnica-LancerGroup\\Practicas en PHP\\backend\\vendor\\laravel\\framework\\src\\Illuminate\\Database\\Connection.php(548): Illuminate\\Database\\Connection->affectingStatement('delete from `ca...', Array)
#3 C:\\Users\\David\\Documents\\GitHub\\Practicas-Tecnica-LancerGroup\\Practicas en PHP\\backend\\vendor\\laravel\\framework\\src\\Illuminate\\Database\\Query\\Builder.php(4024): Illuminate\\Database\\Connection->delete('delete from `ca...', Array)
#4 C:\\Users\\David\\Documents\\GitHub\\Practicas-Tecnica-LancerGroup\\Practicas en PHP\\backend\\vendor\\laravel\\framework\\src\\Illuminate\\Cache\\DatabaseStore.php(422): Illuminate\\Database\\Query\\Builder->delete()
#5 C:\\Users\\David\\Documents\\GitHub\\Practicas-Tecnica-LancerGroup\\Practicas en PHP\\backend\\vendor\\laravel\\framework\\src\\Illuminate\\Cache\\Repository.php(792): Illuminate\\Cache\\DatabaseStore->flush()
#6 C:\\Users\\David\\Documents\\GitHub\\Practicas-Tecnica-LancerGroup\\Practicas en PHP\\backend\\vendor\\laravel\\framework\\src\\Illuminate\\Cache\\Console\\ClearCommand.php(69): Illuminate\\Cache\\Repository->__call('flush', Array)
#7 C:\\Users\\David\\Documents\\GitHub\\Practicas-Tecnica-LancerGroup\\Practicas en PHP\\backend\\vendor\\laravel\\framework\\src\\Illuminate\\Container\\BoundMethod.php(36): Illuminate\\Cache\\Console\\ClearCommand->handle()
#8 C:\\Users\\David\\Documents\\GitHub\\Practicas-Tecnica-LancerGroup\\Practicas en PHP\\backend\\vendor\\laravel\\framework\\src\\Illuminate\\Container\\Util.php(43): Illuminate\\Container\\BoundMethod::Illuminate\\Container\\{closure}()
#9 C:\\Users\\David\\Documents\\GitHub\\Practicas-Tecnica-LancerGroup\\Practicas en PHP\\backend\\vendor\\laravel\\framework\\src\\Illuminate\\Container\\BoundMethod.php(95): Illuminate\\Container\\Util::unwrapIfClosure(Object(Closure))
#10 C:\\Users\\David\\Documents\\GitHub\\Practicas-Tecnica-LancerGroup\\Practicas en PHP\\backend\\vendor\\laravel\\framework\\src\\Illuminate\\Container\\BoundMethod.php(35): Illuminate\\Container\\BoundMethod::callBoundMethod(Object(Illuminate\\Foundation\\Application), Array, Object(Closure))
#11 C:\\Users\\David\\Documents\\GitHub\\Practicas-Tecnica-LancerGroup\\Practicas en PHP\\backend\\vendor\\laravel\\framework\\src\\Illuminate\\Container\\Container.php(696): Illuminate\\Container\\BoundMethod::call(Object(Illuminate\\Foundation\\Application), Array, Array, NULL)
#12 C:\\Users\\David\\Documents\\GitHub\\Practicas-Tecnica-LancerGroup\\Practicas en PHP\\backend\\vendor\\laravel\\framework\\src\\Illuminate\\Console\\Command.php(213): Illuminate\\Container\\Container->call(Array)
#13 C:\\Users\\David\\Documents\\GitHub\\Practicas-Tecnica-LancerGroup\\Practicas en PHP\\backend\\vendor\\symfony\\console\\Command\\Command.php(318): Illuminate\\Console\\Command->execute(Object(Symfony\\Component\\Console\\Input\\ArgvInput), Object(Illuminate\\Console\\OutputStyle))
#14 C:\\Users\\David\\Documents\\GitHub\\Practicas-Tecnica-LancerGroup\\Practicas en PHP\\backend\\vendor\\laravel\\framework\\src\\Illuminate\\Console\\Command.php(182): Symfony\\Component\\Console\\Command\\Command->run(Object(Symfony\\Component\\Console\\Input\\ArgvInput), Object(Illuminate\\Console\\OutputStyle))
#15 C:\\Users\\David\\Documents\\GitHub\\Practicas-Tecnica-LancerGroup\\Practicas en PHP\\backend\\vendor\\symfony\\console\\Application.php(1092): Illuminate\\Console\\Command->run(Object(Symfony\\Component\\Console\\Input\\ArgvInput), Object(Symfony\\Component\\Console\\Output\\ConsoleOutput))
#16 C:\\Users\\David\\Documents\\GitHub\\Practicas-Tecnica-LancerGroup\\Practicas en PHP\\backend\\vendor\\symfony\\console\\Application.php(341): Symfony\\Component\\Console\\Application->doRunCommand(Object(Illuminate\\Cache\\Console\\ClearCommand), Object(Symfony\\Component\\Console\\Input\\ArgvInput), Object(Symfony\\Component\\Console\\Output\\ConsoleOutput))
#17 C:\\Users\\David\\Documents\\GitHub\\Practicas-Tecnica-LancerGroup\\Practicas en PHP\\backend\\vendor\\symfony\\console\\Application.php(192): Symfony\\Component\\Console\\Application->doRun(Object(Symfony\\Component\\Console\\Input\\ArgvInput), Object(Symfony\\Component\\Console\\Output\\ConsoleOutput))
#18 C:\\Users\\David\\Documents\\GitHub\\Practicas-Tecnica-LancerGroup\\Practicas en PHP\\backend\\vendor\\laravel\\framework\\src\\Illuminate\\Foundation\\Console\\Kernel.php(198): Symfony\\Component\\Console\\Application->run(Object(Symfony\\Component\\Console\\Input\\ArgvInput), Object(Symfony\\Component\\Console\\Output\\ConsoleOutput))
#19 C:\\Users\\David\\Documents\\GitHub\\Practicas-Tecnica-LancerGroup\\Practicas en PHP\\backend\\vendor\\laravel\\framework\\src\\Illuminate\\Foundation\\Application.php(1235): Illuminate\\Foundation\\Console\\Kernel->handle(Object(Symfony\\Component\\Console\\Input\\ArgvInput), Object(Symfony\\Component\\Console\\Output\\ConsoleOutput))
#20 C:\\Users\\David\\Documents\\GitHub\\Practicas-Tecnica-LancerGroup\\Practicas en PHP\\backend\\artisan(34): Illuminate\\Foundation\\Application->handleCommand(Object(Symfony\\Component\\Console\\Input\\ArgvInput))
#21 {main}

[previous exception] [object] (PDOException(code: 42S02): SQLSTATE[42S02]: Base table or view not found: 1146 Table 'practicas_db.cache' doesn't exist at C:\\Users\\David\\Documents\\GitHub\\Practicas-Tecnica-LancerGroup\\Practicas en PHP\\backend\\vendor\\laravel\\framework\\src\\Illuminate\\Database\\Connection.php:592)
[stacktrace]
#0 C:\\Users\\David\\Documents\\GitHub\\Practicas-Tecnica-LancerGroup\\Practicas en PHP\\backend\\vendor\\laravel\\framework\\src\\Illuminate\\Database\\Connection.php(592): PDO->prepare('delete from `ca...')
#1 C:\\Users\\David\\Documents\\GitHub\\Practicas-Tecnica-LancerGroup\\Practicas en PHP\\backend\\vendor\\laravel\\framework\\src\\Illuminate\\Database\\Connection.php(812): Illuminate\\Database\\Connection->Illuminate\\Database\\{closure}('delete from `ca...', Array)
#2 C:\\Users\\David\\Documents\\GitHub\\Practicas-Tecnica-LancerGroup\\Practicas en PHP\\backend\\vendor\\laravel\\framework\\src\\Illuminate\\Database\\Connection.php(779): Illuminate\\Database\\Connection->runQueryCallback('delete from `ca...', Array, Object(Closure))
#3 C:\\Users\\David\\Documents\\GitHub\\Practicas-Tecnica-LancerGroup\\Practicas en PHP\\backend\\vendor\\laravel\\framework\\src\\Illuminate\\Database\\Connection.php(584): Illuminate\\Database\\Connection->run('delete from `ca...', Array, Object(Closure))
#4 C:\\Users\\David\\Documents\\GitHub\\Practicas-Tecnica-LancerGroup\\Practicas en PHP\\backend\\vendor\\laravel\\framework\\src\\Illuminate\\Database\\Connection.php(548): Illuminate\\Database\\Connection->affectingStatement('delete from `ca...', Array)
#5 C:\\Users\\David\\Documents\\GitHub\\Practicas-Tecnica-LancerGroup\\Practicas en PHP\\backend\\vendor\\laravel\\framework\\src\\Illuminate\\Database\\Query\\Builder.php(4024): Illuminate\\Database\\Connection->delete('delete from `ca...', Array)
#6 C:\\Users\\David\\Documents\\GitHub\\Practicas-Tecnica-LancerGroup\\Practicas en PHP\\backend\\vendor\\laravel\\framework\\src\\Illuminate\\Cache\\DatabaseStore.php(422): Illuminate\\Database\\Query\\Builder->delete()
#7 C:\\Users\\David\\Documents\\GitHub\\Practicas-Tecnica-LancerGroup\\Practicas en PHP\\backend\\vendor\\laravel\\framework\\src\\Illuminate\\Cache\\Repository.php(792): Illuminate\\Cache\\DatabaseStore->flush()
#8 C:\\Users\\David\\Documents\\GitHub\\Practicas-Tecnica-LancerGroup\\Practicas en PHP\\backend\\vendor\\laravel\\framework\\src\\Illuminate\\Cache\\Console\\ClearCommand.php(69): Illuminate\\Cache\\Repository->__call('flush', Array)
#9 C:\\Users\\David\\Documents\\GitHub\\Practicas-Tecnica-LancerGroup\\Practicas en PHP\\backend\\vendor\\laravel\\framework\\src\\Illuminate\\Container\\BoundMethod.php(36): Illuminate\\Cache\\Console\\ClearCommand->handle()
#10 C:\\Users\\David\\Documents\\GitHub\\Practicas-Tecnica-LancerGroup\\Practicas en PHP\\backend\\vendor\\laravel\\framework\\src\\Illuminate\\Container\\Util.php(43): Illuminate\\Container\\BoundMethod::Illuminate\\Container\\{closure}()
#11 C:\\Users\\David\\Documents\\GitHub\\Practicas-Tecnica-LancerGroup\\Practicas en PHP\\backend\\vendor\\laravel\\framework\\src\\Illuminate\\Container\\BoundMethod.php(95): Illuminate\\Container\\Util::unwrapIfClosure(Object(Closure))
#12 C:\\Users\\David\\Documents\\GitHub\\Practicas-Tecnica-LancerGroup\\Practicas en PHP\\backend\\vendor\\laravel\\framework\\src\\Illuminate\\Container\\BoundMethod.php(35): Illuminate\\Container\\BoundMethod::callBoundMethod(Object(Illuminate\\Foundation\\Application), Array, Object(Closure))
#13 C:\\Users\\David\\Documents\\GitHub\\Practicas-Tecnica-LancerGroup\\Practicas en PHP\\backend\\vendor\\laravel\\framework\\src\\Illuminate\\Container\\Container.php(696): Illuminate\\Container\\BoundMethod::call(Object(Illuminate\\Foundation\\Application), Array, Array, NULL)
#14 C:\\Users\\David\\Documents\\GitHub\\Practicas-Tecnica-LancerGroup\\Practicas en PHP\\backend\\vendor\\laravel\\framework\\src\\Illuminate\\Console\\Command.php(213): Illuminate\\Container\\Container->call(Array)
#15 C:\\Users\\David\\Documents\\GitHub\\Practicas-Tecnica-LancerGroup\\Practicas en PHP\\backend\\vendor\\symfony\\console\\Command\\Command.php(318): Illuminate\\Console\\Command->execute(Object(Symfony\\Component\\Console\\Input\\ArgvInput), Object(Illuminate\\Console\\OutputStyle))
#16 C:\\Users\\David\\Documents\\GitHub\\Practicas-Tecnica-LancerGroup\\Practicas en PHP\\backend\\vendor\\laravel\\framework\\src\\Illuminate\\Console\\Command.php(182): Symfony\\Component\\Console\\Command\\Command->run(Object(Symfony\\Component\\Console\\Input\\ArgvInput), Object(Illuminate\\Console\\OutputStyle))
#17 C:\\Users\\David\\Documents\\GitHub\\Practicas-Tecnica-LancerGroup\\Practicas en PHP\\backend\\vendor\\symfony\\console\\Application.php(1092): Illuminate\\Console\\Command->run(Object(Symfony\\Component\\Console\\Input\\ArgvInput), Object(Symfony\\Component\\Console\\Output\\ConsoleOutput))
#18 C:\\Users\\David\\Documents\\GitHub\\Practicas-Tecnica-LancerGroup\\Practicas en PHP\\backend\\vendor\\symfony\\console\\Application.php(341): Symfony\\Component\\Console\\Application->doRunCommand(Object(Illuminate\\Cache\\Console\\ClearCommand), Object(Symfony\\Component\\Console\\Input\\ArgvInput), Object(Symfony\\Component\\Console\\Output\\ConsoleOutput))
#19 C:\\Users\\David\\Documents\\GitHub\\Practicas-Tecnica-LancerGroup\\Practicas en PHP\\backend\\vendor\\symfony\\console\\Application.php(192): Symfony\\Component\\Console\\Application->doRun(Object(Symfony\\Component\\Console\\Input\\ArgvInput), Object(Symfony\\Component\\Console\\Output\\ConsoleOutput))
#20 C:\\Users\\David\\Documents\\GitHub\\Practicas-Tecnica-LancerGroup\\Practicas en PHP\\backend\\vendor\\laravel\\framework\\src\\Illuminate\\Foundation\\Console\\Kernel.php(198): Symfony\\Component\\Console\\Application->run(Object(Symfony\\Component\\Console\\Input\\ArgvInput), Object(Symfony\\Component\\Console\\Output\\ConsoleOutput))
#21 C:\\Users\\David\\Documents\\GitHub\\Practicas-Tecnica-LancerGroup\\Practicas en PHP\\backend\\vendor\\laravel\\framework\\src\\Illuminate\\Foundation\\Application.php(1235): Illuminate\\Foundation\\Console\\Kernel->handle(Object(Symfony\\Component\\Console\\Input\\ArgvInput), Object(Symfony\\Component\\Console\\Output\\ConsoleOutput))
#22 C:\\Users\\David\\Documents\\GitHub\\Practicas-Tecnica-LancerGroup\\Practicas en PHP\\backend\\artisan(34): Illuminate\\Foundation\\Application->handleCommand(Object(Symfony\\Component\\Console\\Input\\ArgvInput))
#23 {main}
"} 
[2025-06-12 04:20:00] local.ERROR: PHP Parse error: Syntax error, unexpected T_NS_SEPARATOR on line 1 {"exception":"[object] (Psy\\Exception\\ParseErrorException(code: 0): PHP Parse error: Syntax error, unexpected T_NS_SEPARATOR on line 1 at C:\\Users\\David\\Documents\\GitHub\\Practicas-Tecnica-LancerGroup\\Practicas en PHP\\backend\\vendor\\psy\\psysh\\src\\Exception\\ParseErrorException.php:44)
[stacktrace]
#0 C:\\Users\\David\\Documents\\GitHub\\Practicas-Tecnica-LancerGroup\\Practicas en PHP\\backend\\vendor\\psy\\psysh\\src\\CodeCleaner.php(306): Psy\\Exception\\ParseErrorException::fromParseError(Object(PhpParser\\Error))
#1 C:\\Users\\David\\Documents\\GitHub\\Practicas-Tecnica-LancerGroup\\Practicas en PHP\\backend\\vendor\\psy\\psysh\\src\\CodeCleaner.php(240): Psy\\CodeCleaner->parse('<?php echo 'Tes...', false)
#2 C:\\Users\\David\\Documents\\GitHub\\Practicas-Tecnica-LancerGroup\\Practicas en PHP\\backend\\vendor\\psy\\psysh\\src\\Shell.php(852): Psy\\CodeCleaner->clean(Array, false)
#3 C:\\Users\\David\\Documents\\GitHub\\Practicas-Tecnica-LancerGroup\\Practicas en PHP\\backend\\vendor\\psy\\psysh\\src\\Shell.php(881): Psy\\Shell->addCode('echo 'Testing B...', true)
#4 C:\\Users\\David\\Documents\\GitHub\\Practicas-Tecnica-LancerGroup\\Practicas en PHP\\backend\\vendor\\psy\\psysh\\src\\Shell.php(1390): Psy\\Shell->setCode('echo 'Testing B...', true)
#5 C:\\Users\\David\\Documents\\GitHub\\Practicas-Tecnica-LancerGroup\\Practicas en PHP\\backend\\vendor\\laravel\\tinker\\src\\Console\\TinkerCommand.php(76): Psy\\Shell->execute('echo 'Testing B...')
#6 C:\\Users\\David\\Documents\\GitHub\\Practicas-Tecnica-LancerGroup\\Practicas en PHP\\backend\\vendor\\laravel\\framework\\src\\Illuminate\\Container\\BoundMethod.php(36): Laravel\\Tinker\\Console\\TinkerCommand->handle()
#7 C:\\Users\\David\\Documents\\GitHub\\Practicas-Tecnica-LancerGroup\\Practicas en PHP\\backend\\vendor\\laravel\\framework\\src\\Illuminate\\Container\\Util.php(43): Illuminate\\Container\\BoundMethod::Illuminate\\Container\\{closure}()
#8 C:\\Users\\David\\Documents\\GitHub\\Practicas-Tecnica-LancerGroup\\Practicas en PHP\\backend\\vendor\\laravel\\framework\\src\\Illuminate\\Container\\BoundMethod.php(95): Illuminate\\Container\\Util::unwrapIfClosure(Object(Closure))
#9 C:\\Users\\David\\Documents\\GitHub\\Practicas-Tecnica-LancerGroup\\Practicas en PHP\\backend\\vendor\\laravel\\framework\\src\\Illuminate\\Container\\BoundMethod.php(35): Illuminate\\Container\\BoundMethod::callBoundMethod(Object(Illuminate\\Foundation\\Application), Array, Object(Closure))
#10 C:\\Users\\David\\Documents\\GitHub\\Practicas-Tecnica-LancerGroup\\Practicas en PHP\\backend\\vendor\\laravel\\framework\\src\\Illuminate\\Container\\Container.php(696): Illuminate\\Container\\BoundMethod::call(Object(Illuminate\\Foundation\\Application), Array, Array, NULL)
#11 C:\\Users\\David\\Documents\\GitHub\\Practicas-Tecnica-LancerGroup\\Practicas en PHP\\backend\\vendor\\laravel\\framework\\src\\Illuminate\\Console\\Command.php(213): Illuminate\\Container\\Container->call(Array)
#12 C:\\Users\\David\\Documents\\GitHub\\Practicas-Tecnica-LancerGroup\\Practicas en PHP\\backend\\vendor\\symfony\\console\\Command\\Command.php(318): Illuminate\\Console\\Command->execute(Object(Symfony\\Component\\Console\\Input\\ArgvInput), Object(Illuminate\\Console\\OutputStyle))
#13 C:\\Users\\David\\Documents\\GitHub\\Practicas-Tecnica-LancerGroup\\Practicas en PHP\\backend\\vendor\\laravel\\framework\\src\\Illuminate\\Console\\Command.php(182): Symfony\\Component\\Console\\Command\\Command->run(Object(Symfony\\Component\\Console\\Input\\ArgvInput), Object(Illuminate\\Console\\OutputStyle))
#14 C:\\Users\\David\\Documents\\GitHub\\Practicas-Tecnica-LancerGroup\\Practicas en PHP\\backend\\vendor\\symfony\\console\\Application.php(1092): Illuminate\\Console\\Command->run(Object(Symfony\\Component\\Console\\Input\\ArgvInput), Object(Symfony\\Component\\Console\\Output\\ConsoleOutput))
#15 C:\\Users\\David\\Documents\\GitHub\\Practicas-Tecnica-LancerGroup\\Practicas en PHP\\backend\\vendor\\symfony\\console\\Application.php(341): Symfony\\Component\\Console\\Application->doRunCommand(Object(Laravel\\Tinker\\Console\\TinkerCommand), Object(Symfony\\Component\\Console\\Input\\ArgvInput), Object(Symfony\\Component\\Console\\Output\\ConsoleOutput))
#16 C:\\Users\\David\\Documents\\GitHub\\Practicas-Tecnica-LancerGroup\\Practicas en PHP\\backend\\vendor\\symfony\\console\\Application.php(192): Symfony\\Component\\Console\\Application->doRun(Object(Symfony\\Component\\Console\\Input\\ArgvInput), Object(Symfony\\Component\\Console\\Output\\ConsoleOutput))
#17 C:\\Users\\David\\Documents\\GitHub\\Practicas-Tecnica-LancerGroup\\Practicas en PHP\\backend\\vendor\\laravel\\framework\\src\\Illuminate\\Foundation\\Console\\Kernel.php(198): Symfony\\Component\\Console\\Application->run(Object(Symfony\\Component\\Console\\Input\\ArgvInput), Object(Symfony\\Component\\Console\\Output\\ConsoleOutput))
#18 C:\\Users\\David\\Documents\\GitHub\\Practicas-Tecnica-LancerGroup\\Practicas en PHP\\backend\\vendor\\laravel\\framework\\src\\Illuminate\\Foundation\\Application.php(1235): Illuminate\\Foundation\\Console\\Kernel->handle(Object(Symfony\\Component\\Console\\Input\\ArgvInput), Object(Symfony\\Component\\Console\\Output\\ConsoleOutput))
#19 C:\\Users\\David\\Documents\\GitHub\\Practicas-Tecnica-LancerGroup\\Practicas en PHP\\backend\\artisan(34): Illuminate\\Foundation\\Application->handleCommand(Object(Symfony\\Component\\Console\\Input\\ArgvInput))
#20 {main}
"} 
[2025-06-12 04:21:14] local.INFO: BookController store() called {"method":"POST","all_data":{"nombre":"dd","fecha_publicacion":"2025-06-03","edicion":"e","authors":[1,2]},"headers":{"host":["127.0.0.1:8000"],"connection":["keep-alive"],"content-length":["78"],"sec-ch-ua-platform":["\"Windows\""],"x-xsrf-token":["eyJpdiI6IlMvNXRydDhuQTRzRjhuaFArN0VQRHc9PSIsInZhbHVlIjoiOC9hQ2MvZGF5S2piQVFLSndvTVF1RStPZiszUmlmdlBrVzdUMVd0SjNKNEpkSSs4b2Nvek5KTytVNDJxcDV2VXI4NXFXS1BtQW1vdVUzcjc2aGFrM1FMcjM4d0NmcG96U1Y4UllMbTN6NnpaNXBrUDI1d1FpU2R2Q1VpaTVpOGYiLCJtYWMiOiI2YTkxNTZlOThiMDdiODQ3NDdkNDkyYjRiMzJiYjA1MjhmMzk0NTE1NjRlYWQxNTg2NTk3YTMyMzhmMWI1YjU1IiwidGFnIjoiIn0="],"x-inertia-version":["670428c1b8671d3e9cd12d9871d10721"],"sec-ch-ua":["\"Microsoft Edge\";v=\"137\", \"Chromium\";v=\"137\", \"Not/A)Brand\";v=\"24\""],"x-inertia":["true"],"sec-ch-ua-mobile":["?0"],"x-requested-with":["XMLHttpRequest"],"user-agent":["Mozilla/5.0 (Windows NT 10.0; Win64; x64) AppleWebKit/537.36 (KHTML, like Gecko) Chrome/137.0.0.0 Safari/537.36 Edg/137.0.0.0"],"accept":["text/html, application/xhtml+xml"],"content-type":["application/json"],"origin":["http://127.0.0.1:8000"],"sec-fetch-site":["same-origin"],"sec-fetch-mode":["cors"],"sec-fetch-dest":["empty"],"referer":["http://127.0.0.1:8000/books/create"],"accept-encoding":["gzip, deflate, br, zstd"],"accept-language":["en-US,en;q=0.9,es-ES;q=0.8,es;q=0.7"],"cookie":["XSRF-TOKEN=eyJpdiI6IlMvNXRydDhuQTRzRjhuaFArN0VQRHc9PSIsInZhbHVlIjoiOC9hQ2MvZGF5S2piQVFLSndvTVF1RStPZiszUmlmdlBrVzdUMVd0SjNKNEpkSSs4b2Nvek5KTytVNDJxcDV2VXI4NXFXS1BtQW1vdVUzcjc2aGFrM1FMcjM4d0NmcG96U1Y4UllMbTN6NnpaNXBrUDI1d1FpU2R2Q1VpaTVpOGYiLCJtYWMiOiI2YTkxNTZlOThiMDdiODQ3NDdkNDkyYjRiMzJiYjA1MjhmMzk0NTE1NjRlYWQxNTg2NTk3YTMyMzhmMWI1YjU1IiwidGFnIjoiIn0%3D; practicasenphp_session=eyJpdiI6IlRlSHZFVEZUdmRUUWlpaHBrSlh6VlE9PSIsInZhbHVlIjoiaTVsYVhBV2h2dU9ISXh4djA1TXNhSUpONUVrYVk1N093NDdtd3BxeHpCL0I5T1pqVi9pOHNVNkhmZFRNeFhPL1RYcnU3UG5sRldpNk1Zc0JPWW04T1dRcW5EMUl0NnNLUWpzaUhsS0FYNzhVdmJkUW9ESklxRi9BRkU1Z3U5bXIiLCJtYWMiOiI5YWJlNmE4MzQzYWEyZGY0YmUwOGM3ODQ2NDZhNGQ3OWM0Mzc5MWIxZmM2NDQyYWIxNWQ1Nzc4Nzk1NzQ1MTI0IiwidGFnIjoiIn0%3D"]}} 
[2025-06-12 04:21:14] local.INFO: Validation passed {"nombre":"dd","fecha_publicacion":"2025-06-03","edicion":"e","authors":[1,2]} 
[2025-06-12 04:21:14] local.INFO: Book created {"book_id":9} 
[2025-06-12 04:21:14] local.INFO: Authors attached {"authors":[1,2]} 
[2025-06-12 04:32:50] local.INFO: AuthorController store() called {"method":"POST","all_data":{"nombre":"xx","apellido":"x","pais":"x"}} 
[2025-06-12 04:32:50] local.INFO: Validation passed {"nombre":"xx","apellido":"x","pais":"x"} 
[2025-06-12 04:32:51] local.INFO: Author created {"author_id":6} 
[2025-06-12 04:32:59] local.INFO: AuthorController update() called {"author_id":6,"all_data":{"nombre":"xx","apellido":"xw","pais":"x"}} 
[2025-06-12 04:32:59] local.INFO: Validation passed {"nombre":"xx","apellido":"xw","pais":"x"} 
[2025-06-12 04:32:59] local.INFO: Author updated {"author_id":6} 
[2025-06-12 04:33:31] local.INFO: BookController store() called {"method":"POST","all_data":{"nombre":"xa","fecha_publicacion":"2025-06-04","edicion":"ss","authors":[6,3]},"headers":{"host":["127.0.0.1:8001"],"connection":["keep-alive"],"content-length":["79"],"sec-ch-ua-platform":["\"Windows\""],"x-xsrf-token":["eyJpdiI6Illtam0zTFJYeHNFQWlydVNuYkZBdXc9PSIsInZhbHVlIjoiUjhqeFRtRWpuSXBMNVU2eUFWN2h2dmNXUTNqMWp3bDg1YlJqMUkwS3M4U2VqeVVwSGxDWWNaekpHR1FQaXdpRUFXUHRqVlR0WG5nS0svVE9lNEVIUlB6Zk1VZmNleTdYYzFIUnVKS0E0YVVHOVdwWHU3M2pyLzVOazFJVGgwRHciLCJtYWMiOiJjYjQwMDFlNDAwOWE4ZWEyNWI5NTU0NWY2MjEwNjAyZmE0ZWE0YTdjNmJmZDE3NmE5ZjA1M2VkYzkwYWViZDE1IiwidGFnIjoiIn0="],"x-inertia-version":["670428c1b8671d3e9cd12d9871d10721"],"sec-ch-ua":["\"Microsoft Edge\";v=\"137\", \"Chromium\";v=\"137\", \"Not/A)Brand\";v=\"24\""],"x-inertia":["true"],"sec-ch-ua-mobile":["?0"],"x-requested-with":["XMLHttpRequest"],"user-agent":["Mozilla/5.0 (Windows NT 10.0; Win64; x64) AppleWebKit/537.36 (KHTML, like Gecko) Chrome/137.0.0.0 Safari/537.36 Edg/137.0.0.0"],"accept":["text/html, application/xhtml+xml"],"content-type":["application/json"],"origin":["http://127.0.0.1:8001"],"sec-fetch-site":["same-origin"],"sec-fetch-mode":["cors"],"sec-fetch-dest":["empty"],"referer":["http://127.0.0.1:8001/books/create"],"accept-encoding":["gzip, deflate, br, zstd"],"accept-language":["en-US,en;q=0.9,es-ES;q=0.8,es;q=0.7"],"cookie":["XSRF-TOKEN=eyJpdiI6Illtam0zTFJYeHNFQWlydVNuYkZBdXc9PSIsInZhbHVlIjoiUjhqeFRtRWpuSXBMNVU2eUFWN2h2dmNXUTNqMWp3bDg1YlJqMUkwS3M4U2VqeVVwSGxDWWNaekpHR1FQaXdpRUFXUHRqVlR0WG5nS0svVE9lNEVIUlB6Zk1VZmNleTdYYzFIUnVKS0E0YVVHOVdwWHU3M2pyLzVOazFJVGgwRHciLCJtYWMiOiJjYjQwMDFlNDAwOWE4ZWEyNWI5NTU0NWY2MjEwNjAyZmE0ZWE0YTdjNmJmZDE3NmE5ZjA1M2VkYzkwYWViZDE1IiwidGFnIjoiIn0%3D; practicasenphp_session=eyJpdiI6IjBSZXVUMzNpRlB4UXBNRmN3STllUGc9PSIsInZhbHVlIjoiVWxTZWRoL09PNm1INFpCcXZZWkxKd0NNRVdVUEpiSnk2UFJMcWtzVEN0bGozdStZc3RTRzVNRnNSTnZNMWlQcWVNNGJ0ZGI1MXc0RjErMHAySStqRlVFZk1nVG05cW9paGl2c2tuemtsajgrTTBnZ0FUeWh2THdBSWFNaDV0WEkiLCJtYWMiOiJiMjY1NWEyMjkwYzY0OTgyOGUzOWYwZmE5YmQwYWU4MDc3MGJmNzU1ZDg3MDAxYWIzMmEzMGVmYzg0MWUzMjVkIiwidGFnIjoiIn0%3D"]}} 
[2025-06-12 04:33:31] local.INFO: Validation passed {"nombre":"xa","fecha_publicacion":"2025-06-04","edicion":"ss","authors":[6,3]} 
[2025-06-12 04:33:31] local.INFO: Book created {"book_id":10} 
[2025-06-12 04:33:31] local.INFO: Authors attached {"authors":[6,3]} 
[2025-06-12 04:33:39] local.INFO: AuthorController destroy() called {"author_id":6} 
[2025-06-12 04:33:39] local.INFO: Author deleted {"author_id":6} 
[2025-06-12 04:56:42] local.INFO: AuthorController store() called {"method":"POST","all_data":{"nombre":"s","apellido":"sd","pais":"República Dominicana"}} 
[2025-06-12 04:56:42] local.INFO: Validation passed {"nombre":"s","apellido":"sd","pais":"República Dominicana"} 
[2025-06-12 04:56:42] local.INFO: Author created {"author_id":8} 
[2025-06-12 04:56:48] local.INFO: AuthorController update() called {"author_id":8,"all_data":{"nombre":"sd","apellido":"sd","pais":"República Dominicana"}} 
[2025-06-12 04:56:48] local.INFO: Validation passed {"nombre":"sd","apellido":"sd","pais":"República Dominicana"} 
[2025-06-12 04:56:48] local.INFO: Author updated {"author_id":8} 
[2025-06-12 04:56:52] local.INFO: AuthorController destroy() called {"author_id":8} 
[2025-06-12 04:56:52] local.INFO: Author deleted {"author_id":8} 
